segment_path,source_filename,label,class_name,speaker_id,split,dataset,protocol
processed/train/FAKE/LA_T_1022551_segment_001.wav,LA_T_1022551.flac,1,FAKE,LA_0082,train,ASVspoof2019_LA,ASVspoof2019.LA.cm.train.trn.txt
processed/train/FAKE/LA_T_1022551_segment_002.wav,LA_T_1022551.flac,1,FAKE,LA_0082,train,ASVspoof2019_LA,ASVspoof2019.LA.cm.train.trn.txt
processed/train/FAKE/LA_T_1050944_segment_001.wav,LA_T_1050944.flac,1,FAKE,LA_0088,train,ASVspoof2019_LA,ASVspoof2019.LA.cm.train.trn.txt
processed/train/FAKE/LA_T_1050944_segment_002.wav,LA_T_1050944.flac,1,FAKE,LA_0088,train,ASVspoof2019_LA,ASVspoof2019.LA.cm.train.trn.txt
processed/train/FAKE/LA_T_1054206_segment_001.wav,LA_T_1054206.flac,1,FAKE,LA_0092,train,ASVspoof2019_LA,ASVspoof2019.LA.cm.train.trn.txt
processed/train/FAKE/LA_T_1067682_segment_001.wav,LA_T_1067682.flac,1,FAKE,LA_0098,train,ASVspoof2019_LA,ASVspoof2019.LA.cm.train.trn.txt
processed/train/FAKE/LA_T_1076210_segment_001.wav,LA_T_1076210.flac,1,FAKE,LA_0094,train,ASVspoof2019_LA,ASVspoof2019.LA.cm.train.trn.txt
processed/train/FAKE/LA_T_1120947_segment_001.wav,LA_T_1120947.flac,1,FAKE,LA_0087,train,ASVspoof2019_LA,ASVspoof2019.LA.cm.train.trn.txt
processed/train/FAKE/LA_T_1120947_segment_002.wav,LA_T_1120947.flac,1,FAKE,LA_0087,train,ASVspoof2019_LA,ASVspoof2019.LA.cm.train.trn.txt
processed/train/FAKE/LA_T_1129547_segment_001.wav,LA_T_1129547.flac,1,FAKE,LA_0091,train,ASVspoof2019_LA,ASVspoof2019.LA.cm.train.trn.txt
processed/train/FAKE/LA_T_1129547_segment_002.wav,LA_T_1129547.flac,1,FAKE,LA_0091,train,ASVspoof2019_LA,ASVspoof2019.LA.cm.train.trn.txt
processed/train/FAKE/LA_T_1147364_segment_001.wav,LA_T_1147364.flac,1,FAKE,LA_0087,train,ASVspoof2019_LA,ASVspoof2019.LA.cm.train.trn.txt
processed/train/FAKE/LA_T_1147364_segment_002.wav,LA_T_1147364.flac,1,FAKE,LA_0087,train,ASVspoof2019_LA,ASVspoof2019.LA.cm.train.trn.txt
processed/train/FAKE/LA_T_1171310_segment_001.wav,LA_T_1171310.flac,1,FAKE,LA_0091,train,ASVspoof2019_LA,ASVspoof2019.LA.cm.train.trn.txt
processed/train/FAKE/LA_T_1171310_segment_002.wav,LA_T_1171310.flac,1,FAKE,LA_0091,train,ASVspoof2019_LA,ASVspoof2019.LA.cm.train.trn.txt
processed/train/FAKE/LA_T_1181809_segment_001.wav,LA_T_1181809.flac,1,FAKE,LA_0080,train,ASVspoof2019_LA,ASVspoof2019.LA.cm.train.trn.txt
processed/train/FAKE/LA_T_1181809_segment_002.wav,LA_T_1181809.flac,1,FAKE,LA_0080,train,ASVspoof2019_LA,ASVspoof2019.LA.cm.train.trn.txt
processed/train/FAKE/LA_T_1188511_segment_001.wav,LA_T_1188511.flac,1,FAKE,LA_0083,train,ASVspoof2019_LA,ASVspoof2019.LA.cm.train.trn.txt
processed/train/FAKE/LA_T_1188511_segment_002.wav,LA_T_1188511.flac,1,FAKE,LA_0083,train,ASVspoof2019_LA,ASVspoof2019.LA.cm.train.trn.txt
processed/train/FAKE/LA_T_1217503_segment_001.wav,LA_T_1217503.flac,1,FAKE,LA_0090,train,ASVspoof2019_LA,ASVspoof2019.LA.cm.train.trn.txt
processed/train/FAKE/LA_T_1237547_segment_001.wav,LA_T_1237547.flac,1,FAKE,LA_0091,train,ASVspoof2019_LA,ASVspoof2019.LA.cm.train.trn.txt
processed/train/FAKE/LA_T_1237547_segment_002.wav,LA_T_1237547.flac,1,FAKE,LA_0091,train,ASVspoof2019_LA,ASVspoof2019.LA.cm.train.trn.txt
processed/train/FAKE/LA_T_1245548_segment_001.wav,LA_T_1245548.flac,1,FAKE,LA_0093,train,ASVspoof2019_LA,ASVspoof2019.LA.cm.train.trn.txt
processed/train/FAKE/LA_T_1246271_segment_001.wav,LA_T_1246271.flac,1,FAKE,LA_0093,train,ASVspoof2019_LA,ASVspoof2019.LA.cm.train.trn.txt
processed/train/FAKE/LA_T_1262557_segment_001.wav,LA_T_1262557.flac,1,FAKE,LA_0085,train,ASVspoof2019_LA,ASVspoof2019.LA.cm.train.trn.txt
processed/train/FAKE/LA_T_1277914_segment_001.wav,LA_T_1277914.flac,1,FAKE,LA_0082,train,ASVspoof2019_LA,ASVspoof2019.LA.cm.train.trn.txt
processed/train/FAKE/LA_T_1277914_segment_002.wav,LA_T_1277914.flac,1,FAKE,LA_0082,train,ASVspoof2019_LA,ASVspoof2019.LA.cm.train.trn.txt
processed/train/FAKE/LA_T_1308578_segment_001.wav,LA_T_1308578.flac,1,FAKE,LA_0086,train,ASVspoof2019_LA,ASVspoof2019.LA.cm.train.trn.txt
processed/train/FAKE/LA_T_1340352_segment_001.wav,LA_T_1340352.flac,1,FAKE,LA_0083,train,ASVspoof2019_LA,ASVspoof2019.LA.cm.train.trn.txt
processed/train/FAKE/LA_T_1343294_segment_001.wav,LA_T_1343294.flac,1,FAKE,LA_0081,train,ASVspoof2019_LA,ASVspoof2019.LA.cm.train.trn.txt
processed/train/FAKE/LA_T_1369550_segment_001.wav,LA_T_1369550.flac,1,FAKE,LA_0091,train,ASVspoof2019_LA,ASVspoof2019.LA.cm.train.trn.txt
processed/train/FAKE/LA_T_1369550_segment_002.wav,LA_T_1369550.flac,1,FAKE,LA_0091,train,ASVspoof2019_LA,ASVspoof2019.LA.cm.train.trn.txt
processed/train/FAKE/LA_T_1385141_segment_001.wav,LA_T_1385141.flac,1,FAKE,LA_0092,train,ASVspoof2019_LA,ASVspoof2019.LA.cm.train.trn.txt
processed/train/FAKE/LA_T_1399443_segment_001.wav,LA_T_1399443.flac,1,FAKE,LA_0085,train,ASVspoof2019_LA,ASVspoof2019.LA.cm.train.trn.txt
processed/train/FAKE/LA_T_1464847_segment_001.wav,LA_T_1464847.flac,1,FAKE,LA_0079,train,ASVspoof2019_LA,ASVspoof2019.LA.cm.train.trn.txt
processed/train/FAKE/LA_T_1464847_segment_002.wav,LA_T_1464847.flac,1,FAKE,LA_0079,train,ASVspoof2019_LA,ASVspoof2019.LA.cm.train.trn.txt
processed/train/FAKE/LA_T_1471299_segment_001.wav,LA_T_1471299.flac,1,FAKE,LA_0094,train,ASVspoof2019_LA,ASVspoof2019.LA.cm.train.trn.txt
processed/train/FAKE/LA_T_1471299_segment_002.wav,LA_T_1471299.flac,1,FAKE,LA_0094,train,ASVspoof2019_LA,ASVspoof2019.LA.cm.train.trn.txt
processed/train/FAKE/LA_T_1471299_segment_003.wav,LA_T_1471299.flac,1,FAKE,LA_0094,train,ASVspoof2019_LA,ASVspoof2019.LA.cm.train.trn.txt
processed/train/FAKE/LA_T_1502748_segment_001.wav,LA_T_1502748.flac,1,FAKE,LA_0091,train,ASVspoof2019_LA,ASVspoof2019.LA.cm.train.trn.txt
processed/train/FAKE/LA_T_1502748_segment_002.wav,LA_T_1502748.flac,1,FAKE,LA_0091,train,ASVspoof2019_LA,ASVspoof2019.LA.cm.train.trn.txt
processed/train/FAKE/LA_T_1508822_segment_001.wav,LA_T_1508822.flac,1,FAKE,LA_0091,train,ASVspoof2019_LA,ASVspoof2019.LA.cm.train.trn.txt
processed/train/FAKE/LA_T_1531219_segment_001.wav,LA_T_1531219.flac,1,FAKE,LA_0091,train,ASVspoof2019_LA,ASVspoof2019.LA.cm.train.trn.txt
processed/train/FAKE/LA_T_1531219_segment_002.wav,LA_T_1531219.flac,1,FAKE,LA_0091,train,ASVspoof2019_LA,ASVspoof2019.LA.cm.train.trn.txt
processed/train/FAKE/LA_T_1544826_segment_001.wav,LA_T_1544826.flac,1,FAKE,LA_0095,train,ASVspoof2019_LA,ASVspoof2019.LA.cm.train.trn.txt
processed/train/FAKE/LA_T_1576797_segment_001.wav,LA_T_1576797.flac,1,FAKE,LA_0081,train,ASVspoof2019_LA,ASVspoof2019.LA.cm.train.trn.txt
processed/train/FAKE/LA_T_1576797_segment_002.wav,LA_T_1576797.flac,1,FAKE,LA_0081,train,ASVspoof2019_LA,ASVspoof2019.LA.cm.train.trn.txt
processed/train/FAKE/LA_T_1582558_segment_001.wav,LA_T_1582558.flac,1,FAKE,LA_0079,train,ASVspoof2019_LA,ASVspoof2019.LA.cm.train.trn.txt
processed/train/FAKE/LA_T_1582558_segment_002.wav,LA_T_1582558.flac,1,FAKE,LA_0079,train,ASVspoof2019_LA,ASVspoof2019.LA.cm.train.trn.txt
processed/train/FAKE/LA_T_1584771_segment_001.wav,LA_T_1584771.flac,1,FAKE,LA_0098,train,ASVspoof2019_LA,ASVspoof2019.LA.cm.train.trn.txt
processed/train/FAKE/LA_T_1591483_segment_001.wav,LA_T_1591483.flac,1,FAKE,LA_0082,train,ASVspoof2019_LA,ASVspoof2019.LA.cm.train.trn.txt
processed/train/FAKE/LA_T_1603993_segment_001.wav,LA_T_1603993.flac,1,FAKE,LA_0094,train,ASVspoof2019_LA,ASVspoof2019.LA.cm.train.trn.txt
processed/train/FAKE/LA_T_1603993_segment_002.wav,LA_T_1603993.flac,1,FAKE,LA_0094,train,ASVspoof2019_LA,ASVspoof2019.LA.cm.train.trn.txt
processed/train/FAKE/LA_T_1620975_segment_001.wav,LA_T_1620975.flac,1,FAKE,LA_0088,train,ASVspoof2019_LA,ASVspoof2019.LA.cm.train.trn.txt
processed/train/FAKE/LA_T_1628509_segment_001.wav,LA_T_1628509.flac,1,FAKE,LA_0096,train,ASVspoof2019_LA,ASVspoof2019.LA.cm.train.trn.txt
processed/train/FAKE/LA_T_1631270_segment_001.wav,LA_T_1631270.flac,1,FAKE,LA_0095,train,ASVspoof2019_LA,ASVspoof2019.LA.cm.train.trn.txt
processed/train/FAKE/LA_T_1645264_segment_001.wav,LA_T_1645264.flac,1,FAKE,LA_0094,train,ASVspoof2019_LA,ASVspoof2019.LA.cm.train.trn.txt
processed/train/FAKE/LA_T_1663364_segment_001.wav,LA_T_1663364.flac,1,FAKE,LA_0088,train,ASVspoof2019_LA,ASVspoof2019.LA.cm.train.trn.txt
processed/train/FAKE/LA_T_1663364_segment_002.wav,LA_T_1663364.flac,1,FAKE,LA_0088,train,ASVspoof2019_LA,ASVspoof2019.LA.cm.train.trn.txt
processed/train/FAKE/LA_T_1672733_segment_001.wav,LA_T_1672733.flac,1,FAKE,LA_0091,train,ASVspoof2019_LA,ASVspoof2019.LA.cm.train.trn.txt
processed/train/FAKE/LA_T_1672733_segment_002.wav,LA_T_1672733.flac,1,FAKE,LA_0091,train,ASVspoof2019_LA,ASVspoof2019.LA.cm.train.trn.txt
processed/train/FAKE/LA_T_1691041_segment_001.wav,LA_T_1691041.flac,1,FAKE,LA_0080,train,ASVspoof2019_LA,ASVspoof2019.LA.cm.train.trn.txt
processed/train/FAKE/LA_T_1711356_segment_001.wav,LA_T_1711356.flac,1,FAKE,LA_0090,train,ASVspoof2019_LA,ASVspoof2019.LA.cm.train.trn.txt
processed/train/FAKE/LA_T_1711356_segment_002.wav,LA_T_1711356.flac,1,FAKE,LA_0090,train,ASVspoof2019_LA,ASVspoof2019.LA.cm.train.trn.txt
processed/train/FAKE/LA_T_1736329_segment_001.wav,LA_T_1736329.flac,1,FAKE,LA_0080,train,ASVspoof2019_LA,ASVspoof2019.LA.cm.train.trn.txt
processed/train/FAKE/LA_T_1751057_segment_001.wav,LA_T_1751057.flac,1,FAKE,LA_0089,train,ASVspoof2019_LA,ASVspoof2019.LA.cm.train.trn.txt
processed/train/FAKE/LA_T_1812468_segment_001.wav,LA_T_1812468.flac,1,FAKE,LA_0091,train,ASVspoof2019_LA,ASVspoof2019.LA.cm.train.trn.txt
processed/train/FAKE/LA_T_1812468_segment_002.wav,LA_T_1812468.flac,1,FAKE,LA_0091,train,ASVspoof2019_LA,ASVspoof2019.LA.cm.train.trn.txt
processed/train/FAKE/LA_T_1839608_segment_001.wav,LA_T_1839608.flac,1,FAKE,LA_0096,train,ASVspoof2019_LA,ASVspoof2019.LA.cm.train.trn.txt
processed/train/FAKE/LA_T_1839608_segment_002.wav,LA_T_1839608.flac,1,FAKE,LA_0096,train,ASVspoof2019_LA,ASVspoof2019.LA.cm.train.trn.txt
processed/train/FAKE/LA_T_1888093_segment_001.wav,LA_T_1888093.flac,1,FAKE,LA_0081,train,ASVspoof2019_LA,ASVspoof2019.LA.cm.train.trn.txt
processed/train/FAKE/LA_T_1888093_segment_002.wav,LA_T_1888093.flac,1,FAKE,LA_0081,train,ASVspoof2019_LA,ASVspoof2019.LA.cm.train.trn.txt
processed/train/FAKE/LA_T_1890316_segment_001.wav,LA_T_1890316.flac,1,FAKE,LA_0083,train,ASVspoof2019_LA,ASVspoof2019.LA.cm.train.trn.txt
processed/train/FAKE/LA_T_1890316_segment_002.wav,LA_T_1890316.flac,1,FAKE,LA_0083,train,ASVspoof2019_LA,ASVspoof2019.LA.cm.train.trn.txt
processed/train/FAKE/LA_T_1926605_segment_001.wav,LA_T_1926605.flac,1,FAKE,LA_0090,train,ASVspoof2019_LA,ASVspoof2019.LA.cm.train.trn.txt
processed/train/FAKE/LA_T_1929428_segment_001.wav,LA_T_1929428.flac,1,FAKE,LA_0097,train,ASVspoof2019_LA,ASVspoof2019.LA.cm.train.trn.txt
processed/train/FAKE/LA_T_1929428_segment_002.wav,LA_T_1929428.flac,1,FAKE,LA_0097,train,ASVspoof2019_LA,ASVspoof2019.LA.cm.train.trn.txt
processed/train/FAKE/LA_T_1929428_segment_003.wav,LA_T_1929428.flac,1,FAKE,LA_0097,train,ASVspoof2019_LA,ASVspoof2019.LA.cm.train.trn.txt
processed/train/FAKE/LA_T_1932998_segment_001.wav,LA_T_1932998.flac,1,FAKE,LA_0096,train,ASVspoof2019_LA,ASVspoof2019.LA.cm.train.trn.txt
processed/train/FAKE/LA_T_1957538_segment_001.wav,LA_T_1957538.flac,1,FAKE,LA_0087,train,ASVspoof2019_LA,ASVspoof2019.LA.cm.train.trn.txt
processed/train/FAKE/LA_T_1975290_segment_001.wav,LA_T_1975290.flac,1,FAKE,LA_0094,train,ASVspoof2019_LA,ASVspoof2019.LA.cm.train.trn.txt
processed/train/FAKE/LA_T_1987048_segment_001.wav,LA_T_1987048.flac,1,FAKE,LA_0090,train,ASVspoof2019_LA,ASVspoof2019.LA.cm.train.trn.txt
processed/train/FAKE/LA_T_1987048_segment_002.wav,LA_T_1987048.flac,1,FAKE,LA_0090,train,ASVspoof2019_LA,ASVspoof2019.LA.cm.train.trn.txt
processed/train/FAKE/LA_T_1998317_segment_001.wav,LA_T_1998317.flac,1,FAKE,LA_0093,train,ASVspoof2019_LA,ASVspoof2019.LA.cm.train.trn.txt
processed/train/FAKE/LA_T_2002097_segment_001.wav,LA_T_2002097.flac,1,FAKE,LA_0083,train,ASVspoof2019_LA,ASVspoof2019.LA.cm.train.trn.txt
processed/train/FAKE/LA_T_2021613_segment_001.wav,LA_T_2021613.flac,1,FAKE,LA_0088,train,ASVspoof2019_LA,ASVspoof2019.LA.cm.train.trn.txt
processed/train/FAKE/LA_T_2021613_segment_002.wav,LA_T_2021613.flac,1,FAKE,LA_0088,train,ASVspoof2019_LA,ASVspoof2019.LA.cm.train.trn.txt
processed/train/FAKE/LA_T_2040701_segment_001.wav,LA_T_2040701.flac,1,FAKE,LA_0092,train,ASVspoof2019_LA,ASVspoof2019.LA.cm.train.trn.txt
processed/train/FAKE/LA_T_2040701_segment_002.wav,LA_T_2040701.flac,1,FAKE,LA_0092,train,ASVspoof2019_LA,ASVspoof2019.LA.cm.train.trn.txt
processed/train/FAKE/LA_T_2050961_segment_001.wav,LA_T_2050961.flac,1,FAKE,LA_0089,train,ASVspoof2019_LA,ASVspoof2019.LA.cm.train.trn.txt
processed/train/FAKE/LA_T_2053735_segment_001.wav,LA_T_2053735.flac,1,FAKE,LA_0096,train,ASVspoof2019_LA,ASVspoof2019.LA.cm.train.trn.txt
processed/train/FAKE/LA_T_2053991_segment_001.wav,LA_T_2053991.flac,1,FAKE,LA_0080,train,ASVspoof2019_LA,ASVspoof2019.LA.cm.train.trn.txt
processed/train/FAKE/LA_T_2059418_segment_001.wav,LA_T_2059418.flac,1,FAKE,LA_0087,train,ASVspoof2019_LA,ASVspoof2019.LA.cm.train.trn.txt
processed/train/FAKE/LA_T_2084488_segment_001.wav,LA_T_2084488.flac,1,FAKE,LA_0085,train,ASVspoof2019_LA,ASVspoof2019.LA.cm.train.trn.txt
processed/train/FAKE/LA_T_2163520_segment_001.wav,LA_T_2163520.flac,1,FAKE,LA_0088,train,ASVspoof2019_LA,ASVspoof2019.LA.cm.train.trn.txt
processed/train/FAKE/LA_T_2163520_segment_002.wav,LA_T_2163520.flac,1,FAKE,LA_0088,train,ASVspoof2019_LA,ASVspoof2019.LA.cm.train.trn.txt
processed/train/FAKE/LA_T_2176073_segment_001.wav,LA_T_2176073.flac,1,FAKE,LA_0084,train,ASVspoof2019_LA,ASVspoof2019.LA.cm.train.trn.txt
processed/train/FAKE/LA_T_2176073_segment_002.wav,LA_T_2176073.flac,1,FAKE,LA_0084,train,ASVspoof2019_LA,ASVspoof2019.LA.cm.train.trn.txt
processed/train/FAKE/LA_T_2179758_segment_001.wav,LA_T_2179758.flac,1,FAKE,LA_0082,train,ASVspoof2019_LA,ASVspoof2019.LA.cm.train.trn.txt
processed/train/FAKE/LA_T_2191824_segment_001.wav,LA_T_2191824.flac,1,FAKE,LA_0085,train,ASVspoof2019_LA,ASVspoof2019.LA.cm.train.trn.txt
processed/train/FAKE/LA_T_2191824_segment_002.wav,LA_T_2191824.flac,1,FAKE,LA_0085,train,ASVspoof2019_LA,ASVspoof2019.LA.cm.train.trn.txt
processed/train/FAKE/LA_T_2207082_segment_001.wav,LA_T_2207082.flac,1,FAKE,LA_0082,train,ASVspoof2019_LA,ASVspoof2019.LA.cm.train.trn.txt
processed/train/FAKE/LA_T_2216491_segment_001.wav,LA_T_2216491.flac,1,FAKE,LA_0088,train,ASVspoof2019_LA,ASVspoof2019.LA.cm.train.trn.txt
processed/train/FAKE/LA_T_2233012_segment_001.wav,LA_T_2233012.flac,1,FAKE,LA_0086,train,ASVspoof2019_LA,ASVspoof2019.LA.cm.train.trn.txt
processed/train/FAKE/LA_T_2237022_segment_001.wav,LA_T_2237022.flac,1,FAKE,LA_0098,train,ASVspoof2019_LA,ASVspoof2019.LA.cm.train.trn.txt
processed/train/FAKE/LA_T_2237022_segment_002.wav,LA_T_2237022.flac,1,FAKE,LA_0098,train,ASVspoof2019_LA,ASVspoof2019.LA.cm.train.trn.txt
processed/train/FAKE/LA_T_2241857_segment_001.wav,LA_T_2241857.flac,1,FAKE,LA_0084,train,ASVspoof2019_LA,ASVspoof2019.LA.cm.train.trn.txt
processed/train/FAKE/LA_T_2265176_segment_001.wav,LA_T_2265176.flac,1,FAKE,LA_0096,train,ASVspoof2019_LA,ASVspoof2019.LA.cm.train.trn.txt
processed/train/FAKE/LA_T_2294805_segment_001.wav,LA_T_2294805.flac,1,FAKE,LA_0080,train,ASVspoof2019_LA,ASVspoof2019.LA.cm.train.trn.txt
processed/train/FAKE/LA_T_2299166_segment_001.wav,LA_T_2299166.flac,1,FAKE,LA_0080,train,ASVspoof2019_LA,ASVspoof2019.LA.cm.train.trn.txt
processed/train/FAKE/LA_T_2307363_segment_001.wav,LA_T_2307363.flac,1,FAKE,LA_0092,train,ASVspoof2019_LA,ASVspoof2019.LA.cm.train.trn.txt
processed/train/FAKE/LA_T_2335971_segment_001.wav,LA_T_2335971.flac,1,FAKE,LA_0094,train,ASVspoof2019_LA,ASVspoof2019.LA.cm.train.trn.txt
processed/train/FAKE/LA_T_2338435_segment_001.wav,LA_T_2338435.flac,1,FAKE,LA_0079,train,ASVspoof2019_LA,ASVspoof2019.LA.cm.train.trn.txt
processed/train/FAKE/LA_T_2338896_segment_001.wav,LA_T_2338896.flac,1,FAKE,LA_0090,train,ASVspoof2019_LA,ASVspoof2019.LA.cm.train.trn.txt
processed/train/FAKE/LA_T_2367440_segment_001.wav,LA_T_2367440.flac,1,FAKE,LA_0088,train,ASVspoof2019_LA,ASVspoof2019.LA.cm.train.trn.txt
processed/train/FAKE/LA_T_2369027_segment_001.wav,LA_T_2369027.flac,1,FAKE,LA_0087,train,ASVspoof2019_LA,ASVspoof2019.LA.cm.train.trn.txt
processed/train/FAKE/LA_T_2392145_segment_001.wav,LA_T_2392145.flac,1,FAKE,LA_0094,train,ASVspoof2019_LA,ASVspoof2019.LA.cm.train.trn.txt
processed/train/FAKE/LA_T_2421094_segment_001.wav,LA_T_2421094.flac,1,FAKE,LA_0095,train,ASVspoof2019_LA,ASVspoof2019.LA.cm.train.trn.txt
processed/train/FAKE/LA_T_2445227_segment_001.wav,LA_T_2445227.flac,1,FAKE,LA_0090,train,ASVspoof2019_LA,ASVspoof2019.LA.cm.train.trn.txt
processed/train/FAKE/LA_T_2457545_segment_001.wav,LA_T_2457545.flac,1,FAKE,LA_0092,train,ASVspoof2019_LA,ASVspoof2019.LA.cm.train.trn.txt
processed/train/FAKE/LA_T_2462718_segment_001.wav,LA_T_2462718.flac,1,FAKE,LA_0091,train,ASVspoof2019_LA,ASVspoof2019.LA.cm.train.trn.txt
processed/train/FAKE/LA_T_2462718_segment_002.wav,LA_T_2462718.flac,1,FAKE,LA_0091,train,ASVspoof2019_LA,ASVspoof2019.LA.cm.train.trn.txt
processed/train/FAKE/LA_T_2479041_segment_001.wav,LA_T_2479041.flac,1,FAKE,LA_0081,train,ASVspoof2019_LA,ASVspoof2019.LA.cm.train.trn.txt
processed/train/FAKE/LA_T_2479838_segment_001.wav,LA_T_2479838.flac,1,FAKE,LA_0096,train,ASVspoof2019_LA,ASVspoof2019.LA.cm.train.trn.txt
processed/train/FAKE/LA_T_2479838_segment_002.wav,LA_T_2479838.flac,1,FAKE,LA_0096,train,ASVspoof2019_LA,ASVspoof2019.LA.cm.train.trn.txt
processed/train/FAKE/LA_T_2483718_segment_001.wav,LA_T_2483718.flac,1,FAKE,LA_0090,train,ASVspoof2019_LA,ASVspoof2019.LA.cm.train.trn.txt
processed/train/FAKE/LA_T_2494214_segment_001.wav,LA_T_2494214.flac,1,FAKE,LA_0082,train,ASVspoof2019_LA,ASVspoof2019.LA.cm.train.trn.txt
processed/train/FAKE/LA_T_2494214_segment_002.wav,LA_T_2494214.flac,1,FAKE,LA_0082,train,ASVspoof2019_LA,ASVspoof2019.LA.cm.train.trn.txt
processed/train/FAKE/LA_T_2537113_segment_001.wav,LA_T_2537113.flac,1,FAKE,LA_0094,train,ASVspoof2019_LA,ASVspoof2019.LA.cm.train.trn.txt
processed/train/FAKE/LA_T_2555512_segment_001.wav,LA_T_2555512.flac,1,FAKE,LA_0089,train,ASVspoof2019_LA,ASVspoof2019.LA.cm.train.trn.txt
processed/train/FAKE/LA_T_2555512_segment_002.wav,LA_T_2555512.flac,1,FAKE,LA_0089,train,ASVspoof2019_LA,ASVspoof2019.LA.cm.train.trn.txt
processed/train/FAKE/LA_T_2582329_segment_001.wav,LA_T_2582329.flac,1,FAKE,LA_0084,train,ASVspoof2019_LA,ASVspoof2019.LA.cm.train.trn.txt
processed/train/FAKE/LA_T_2602343_segment_001.wav,LA_T_2602343.flac,1,FAKE,LA_0089,train,ASVspoof2019_LA,ASVspoof2019.LA.cm.train.trn.txt
processed/train/FAKE/LA_T_2618857_segment_001.wav,LA_T_2618857.flac,1,FAKE,LA_0093,train,ASVspoof2019_LA,ASVspoof2019.LA.cm.train.trn.txt
processed/train/FAKE/LA_T_2629834_segment_001.wav,LA_T_2629834.flac,1,FAKE,LA_0096,train,ASVspoof2019_LA,ASVspoof2019.LA.cm.train.trn.txt
processed/train/FAKE/LA_T_2629834_segment_002.wav,LA_T_2629834.flac,1,FAKE,LA_0096,train,ASVspoof2019_LA,ASVspoof2019.LA.cm.train.trn.txt
processed/train/FAKE/LA_T_2636033_segment_001.wav,LA_T_2636033.flac,1,FAKE,LA_0081,train,ASVspoof2019_LA,ASVspoof2019.LA.cm.train.trn.txt
processed/train/FAKE/LA_T_2636033_segment_002.wav,LA_T_2636033.flac,1,FAKE,LA_0081,train,ASVspoof2019_LA,ASVspoof2019.LA.cm.train.trn.txt
processed/train/FAKE/LA_T_2653747_segment_001.wav,LA_T_2653747.flac,1,FAKE,LA_0089,train,ASVspoof2019_LA,ASVspoof2019.LA.cm.train.trn.txt
processed/train/FAKE/LA_T_2653747_segment_002.wav,LA_T_2653747.flac,1,FAKE,LA_0089,train,ASVspoof2019_LA,ASVspoof2019.LA.cm.train.trn.txt
processed/train/FAKE/LA_T_2667116_segment_001.wav,LA_T_2667116.flac,1,FAKE,LA_0093,train,ASVspoof2019_LA,ASVspoof2019.LA.cm.train.trn.txt
processed/train/FAKE/LA_T_2673155_segment_001.wav,LA_T_2673155.flac,1,FAKE,LA_0081,train,ASVspoof2019_LA,ASVspoof2019.LA.cm.train.trn.txt
processed/train/FAKE/LA_T_2673155_segment_002.wav,LA_T_2673155.flac,1,FAKE,LA_0081,train,ASVspoof2019_LA,ASVspoof2019.LA.cm.train.trn.txt
processed/train/FAKE/LA_T_2689576_segment_001.wav,LA_T_2689576.flac,1,FAKE,LA_0084,train,ASVspoof2019_LA,ASVspoof2019.LA.cm.train.trn.txt
processed/train/FAKE/LA_T_2689576_segment_002.wav,LA_T_2689576.flac,1,FAKE,LA_0084,train,ASVspoof2019_LA,ASVspoof2019.LA.cm.train.trn.txt
processed/train/FAKE/LA_T_2703655_segment_001.wav,LA_T_2703655.flac,1,FAKE,LA_0091,train,ASVspoof2019_LA,ASVspoof2019.LA.cm.train.trn.txt
processed/train/FAKE/LA_T_2735137_segment_001.wav,LA_T_2735137.flac,1,FAKE,LA_0086,train,ASVspoof2019_LA,ASVspoof2019.LA.cm.train.trn.txt
processed/train/FAKE/LA_T_2773317_segment_001.wav,LA_T_2773317.flac,1,FAKE,LA_0096,train,ASVspoof2019_LA,ASVspoof2019.LA.cm.train.trn.txt
processed/train/FAKE/LA_T_2788845_segment_001.wav,LA_T_2788845.flac,1,FAKE,LA_0091,train,ASVspoof2019_LA,ASVspoof2019.LA.cm.train.trn.txt
processed/train/FAKE/LA_T_2788845_segment_002.wav,LA_T_2788845.flac,1,FAKE,LA_0091,train,ASVspoof2019_LA,ASVspoof2019.LA.cm.train.trn.txt
processed/train/FAKE/LA_T_2789947_segment_001.wav,LA_T_2789947.flac,1,FAKE,LA_0097,train,ASVspoof2019_LA,ASVspoof2019.LA.cm.train.trn.txt
processed/train/FAKE/LA_T_2789947_segment_002.wav,LA_T_2789947.flac,1,FAKE,LA_0097,train,ASVspoof2019_LA,ASVspoof2019.LA.cm.train.trn.txt
processed/train/FAKE/LA_T_2803206_segment_001.wav,LA_T_2803206.flac,1,FAKE,LA_0082,train,ASVspoof2019_LA,ASVspoof2019.LA.cm.train.trn.txt
processed/train/FAKE/LA_T_2803206_segment_002.wav,LA_T_2803206.flac,1,FAKE,LA_0082,train,ASVspoof2019_LA,ASVspoof2019.LA.cm.train.trn.txt
processed/train/FAKE/LA_T_2825698_segment_001.wav,LA_T_2825698.flac,1,FAKE,LA_0093,train,ASVspoof2019_LA,ASVspoof2019.LA.cm.train.trn.txt
processed/train/FAKE/LA_T_2843687_segment_001.wav,LA_T_2843687.flac,1,FAKE,LA_0098,train,ASVspoof2019_LA,ASVspoof2019.LA.cm.train.trn.txt
processed/train/FAKE/LA_T_2843687_segment_002.wav,LA_T_2843687.flac,1,FAKE,LA_0098,train,ASVspoof2019_LA,ASVspoof2019.LA.cm.train.trn.txt
processed/train/FAKE/LA_T_2850612_segment_001.wav,LA_T_2850612.flac,1,FAKE,LA_0091,train,ASVspoof2019_LA,ASVspoof2019.LA.cm.train.trn.txt
processed/train/FAKE/LA_T_2923512_segment_001.wav,LA_T_2923512.flac,1,FAKE,LA_0089,train,ASVspoof2019_LA,ASVspoof2019.LA.cm.train.trn.txt
processed/train/FAKE/LA_T_2942946_segment_001.wav,LA_T_2942946.flac,1,FAKE,LA_0092,train,ASVspoof2019_LA,ASVspoof2019.LA.cm.train.trn.txt
processed/train/FAKE/LA_T_2977629_segment_001.wav,LA_T_2977629.flac,1,FAKE,LA_0085,train,ASVspoof2019_LA,ASVspoof2019.LA.cm.train.trn.txt
processed/train/FAKE/LA_T_2977629_segment_002.wav,LA_T_2977629.flac,1,FAKE,LA_0085,train,ASVspoof2019_LA,ASVspoof2019.LA.cm.train.trn.txt
processed/train/FAKE/LA_T_2999094_segment_001.wav,LA_T_2999094.flac,1,FAKE,LA_0092,train,ASVspoof2019_LA,ASVspoof2019.LA.cm.train.trn.txt
processed/train/FAKE/LA_T_2999094_segment_002.wav,LA_T_2999094.flac,1,FAKE,LA_0092,train,ASVspoof2019_LA,ASVspoof2019.LA.cm.train.trn.txt
processed/train/FAKE/LA_T_3002359_segment_001.wav,LA_T_3002359.flac,1,FAKE,LA_0086,train,ASVspoof2019_LA,ASVspoof2019.LA.cm.train.trn.txt
processed/train/FAKE/LA_T_3002359_segment_002.wav,LA_T_3002359.flac,1,FAKE,LA_0086,train,ASVspoof2019_LA,ASVspoof2019.LA.cm.train.trn.txt
processed/train/FAKE/LA_T_3011280_segment_001.wav,LA_T_3011280.flac,1,FAKE,LA_0080,train,ASVspoof2019_LA,ASVspoof2019.LA.cm.train.trn.txt
processed/train/FAKE/LA_T_3011280_segment_002.wav,LA_T_3011280.flac,1,FAKE,LA_0080,train,ASVspoof2019_LA,ASVspoof2019.LA.cm.train.trn.txt
processed/train/FAKE/LA_T_3042376_segment_001.wav,LA_T_3042376.flac,1,FAKE,LA_0091,train,ASVspoof2019_LA,ASVspoof2019.LA.cm.train.trn.txt
processed/train/FAKE/LA_T_3042528_segment_001.wav,LA_T_3042528.flac,1,FAKE,LA_0097,train,ASVspoof2019_LA,ASVspoof2019.LA.cm.train.trn.txt
processed/train/FAKE/LA_T_3042528_segment_002.wav,LA_T_3042528.flac,1,FAKE,LA_0097,train,ASVspoof2019_LA,ASVspoof2019.LA.cm.train.trn.txt
processed/train/FAKE/LA_T_3054838_segment_001.wav,LA_T_3054838.flac,1,FAKE,LA_0082,train,ASVspoof2019_LA,ASVspoof2019.LA.cm.train.trn.txt
processed/train/FAKE/LA_T_3132165_segment_001.wav,LA_T_3132165.flac,1,FAKE,LA_0082,train,ASVspoof2019_LA,ASVspoof2019.LA.cm.train.trn.txt
processed/train/FAKE/LA_T_3132165_segment_002.wav,LA_T_3132165.flac,1,FAKE,LA_0082,train,ASVspoof2019_LA,ASVspoof2019.LA.cm.train.trn.txt
processed/train/FAKE/LA_T_3167562_segment_001.wav,LA_T_3167562.flac,1,FAKE,LA_0083,train,ASVspoof2019_LA,ASVspoof2019.LA.cm.train.trn.txt
processed/train/FAKE/LA_T_3188096_segment_001.wav,LA_T_3188096.flac,1,FAKE,LA_0098,train,ASVspoof2019_LA,ASVspoof2019.LA.cm.train.trn.txt
processed/train/FAKE/LA_T_3188096_segment_002.wav,LA_T_3188096.flac,1,FAKE,LA_0098,train,ASVspoof2019_LA,ASVspoof2019.LA.cm.train.trn.txt
processed/train/FAKE/LA_T_3192467_segment_001.wav,LA_T_3192467.flac,1,FAKE,LA_0087,train,ASVspoof2019_LA,ASVspoof2019.LA.cm.train.trn.txt
processed/train/FAKE/LA_T_3241481_segment_001.wav,LA_T_3241481.flac,1,FAKE,LA_0097,train,ASVspoof2019_LA,ASVspoof2019.LA.cm.train.trn.txt
processed/train/FAKE/LA_T_3241481_segment_002.wav,LA_T_3241481.flac,1,FAKE,LA_0097,train,ASVspoof2019_LA,ASVspoof2019.LA.cm.train.trn.txt
processed/train/FAKE/LA_T_3247320_segment_001.wav,LA_T_3247320.flac,1,FAKE,LA_0089,train,ASVspoof2019_LA,ASVspoof2019.LA.cm.train.trn.txt
processed/train/FAKE/LA_T_3263112_segment_001.wav,LA_T_3263112.flac,1,FAKE,LA_0082,train,ASVspoof2019_LA,ASVspoof2019.LA.cm.train.trn.txt
processed/train/FAKE/LA_T_3263112_segment_002.wav,LA_T_3263112.flac,1,FAKE,LA_0082,train,ASVspoof2019_LA,ASVspoof2019.LA.cm.train.trn.txt
processed/train/FAKE/LA_T_3287677_segment_001.wav,LA_T_3287677.flac,1,FAKE,LA_0083,train,ASVspoof2019_LA,ASVspoof2019.LA.cm.train.trn.txt
processed/train/FAKE/LA_T_3287677_segment_002.wav,LA_T_3287677.flac,1,FAKE,LA_0083,train,ASVspoof2019_LA,ASVspoof2019.LA.cm.train.trn.txt
processed/train/FAKE/LA_T_3303089_segment_001.wav,LA_T_3303089.flac,1,FAKE,LA_0091,train,ASVspoof2019_LA,ASVspoof2019.LA.cm.train.trn.txt
processed/train/FAKE/LA_T_3310413_segment_001.wav,LA_T_3310413.flac,1,FAKE,LA_0080,train,ASVspoof2019_LA,ASVspoof2019.LA.cm.train.trn.txt
processed/train/FAKE/LA_T_3323910_segment_001.wav,LA_T_3323910.flac,1,FAKE,LA_0083,train,ASVspoof2019_LA,ASVspoof2019.LA.cm.train.trn.txt
processed/train/FAKE/LA_T_3323910_segment_002.wav,LA_T_3323910.flac,1,FAKE,LA_0083,train,ASVspoof2019_LA,ASVspoof2019.LA.cm.train.trn.txt
processed/train/FAKE/LA_T_3324120_segment_001.wav,LA_T_3324120.flac,1,FAKE,LA_0097,train,ASVspoof2019_LA,ASVspoof2019.LA.cm.train.trn.txt
processed/train/FAKE/LA_T_3324120_segment_002.wav,LA_T_3324120.flac,1,FAKE,LA_0097,train,ASVspoof2019_LA,ASVspoof2019.LA.cm.train.trn.txt
processed/train/FAKE/LA_T_3339466_segment_001.wav,LA_T_3339466.flac,1,FAKE,LA_0091,train,ASVspoof2019_LA,ASVspoof2019.LA.cm.train.trn.txt
processed/train/FAKE/LA_T_3339466_segment_002.wav,LA_T_3339466.flac,1,FAKE,LA_0091,train,ASVspoof2019_LA,ASVspoof2019.LA.cm.train.trn.txt
processed/train/FAKE/LA_T_3349312_segment_001.wav,LA_T_3349312.flac,1,FAKE,LA_0093,train,ASVspoof2019_LA,ASVspoof2019.LA.cm.train.trn.txt
processed/train/FAKE/LA_T_3349312_segment_002.wav,LA_T_3349312.flac,1,FAKE,LA_0093,train,ASVspoof2019_LA,ASVspoof2019.LA.cm.train.trn.txt
processed/train/FAKE/LA_T_3366076_segment_001.wav,LA_T_3366076.flac,1,FAKE,LA_0079,train,ASVspoof2019_LA,ASVspoof2019.LA.cm.train.trn.txt
processed/train/FAKE/LA_T_3419326_segment_001.wav,LA_T_3419326.flac,1,FAKE,LA_0096,train,ASVspoof2019_LA,ASVspoof2019.LA.cm.train.trn.txt
processed/train/FAKE/LA_T_3419326_segment_002.wav,LA_T_3419326.flac,1,FAKE,LA_0096,train,ASVspoof2019_LA,ASVspoof2019.LA.cm.train.trn.txt
processed/train/FAKE/LA_T_3437551_segment_001.wav,LA_T_3437551.flac,1,FAKE,LA_0095,train,ASVspoof2019_LA,ASVspoof2019.LA.cm.train.trn.txt
processed/train/FAKE/LA_T_3468422_segment_001.wav,LA_T_3468422.flac,1,FAKE,LA_0081,train,ASVspoof2019_LA,ASVspoof2019.LA.cm.train.trn.txt
processed/train/FAKE/LA_T_3512350_segment_001.wav,LA_T_3512350.flac,1,FAKE,LA_0083,train,ASVspoof2019_LA,ASVspoof2019.LA.cm.train.trn.txt
processed/train/FAKE/LA_T_3512350_segment_002.wav,LA_T_3512350.flac,1,FAKE,LA_0083,train,ASVspoof2019_LA,ASVspoof2019.LA.cm.train.trn.txt
processed/train/FAKE/LA_T_3541347_segment_001.wav,LA_T_3541347.flac,1,FAKE,LA_0082,train,ASVspoof2019_LA,ASVspoof2019.LA.cm.train.trn.txt
processed/train/FAKE/LA_T_3542059_segment_001.wav,LA_T_3542059.flac,1,FAKE,LA_0089,train,ASVspoof2019_LA,ASVspoof2019.LA.cm.train.trn.txt
processed/train/FAKE/LA_T_3544252_segment_001.wav,LA_T_3544252.flac,1,FAKE,LA_0098,train,ASVspoof2019_LA,ASVspoof2019.LA.cm.train.trn.txt
processed/train/FAKE/LA_T_3544376_segment_001.wav,LA_T_3544376.flac,1,FAKE,LA_0090,train,ASVspoof2019_LA,ASVspoof2019.LA.cm.train.trn.txt
processed/train/FAKE/LA_T_3544376_segment_002.wav,LA_T_3544376.flac,1,FAKE,LA_0090,train,ASVspoof2019_LA,ASVspoof2019.LA.cm.train.trn.txt
processed/train/FAKE/LA_T_3544596_segment_001.wav,LA_T_3544596.flac,1,FAKE,LA_0085,train,ASVspoof2019_LA,ASVspoof2019.LA.cm.train.trn.txt
processed/train/FAKE/LA_T_3544596_segment_002.wav,LA_T_3544596.flac,1,FAKE,LA_0085,train,ASVspoof2019_LA,ASVspoof2019.LA.cm.train.trn.txt
processed/train/FAKE/LA_T_3588194_segment_001.wav,LA_T_3588194.flac,1,FAKE,LA_0090,train,ASVspoof2019_LA,ASVspoof2019.LA.cm.train.trn.txt
processed/train/FAKE/LA_T_3588194_segment_002.wav,LA_T_3588194.flac,1,FAKE,LA_0090,train,ASVspoof2019_LA,ASVspoof2019.LA.cm.train.trn.txt
processed/train/FAKE/LA_T_3622175_segment_001.wav,LA_T_3622175.flac,1,FAKE,LA_0097,train,ASVspoof2019_LA,ASVspoof2019.LA.cm.train.trn.txt
processed/train/FAKE/LA_T_3622175_segment_002.wav,LA_T_3622175.flac,1,FAKE,LA_0097,train,ASVspoof2019_LA,ASVspoof2019.LA.cm.train.trn.txt
processed/train/FAKE/LA_T_3633380_segment_001.wav,LA_T_3633380.flac,1,FAKE,LA_0082,train,ASVspoof2019_LA,ASVspoof2019.LA.cm.train.trn.txt
processed/train/FAKE/LA_T_3652205_segment_001.wav,LA_T_3652205.flac,1,FAKE,LA_0095,train,ASVspoof2019_LA,ASVspoof2019.LA.cm.train.trn.txt
processed/train/FAKE/LA_T_3652205_segment_002.wav,LA_T_3652205.flac,1,FAKE,LA_0095,train,ASVspoof2019_LA,ASVspoof2019.LA.cm.train.trn.txt
processed/train/FAKE/LA_T_3665042_segment_001.wav,LA_T_3665042.flac,1,FAKE,LA_0096,train,ASVspoof2019_LA,ASVspoof2019.LA.cm.train.trn.txt
processed/train/FAKE/LA_T_3674915_segment_001.wav,LA_T_3674915.flac,1,FAKE,LA_0097,train,ASVspoof2019_LA,ASVspoof2019.LA.cm.train.trn.txt
processed/train/FAKE/LA_T_3678196_segment_001.wav,LA_T_3678196.flac,1,FAKE,LA_0091,train,ASVspoof2019_LA,ASVspoof2019.LA.cm.train.trn.txt
processed/train/FAKE/LA_T_3683064_segment_001.wav,LA_T_3683064.flac,1,FAKE,LA_0088,train,ASVspoof2019_LA,ASVspoof2019.LA.cm.train.trn.txt
processed/train/FAKE/LA_T_3693339_segment_001.wav,LA_T_3693339.flac,1,FAKE,LA_0095,train,ASVspoof2019_LA,ASVspoof2019.LA.cm.train.trn.txt
processed/train/FAKE/LA_T_3695313_segment_001.wav,LA_T_3695313.flac,1,FAKE,LA_0090,train,ASVspoof2019_LA,ASVspoof2019.LA.cm.train.trn.txt
processed/train/FAKE/LA_T_3695313_segment_002.wav,LA_T_3695313.flac,1,FAKE,LA_0090,train,ASVspoof2019_LA,ASVspoof2019.LA.cm.train.trn.txt
processed/train/FAKE/LA_T_3703217_segment_001.wav,LA_T_3703217.flac,1,FAKE,LA_0089,train,ASVspoof2019_LA,ASVspoof2019.LA.cm.train.trn.txt
processed/train/FAKE/LA_T_3703217_segment_002.wav,LA_T_3703217.flac,1,FAKE,LA_0089,train,ASVspoof2019_LA,ASVspoof2019.LA.cm.train.trn.txt
processed/train/FAKE/LA_T_3708277_segment_001.wav,LA_T_3708277.flac,1,FAKE,LA_0086,train,ASVspoof2019_LA,ASVspoof2019.LA.cm.train.trn.txt
processed/train/FAKE/LA_T_3708277_segment_002.wav,LA_T_3708277.flac,1,FAKE,LA_0086,train,ASVspoof2019_LA,ASVspoof2019.LA.cm.train.trn.txt
processed/train/FAKE/LA_T_3724808_segment_001.wav,LA_T_3724808.flac,1,FAKE,LA_0092,train,ASVspoof2019_LA,ASVspoof2019.LA.cm.train.trn.txt
processed/train/FAKE/LA_T_3724808_segment_002.wav,LA_T_3724808.flac,1,FAKE,LA_0092,train,ASVspoof2019_LA,ASVspoof2019.LA.cm.train.trn.txt
processed/train/FAKE/LA_T_3776802_segment_001.wav,LA_T_3776802.flac,1,FAKE,LA_0093,train,ASVspoof2019_LA,ASVspoof2019.LA.cm.train.trn.txt
processed/train/FAKE/LA_T_3798011_segment_001.wav,LA_T_3798011.flac,1,FAKE,LA_0085,train,ASVspoof2019_LA,ASVspoof2019.LA.cm.train.trn.txt
processed/train/FAKE/LA_T_3798011_segment_002.wav,LA_T_3798011.flac,1,FAKE,LA_0085,train,ASVspoof2019_LA,ASVspoof2019.LA.cm.train.trn.txt
processed/train/FAKE/LA_T_3813986_segment_001.wav,LA_T_3813986.flac,1,FAKE,LA_0089,train,ASVspoof2019_LA,ASVspoof2019.LA.cm.train.trn.txt
processed/train/FAKE/LA_T_3814997_segment_001.wav,LA_T_3814997.flac,1,FAKE,LA_0080,train,ASVspoof2019_LA,ASVspoof2019.LA.cm.train.trn.txt
processed/train/FAKE/LA_T_3826727_segment_001.wav,LA_T_3826727.flac,1,FAKE,LA_0080,train,ASVspoof2019_LA,ASVspoof2019.LA.cm.train.trn.txt
processed/train/FAKE/LA_T_3826727_segment_002.wav,LA_T_3826727.flac,1,FAKE,LA_0080,train,ASVspoof2019_LA,ASVspoof2019.LA.cm.train.trn.txt
processed/train/FAKE/LA_T_3867285_segment_001.wav,LA_T_3867285.flac,1,FAKE,LA_0085,train,ASVspoof2019_LA,ASVspoof2019.LA.cm.train.trn.txt
processed/train/FAKE/LA_T_3867285_segment_002.wav,LA_T_3867285.flac,1,FAKE,LA_0085,train,ASVspoof2019_LA,ASVspoof2019.LA.cm.train.trn.txt
processed/train/FAKE/LA_T_3875936_segment_001.wav,LA_T_3875936.flac,1,FAKE,LA_0083,train,ASVspoof2019_LA,ASVspoof2019.LA.cm.train.trn.txt
processed/train/FAKE/LA_T_3908268_segment_001.wav,LA_T_3908268.flac,1,FAKE,LA_0082,train,ASVspoof2019_LA,ASVspoof2019.LA.cm.train.trn.txt
processed/train/FAKE/LA_T_3908268_segment_002.wav,LA_T_3908268.flac,1,FAKE,LA_0082,train,ASVspoof2019_LA,ASVspoof2019.LA.cm.train.trn.txt
processed/train/FAKE/LA_T_3947176_segment_001.wav,LA_T_3947176.flac,1,FAKE,LA_0093,train,ASVspoof2019_LA,ASVspoof2019.LA.cm.train.trn.txt
processed/train/FAKE/LA_T_3947176_segment_002.wav,LA_T_3947176.flac,1,FAKE,LA_0093,train,ASVspoof2019_LA,ASVspoof2019.LA.cm.train.trn.txt
processed/train/FAKE/LA_T_3950907_segment_001.wav,LA_T_3950907.flac,1,FAKE,LA_0086,train,ASVspoof2019_LA,ASVspoof2019.LA.cm.train.trn.txt
processed/train/FAKE/LA_T_3950907_segment_002.wav,LA_T_3950907.flac,1,FAKE,LA_0086,train,ASVspoof2019_LA,ASVspoof2019.LA.cm.train.trn.txt
processed/train/FAKE/LA_T_3962344_segment_001.wav,LA_T_3962344.flac,1,FAKE,LA_0091,train,ASVspoof2019_LA,ASVspoof2019.LA.cm.train.trn.txt
processed/train/FAKE/LA_T_3962344_segment_002.wav,LA_T_3962344.flac,1,FAKE,LA_0091,train,ASVspoof2019_LA,ASVspoof2019.LA.cm.train.trn.txt
processed/train/FAKE/LA_T_3981124_segment_001.wav,LA_T_3981124.flac,1,FAKE,LA_0085,train,ASVspoof2019_LA,ASVspoof2019.LA.cm.train.trn.txt
processed/train/FAKE/LA_T_3981124_segment_002.wav,LA_T_3981124.flac,1,FAKE,LA_0085,train,ASVspoof2019_LA,ASVspoof2019.LA.cm.train.trn.txt
processed/train/FAKE/LA_T_3995124_segment_001.wav,LA_T_3995124.flac,1,FAKE,LA_0091,train,ASVspoof2019_LA,ASVspoof2019.LA.cm.train.trn.txt
processed/train/FAKE/LA_T_4032705_segment_001.wav,LA_T_4032705.flac,1,FAKE,LA_0079,train,ASVspoof2019_LA,ASVspoof2019.LA.cm.train.trn.txt
processed/train/FAKE/LA_T_4045576_segment_001.wav,LA_T_4045576.flac,1,FAKE,LA_0097,train,ASVspoof2019_LA,ASVspoof2019.LA.cm.train.trn.txt
processed/train/FAKE/LA_T_4045576_segment_002.wav,LA_T_4045576.flac,1,FAKE,LA_0097,train,ASVspoof2019_LA,ASVspoof2019.LA.cm.train.trn.txt
processed/train/FAKE/LA_T_4105831_segment_001.wav,LA_T_4105831.flac,1,FAKE,LA_0098,train,ASVspoof2019_LA,ASVspoof2019.LA.cm.train.trn.txt
processed/train/FAKE/LA_T_4105831_segment_002.wav,LA_T_4105831.flac,1,FAKE,LA_0098,train,ASVspoof2019_LA,ASVspoof2019.LA.cm.train.trn.txt
processed/train/FAKE/LA_T_4127674_segment_001.wav,LA_T_4127674.flac,1,FAKE,LA_0096,train,ASVspoof2019_LA,ASVspoof2019.LA.cm.train.trn.txt
processed/train/FAKE/LA_T_4127674_segment_002.wav,LA_T_4127674.flac,1,FAKE,LA_0096,train,ASVspoof2019_LA,ASVspoof2019.LA.cm.train.trn.txt
processed/train/FAKE/LA_T_4134344_segment_001.wav,LA_T_4134344.flac,1,FAKE,LA_0087,train,ASVspoof2019_LA,ASVspoof2019.LA.cm.train.trn.txt
processed/train/FAKE/LA_T_4134344_segment_002.wav,LA_T_4134344.flac,1,FAKE,LA_0087,train,ASVspoof2019_LA,ASVspoof2019.LA.cm.train.trn.txt
processed/train/FAKE/LA_T_4134344_segment_003.wav,LA_T_4134344.flac,1,FAKE,LA_0087,train,ASVspoof2019_LA,ASVspoof2019.LA.cm.train.trn.txt
processed/train/FAKE/LA_T_4134344_segment_004.wav,LA_T_4134344.flac,1,FAKE,LA_0087,train,ASVspoof2019_LA,ASVspoof2019.LA.cm.train.trn.txt
processed/train/FAKE/LA_T_4144683_segment_001.wav,LA_T_4144683.flac,1,FAKE,LA_0098,train,ASVspoof2019_LA,ASVspoof2019.LA.cm.train.trn.txt
processed/train/FAKE/LA_T_4164792_segment_001.wav,LA_T_4164792.flac,1,FAKE,LA_0084,train,ASVspoof2019_LA,ASVspoof2019.LA.cm.train.trn.txt
processed/train/FAKE/LA_T_4164792_segment_002.wav,LA_T_4164792.flac,1,FAKE,LA_0084,train,ASVspoof2019_LA,ASVspoof2019.LA.cm.train.trn.txt
processed/train/FAKE/LA_T_4164792_segment_003.wav,LA_T_4164792.flac,1,FAKE,LA_0084,train,ASVspoof2019_LA,ASVspoof2019.LA.cm.train.trn.txt
processed/train/FAKE/LA_T_4195301_segment_001.wav,LA_T_4195301.flac,1,FAKE,LA_0084,train,ASVspoof2019_LA,ASVspoof2019.LA.cm.train.trn.txt
processed/train/FAKE/LA_T_4195301_segment_002.wav,LA_T_4195301.flac,1,FAKE,LA_0084,train,ASVspoof2019_LA,ASVspoof2019.LA.cm.train.trn.txt
processed/train/FAKE/LA_T_4195301_segment_003.wav,LA_T_4195301.flac,1,FAKE,LA_0084,train,ASVspoof2019_LA,ASVspoof2019.LA.cm.train.trn.txt
processed/train/FAKE/LA_T_4195301_segment_004.wav,LA_T_4195301.flac,1,FAKE,LA_0084,train,ASVspoof2019_LA,ASVspoof2019.LA.cm.train.trn.txt
processed/train/FAKE/LA_T_4207818_segment_001.wav,LA_T_4207818.flac,1,FAKE,LA_0081,train,ASVspoof2019_LA,ASVspoof2019.LA.cm.train.trn.txt
processed/train/FAKE/LA_T_4232316_segment_001.wav,LA_T_4232316.flac,1,FAKE,LA_0085,train,ASVspoof2019_LA,ASVspoof2019.LA.cm.train.trn.txt
processed/train/FAKE/LA_T_4244044_segment_001.wav,LA_T_4244044.flac,1,FAKE,LA_0097,train,ASVspoof2019_LA,ASVspoof2019.LA.cm.train.trn.txt
processed/train/FAKE/LA_T_4244044_segment_002.wav,LA_T_4244044.flac,1,FAKE,LA_0097,train,ASVspoof2019_LA,ASVspoof2019.LA.cm.train.trn.txt
processed/train/FAKE/LA_T_4248963_segment_001.wav,LA_T_4248963.flac,1,FAKE,LA_0093,train,ASVspoof2019_LA,ASVspoof2019.LA.cm.train.trn.txt
processed/train/FAKE/LA_T_4260225_segment_001.wav,LA_T_4260225.flac,1,FAKE,LA_0086,train,ASVspoof2019_LA,ASVspoof2019.LA.cm.train.trn.txt
processed/train/FAKE/LA_T_4260225_segment_002.wav,LA_T_4260225.flac,1,FAKE,LA_0086,train,ASVspoof2019_LA,ASVspoof2019.LA.cm.train.trn.txt
processed/train/FAKE/LA_T_4291784_segment_001.wav,LA_T_4291784.flac,1,FAKE,LA_0083,train,ASVspoof2019_LA,ASVspoof2019.LA.cm.train.trn.txt
processed/train/FAKE/LA_T_4307188_segment_001.wav,LA_T_4307188.flac,1,FAKE,LA_0085,train,ASVspoof2019_LA,ASVspoof2019.LA.cm.train.trn.txt
processed/train/FAKE/LA_T_4307188_segment_002.wav,LA_T_4307188.flac,1,FAKE,LA_0085,train,ASVspoof2019_LA,ASVspoof2019.LA.cm.train.trn.txt
processed/train/FAKE/LA_T_4307188_segment_003.wav,LA_T_4307188.flac,1,FAKE,LA_0085,train,ASVspoof2019_LA,ASVspoof2019.LA.cm.train.trn.txt
processed/train/FAKE/LA_T_4323668_segment_001.wav,LA_T_4323668.flac,1,FAKE,LA_0087,train,ASVspoof2019_LA,ASVspoof2019.LA.cm.train.trn.txt
processed/train/FAKE/LA_T_4323668_segment_002.wav,LA_T_4323668.flac,1,FAKE,LA_0087,train,ASVspoof2019_LA,ASVspoof2019.LA.cm.train.trn.txt
processed/train/FAKE/LA_T_4328032_segment_001.wav,LA_T_4328032.flac,1,FAKE,LA_0095,train,ASVspoof2019_LA,ASVspoof2019.LA.cm.train.trn.txt
processed/train/FAKE/LA_T_4376138_segment_001.wav,LA_T_4376138.flac,1,FAKE,LA_0079,train,ASVspoof2019_LA,ASVspoof2019.LA.cm.train.trn.txt
processed/train/FAKE/LA_T_4376138_segment_002.wav,LA_T_4376138.flac,1,FAKE,LA_0079,train,ASVspoof2019_LA,ASVspoof2019.LA.cm.train.trn.txt
processed/train/FAKE/LA_T_4382452_segment_001.wav,LA_T_4382452.flac,1,FAKE,LA_0098,train,ASVspoof2019_LA,ASVspoof2019.LA.cm.train.trn.txt
processed/train/FAKE/LA_T_4382452_segment_002.wav,LA_T_4382452.flac,1,FAKE,LA_0098,train,ASVspoof2019_LA,ASVspoof2019.LA.cm.train.trn.txt
processed/train/FAKE/LA_T_4382452_segment_003.wav,LA_T_4382452.flac,1,FAKE,LA_0098,train,ASVspoof2019_LA,ASVspoof2019.LA.cm.train.trn.txt
processed/train/FAKE/LA_T_4384905_segment_001.wav,LA_T_4384905.flac,1,FAKE,LA_0085,train,ASVspoof2019_LA,ASVspoof2019.LA.cm.train.trn.txt
processed/train/FAKE/LA_T_4384905_segment_002.wav,LA_T_4384905.flac,1,FAKE,LA_0085,train,ASVspoof2019_LA,ASVspoof2019.LA.cm.train.trn.txt
processed/train/FAKE/LA_T_4386621_segment_001.wav,LA_T_4386621.flac,1,FAKE,LA_0098,train,ASVspoof2019_LA,ASVspoof2019.LA.cm.train.trn.txt
processed/train/FAKE/LA_T_4386621_segment_002.wav,LA_T_4386621.flac,1,FAKE,LA_0098,train,ASVspoof2019_LA,ASVspoof2019.LA.cm.train.trn.txt
processed/train/FAKE/LA_T_4400210_segment_001.wav,LA_T_4400210.flac,1,FAKE,LA_0086,train,ASVspoof2019_LA,ASVspoof2019.LA.cm.train.trn.txt
processed/train/FAKE/LA_T_4400210_segment_002.wav,LA_T_4400210.flac,1,FAKE,LA_0086,train,ASVspoof2019_LA,ASVspoof2019.LA.cm.train.trn.txt
processed/train/FAKE/LA_T_4506743_segment_001.wav,LA_T_4506743.flac,1,FAKE,LA_0081,train,ASVspoof2019_LA,ASVspoof2019.LA.cm.train.trn.txt
processed/train/FAKE/LA_T_4529448_segment_001.wav,LA_T_4529448.flac,1,FAKE,LA_0082,train,ASVspoof2019_LA,ASVspoof2019.LA.cm.train.trn.txt
processed/train/FAKE/LA_T_4529448_segment_002.wav,LA_T_4529448.flac,1,FAKE,LA_0082,train,ASVspoof2019_LA,ASVspoof2019.LA.cm.train.trn.txt
processed/train/FAKE/LA_T_4535360_segment_001.wav,LA_T_4535360.flac,1,FAKE,LA_0090,train,ASVspoof2019_LA,ASVspoof2019.LA.cm.train.trn.txt
processed/train/FAKE/LA_T_4535360_segment_002.wav,LA_T_4535360.flac,1,FAKE,LA_0090,train,ASVspoof2019_LA,ASVspoof2019.LA.cm.train.trn.txt
processed/train/FAKE/LA_T_4539906_segment_001.wav,LA_T_4539906.flac,1,FAKE,LA_0089,train,ASVspoof2019_LA,ASVspoof2019.LA.cm.train.trn.txt
processed/train/FAKE/LA_T_4562769_segment_001.wav,LA_T_4562769.flac,1,FAKE,LA_0097,train,ASVspoof2019_LA,ASVspoof2019.LA.cm.train.trn.txt
processed/train/FAKE/LA_T_4562769_segment_002.wav,LA_T_4562769.flac,1,FAKE,LA_0097,train,ASVspoof2019_LA,ASVspoof2019.LA.cm.train.trn.txt
processed/train/FAKE/LA_T_4568066_segment_001.wav,LA_T_4568066.flac,1,FAKE,LA_0097,train,ASVspoof2019_LA,ASVspoof2019.LA.cm.train.trn.txt
processed/train/FAKE/LA_T_4568066_segment_002.wav,LA_T_4568066.flac,1,FAKE,LA_0097,train,ASVspoof2019_LA,ASVspoof2019.LA.cm.train.trn.txt
processed/train/FAKE/LA_T_4583580_segment_001.wav,LA_T_4583580.flac,1,FAKE,LA_0098,train,ASVspoof2019_LA,ASVspoof2019.LA.cm.train.trn.txt
processed/train/FAKE/LA_T_4588130_segment_001.wav,LA_T_4588130.flac,1,FAKE,LA_0080,train,ASVspoof2019_LA,ASVspoof2019.LA.cm.train.trn.txt
processed/train/FAKE/LA_T_4588130_segment_002.wav,LA_T_4588130.flac,1,FAKE,LA_0080,train,ASVspoof2019_LA,ASVspoof2019.LA.cm.train.trn.txt
processed/train/FAKE/LA_T_4597853_segment_001.wav,LA_T_4597853.flac,1,FAKE,LA_0096,train,ASVspoof2019_LA,ASVspoof2019.LA.cm.train.trn.txt
processed/train/FAKE/LA_T_4608788_segment_001.wav,LA_T_4608788.flac,1,FAKE,LA_0095,train,ASVspoof2019_LA,ASVspoof2019.LA.cm.train.trn.txt
processed/train/FAKE/LA_T_4608788_segment_002.wav,LA_T_4608788.flac,1,FAKE,LA_0095,train,ASVspoof2019_LA,ASVspoof2019.LA.cm.train.trn.txt
processed/train/FAKE/LA_T_4614553_segment_001.wav,LA_T_4614553.flac,1,FAKE,LA_0093,train,ASVspoof2019_LA,ASVspoof2019.LA.cm.train.trn.txt
processed/train/FAKE/LA_T_4625554_segment_001.wav,LA_T_4625554.flac,1,FAKE,LA_0082,train,ASVspoof2019_LA,ASVspoof2019.LA.cm.train.trn.txt
processed/train/FAKE/LA_T_4654293_segment_001.wav,LA_T_4654293.flac,1,FAKE,LA_0094,train,ASVspoof2019_LA,ASVspoof2019.LA.cm.train.trn.txt
processed/train/FAKE/LA_T_4656551_segment_001.wav,LA_T_4656551.flac,1,FAKE,LA_0095,train,ASVspoof2019_LA,ASVspoof2019.LA.cm.train.trn.txt
processed/train/FAKE/LA_T_4662054_segment_001.wav,LA_T_4662054.flac,1,FAKE,LA_0092,train,ASVspoof2019_LA,ASVspoof2019.LA.cm.train.trn.txt
processed/train/FAKE/LA_T_4688550_segment_001.wav,LA_T_4688550.flac,1,FAKE,LA_0082,train,ASVspoof2019_LA,ASVspoof2019.LA.cm.train.trn.txt
processed/train/FAKE/LA_T_4754759_segment_001.wav,LA_T_4754759.flac,1,FAKE,LA_0097,train,ASVspoof2019_LA,ASVspoof2019.LA.cm.train.trn.txt
processed/train/FAKE/LA_T_4754759_segment_002.wav,LA_T_4754759.flac,1,FAKE,LA_0097,train,ASVspoof2019_LA,ASVspoof2019.LA.cm.train.trn.txt
processed/train/FAKE/LA_T_4761800_segment_001.wav,LA_T_4761800.flac,1,FAKE,LA_0091,train,ASVspoof2019_LA,ASVspoof2019.LA.cm.train.trn.txt
processed/train/FAKE/LA_T_4761800_segment_002.wav,LA_T_4761800.flac,1,FAKE,LA_0091,train,ASVspoof2019_LA,ASVspoof2019.LA.cm.train.trn.txt
processed/train/FAKE/LA_T_4769657_segment_001.wav,LA_T_4769657.flac,1,FAKE,LA_0097,train,ASVspoof2019_LA,ASVspoof2019.LA.cm.train.trn.txt
processed/train/FAKE/LA_T_4769657_segment_002.wav,LA_T_4769657.flac,1,FAKE,LA_0097,train,ASVspoof2019_LA,ASVspoof2019.LA.cm.train.trn.txt
processed/train/FAKE/LA_T_4821239_segment_001.wav,LA_T_4821239.flac,1,FAKE,LA_0095,train,ASVspoof2019_LA,ASVspoof2019.LA.cm.train.trn.txt
processed/train/FAKE/LA_T_4821239_segment_002.wav,LA_T_4821239.flac,1,FAKE,LA_0095,train,ASVspoof2019_LA,ASVspoof2019.LA.cm.train.trn.txt
processed/train/FAKE/LA_T_4840824_segment_001.wav,LA_T_4840824.flac,1,FAKE,LA_0084,train,ASVspoof2019_LA,ASVspoof2019.LA.cm.train.trn.txt
processed/train/FAKE/LA_T_4840824_segment_002.wav,LA_T_4840824.flac,1,FAKE,LA_0084,train,ASVspoof2019_LA,ASVspoof2019.LA.cm.train.trn.txt
processed/train/FAKE/LA_T_4844815_segment_001.wav,LA_T_4844815.flac,1,FAKE,LA_0080,train,ASVspoof2019_LA,ASVspoof2019.LA.cm.train.trn.txt
processed/train/FAKE/LA_T_4847789_segment_001.wav,LA_T_4847789.flac,1,FAKE,LA_0089,train,ASVspoof2019_LA,ASVspoof2019.LA.cm.train.trn.txt
processed/train/FAKE/LA_T_4847789_segment_002.wav,LA_T_4847789.flac,1,FAKE,LA_0089,train,ASVspoof2019_LA,ASVspoof2019.LA.cm.train.trn.txt
processed/train/FAKE/LA_T_4868092_segment_001.wav,LA_T_4868092.flac,1,FAKE,LA_0090,train,ASVspoof2019_LA,ASVspoof2019.LA.cm.train.trn.txt
processed/train/FAKE/LA_T_4868092_segment_002.wav,LA_T_4868092.flac,1,FAKE,LA_0090,train,ASVspoof2019_LA,ASVspoof2019.LA.cm.train.trn.txt
processed/train/FAKE/LA_T_4868092_segment_003.wav,LA_T_4868092.flac,1,FAKE,LA_0090,train,ASVspoof2019_LA,ASVspoof2019.LA.cm.train.trn.txt
processed/train/FAKE/LA_T_4873700_segment_001.wav,LA_T_4873700.flac,1,FAKE,LA_0086,train,ASVspoof2019_LA,ASVspoof2019.LA.cm.train.trn.txt
processed/train/FAKE/LA_T_4873700_segment_002.wav,LA_T_4873700.flac,1,FAKE,LA_0086,train,ASVspoof2019_LA,ASVspoof2019.LA.cm.train.trn.txt
processed/train/FAKE/LA_T_4880191_segment_001.wav,LA_T_4880191.flac,1,FAKE,LA_0095,train,ASVspoof2019_LA,ASVspoof2019.LA.cm.train.trn.txt
processed/train/FAKE/LA_T_4880191_segment_002.wav,LA_T_4880191.flac,1,FAKE,LA_0095,train,ASVspoof2019_LA,ASVspoof2019.LA.cm.train.trn.txt
processed/train/FAKE/LA_T_4907168_segment_001.wav,LA_T_4907168.flac,1,FAKE,LA_0089,train,ASVspoof2019_LA,ASVspoof2019.LA.cm.train.trn.txt
processed/train/FAKE/LA_T_4914706_segment_001.wav,LA_T_4914706.flac,1,FAKE,LA_0087,train,ASVspoof2019_LA,ASVspoof2019.LA.cm.train.trn.txt
processed/train/FAKE/LA_T_4936345_segment_001.wav,LA_T_4936345.flac,1,FAKE,LA_0088,train,ASVspoof2019_LA,ASVspoof2019.LA.cm.train.trn.txt
processed/train/FAKE/LA_T_4943959_segment_001.wav,LA_T_4943959.flac,1,FAKE,LA_0091,train,ASVspoof2019_LA,ASVspoof2019.LA.cm.train.trn.txt
processed/train/FAKE/LA_T_4943959_segment_002.wav,LA_T_4943959.flac,1,FAKE,LA_0091,train,ASVspoof2019_LA,ASVspoof2019.LA.cm.train.trn.txt
processed/train/FAKE/LA_T_4947096_segment_001.wav,LA_T_4947096.flac,1,FAKE,LA_0093,train,ASVspoof2019_LA,ASVspoof2019.LA.cm.train.trn.txt
processed/train/FAKE/LA_T_4973732_segment_001.wav,LA_T_4973732.flac,1,FAKE,LA_0081,train,ASVspoof2019_LA,ASVspoof2019.LA.cm.train.trn.txt
processed/train/FAKE/LA_T_4973732_segment_002.wav,LA_T_4973732.flac,1,FAKE,LA_0081,train,ASVspoof2019_LA,ASVspoof2019.LA.cm.train.trn.txt
processed/train/FAKE/LA_T_4991778_segment_001.wav,LA_T_4991778.flac,1,FAKE,LA_0085,train,ASVspoof2019_LA,ASVspoof2019.LA.cm.train.trn.txt
processed/train/FAKE/LA_T_4991778_segment_002.wav,LA_T_4991778.flac,1,FAKE,LA_0085,train,ASVspoof2019_LA,ASVspoof2019.LA.cm.train.trn.txt
processed/train/FAKE/LA_T_5004305_segment_001.wav,LA_T_5004305.flac,1,FAKE,LA_0089,train,ASVspoof2019_LA,ASVspoof2019.LA.cm.train.trn.txt
processed/train/FAKE/LA_T_5011648_segment_001.wav,LA_T_5011648.flac,1,FAKE,LA_0090,train,ASVspoof2019_LA,ASVspoof2019.LA.cm.train.trn.txt
processed/train/FAKE/LA_T_5011648_segment_002.wav,LA_T_5011648.flac,1,FAKE,LA_0090,train,ASVspoof2019_LA,ASVspoof2019.LA.cm.train.trn.txt
processed/train/FAKE/LA_T_5021134_segment_001.wav,LA_T_5021134.flac,1,FAKE,LA_0097,train,ASVspoof2019_LA,ASVspoof2019.LA.cm.train.trn.txt
processed/train/FAKE/LA_T_5035337_segment_001.wav,LA_T_5035337.flac,1,FAKE,LA_0086,train,ASVspoof2019_LA,ASVspoof2019.LA.cm.train.trn.txt
processed/train/FAKE/LA_T_5041786_segment_001.wav,LA_T_5041786.flac,1,FAKE,LA_0093,train,ASVspoof2019_LA,ASVspoof2019.LA.cm.train.trn.txt
processed/train/FAKE/LA_T_5054337_segment_001.wav,LA_T_5054337.flac,1,FAKE,LA_0086,train,ASVspoof2019_LA,ASVspoof2019.LA.cm.train.trn.txt
processed/train/FAKE/LA_T_5054337_segment_002.wav,LA_T_5054337.flac,1,FAKE,LA_0086,train,ASVspoof2019_LA,ASVspoof2019.LA.cm.train.trn.txt
processed/train/FAKE/LA_T_5103030_segment_001.wav,LA_T_5103030.flac,1,FAKE,LA_0088,train,ASVspoof2019_LA,ASVspoof2019.LA.cm.train.trn.txt
processed/train/FAKE/LA_T_5105792_segment_001.wav,LA_T_5105792.flac,1,FAKE,LA_0091,train,ASVspoof2019_LA,ASVspoof2019.LA.cm.train.trn.txt
processed/train/FAKE/LA_T_5105792_segment_002.wav,LA_T_5105792.flac,1,FAKE,LA_0091,train,ASVspoof2019_LA,ASVspoof2019.LA.cm.train.trn.txt
processed/train/FAKE/LA_T_5117515_segment_001.wav,LA_T_5117515.flac,1,FAKE,LA_0090,train,ASVspoof2019_LA,ASVspoof2019.LA.cm.train.trn.txt
processed/train/FAKE/LA_T_5117515_segment_002.wav,LA_T_5117515.flac,1,FAKE,LA_0090,train,ASVspoof2019_LA,ASVspoof2019.LA.cm.train.trn.txt
processed/train/FAKE/LA_T_5137305_segment_001.wav,LA_T_5137305.flac,1,FAKE,LA_0083,train,ASVspoof2019_LA,ASVspoof2019.LA.cm.train.trn.txt
processed/train/FAKE/LA_T_5137305_segment_002.wav,LA_T_5137305.flac,1,FAKE,LA_0083,train,ASVspoof2019_LA,ASVspoof2019.LA.cm.train.trn.txt
processed/train/FAKE/LA_T_5150268_segment_001.wav,LA_T_5150268.flac,1,FAKE,LA_0093,train,ASVspoof2019_LA,ASVspoof2019.LA.cm.train.trn.txt
processed/train/FAKE/LA_T_5181234_segment_001.wav,LA_T_5181234.flac,1,FAKE,LA_0082,train,ASVspoof2019_LA,ASVspoof2019.LA.cm.train.trn.txt
processed/train/FAKE/LA_T_5192352_segment_001.wav,LA_T_5192352.flac,1,FAKE,LA_0090,train,ASVspoof2019_LA,ASVspoof2019.LA.cm.train.trn.txt
processed/train/FAKE/LA_T_5209238_segment_001.wav,LA_T_5209238.flac,1,FAKE,LA_0097,train,ASVspoof2019_LA,ASVspoof2019.LA.cm.train.trn.txt
processed/train/FAKE/LA_T_5209238_segment_002.wav,LA_T_5209238.flac,1,FAKE,LA_0097,train,ASVspoof2019_LA,ASVspoof2019.LA.cm.train.trn.txt
processed/train/FAKE/LA_T_5250999_segment_001.wav,LA_T_5250999.flac,1,FAKE,LA_0094,train,ASVspoof2019_LA,ASVspoof2019.LA.cm.train.trn.txt
processed/train/FAKE/LA_T_5282193_segment_001.wav,LA_T_5282193.flac,1,FAKE,LA_0088,train,ASVspoof2019_LA,ASVspoof2019.LA.cm.train.trn.txt
processed/train/FAKE/LA_T_5299003_segment_001.wav,LA_T_5299003.flac,1,FAKE,LA_0089,train,ASVspoof2019_LA,ASVspoof2019.LA.cm.train.trn.txt
processed/train/FAKE/LA_T_5320272_segment_001.wav,LA_T_5320272.flac,1,FAKE,LA_0088,train,ASVspoof2019_LA,ASVspoof2019.LA.cm.train.trn.txt
processed/train/FAKE/LA_T_5333693_segment_001.wav,LA_T_5333693.flac,1,FAKE,LA_0097,train,ASVspoof2019_LA,ASVspoof2019.LA.cm.train.trn.txt
processed/train/FAKE/LA_T_5333693_segment_002.wav,LA_T_5333693.flac,1,FAKE,LA_0097,train,ASVspoof2019_LA,ASVspoof2019.LA.cm.train.trn.txt
processed/train/FAKE/LA_T_5379096_segment_001.wav,LA_T_5379096.flac,1,FAKE,LA_0092,train,ASVspoof2019_LA,ASVspoof2019.LA.cm.train.trn.txt
processed/train/FAKE/LA_T_5379096_segment_002.wav,LA_T_5379096.flac,1,FAKE,LA_0092,train,ASVspoof2019_LA,ASVspoof2019.LA.cm.train.trn.txt
processed/train/FAKE/LA_T_5394738_segment_001.wav,LA_T_5394738.flac,1,FAKE,LA_0082,train,ASVspoof2019_LA,ASVspoof2019.LA.cm.train.trn.txt
processed/train/FAKE/LA_T_5397050_segment_001.wav,LA_T_5397050.flac,1,FAKE,LA_0091,train,ASVspoof2019_LA,ASVspoof2019.LA.cm.train.trn.txt
processed/train/FAKE/LA_T_5411496_segment_001.wav,LA_T_5411496.flac,1,FAKE,LA_0084,train,ASVspoof2019_LA,ASVspoof2019.LA.cm.train.trn.txt
processed/train/FAKE/LA_T_5411496_segment_002.wav,LA_T_5411496.flac,1,FAKE,LA_0084,train,ASVspoof2019_LA,ASVspoof2019.LA.cm.train.trn.txt
processed/train/FAKE/LA_T_5415449_segment_001.wav,LA_T_5415449.flac,1,FAKE,LA_0095,train,ASVspoof2019_LA,ASVspoof2019.LA.cm.train.trn.txt
processed/train/FAKE/LA_T_5447517_segment_001.wav,LA_T_5447517.flac,1,FAKE,LA_0086,train,ASVspoof2019_LA,ASVspoof2019.LA.cm.train.trn.txt
processed/train/FAKE/LA_T_5454842_segment_001.wav,LA_T_5454842.flac,1,FAKE,LA_0083,train,ASVspoof2019_LA,ASVspoof2019.LA.cm.train.trn.txt
processed/train/FAKE/LA_T_5454842_segment_002.wav,LA_T_5454842.flac,1,FAKE,LA_0083,train,ASVspoof2019_LA,ASVspoof2019.LA.cm.train.trn.txt
processed/train/FAKE/LA_T_5513894_segment_001.wav,LA_T_5513894.flac,1,FAKE,LA_0094,train,ASVspoof2019_LA,ASVspoof2019.LA.cm.train.trn.txt
processed/train/FAKE/LA_T_5513894_segment_002.wav,LA_T_5513894.flac,1,FAKE,LA_0094,train,ASVspoof2019_LA,ASVspoof2019.LA.cm.train.trn.txt
processed/train/FAKE/LA_T_5553896_segment_001.wav,LA_T_5553896.flac,1,FAKE,LA_0087,train,ASVspoof2019_LA,ASVspoof2019.LA.cm.train.trn.txt
processed/train/FAKE/LA_T_5557943_segment_001.wav,LA_T_5557943.flac,1,FAKE,LA_0089,train,ASVspoof2019_LA,ASVspoof2019.LA.cm.train.trn.txt
processed/train/FAKE/LA_T_5566330_segment_001.wav,LA_T_5566330.flac,1,FAKE,LA_0089,train,ASVspoof2019_LA,ASVspoof2019.LA.cm.train.trn.txt
processed/train/FAKE/LA_T_5571723_segment_001.wav,LA_T_5571723.flac,1,FAKE,LA_0079,train,ASVspoof2019_LA,ASVspoof2019.LA.cm.train.trn.txt
processed/train/FAKE/LA_T_5571723_segment_002.wav,LA_T_5571723.flac,1,FAKE,LA_0079,train,ASVspoof2019_LA,ASVspoof2019.LA.cm.train.trn.txt
processed/train/FAKE/LA_T_5598718_segment_001.wav,LA_T_5598718.flac,1,FAKE,LA_0086,train,ASVspoof2019_LA,ASVspoof2019.LA.cm.train.trn.txt
processed/train/FAKE/LA_T_5610461_segment_001.wav,LA_T_5610461.flac,1,FAKE,LA_0082,train,ASVspoof2019_LA,ASVspoof2019.LA.cm.train.trn.txt
processed/train/FAKE/LA_T_5611591_segment_001.wav,LA_T_5611591.flac,1,FAKE,LA_0089,train,ASVspoof2019_LA,ASVspoof2019.LA.cm.train.trn.txt
processed/train/FAKE/LA_T_5611591_segment_002.wav,LA_T_5611591.flac,1,FAKE,LA_0089,train,ASVspoof2019_LA,ASVspoof2019.LA.cm.train.trn.txt
processed/train/FAKE/LA_T_5611591_segment_003.wav,LA_T_5611591.flac,1,FAKE,LA_0089,train,ASVspoof2019_LA,ASVspoof2019.LA.cm.train.trn.txt
processed/train/FAKE/LA_T_5612304_segment_001.wav,LA_T_5612304.flac,1,FAKE,LA_0089,train,ASVspoof2019_LA,ASVspoof2019.LA.cm.train.trn.txt
processed/train/FAKE/LA_T_5612304_segment_002.wav,LA_T_5612304.flac,1,FAKE,LA_0089,train,ASVspoof2019_LA,ASVspoof2019.LA.cm.train.trn.txt
processed/train/FAKE/LA_T_5663432_segment_001.wav,LA_T_5663432.flac,1,FAKE,LA_0088,train,ASVspoof2019_LA,ASVspoof2019.LA.cm.train.trn.txt
processed/train/FAKE/LA_T_5663432_segment_002.wav,LA_T_5663432.flac,1,FAKE,LA_0088,train,ASVspoof2019_LA,ASVspoof2019.LA.cm.train.trn.txt
processed/train/FAKE/LA_T_5663432_segment_003.wav,LA_T_5663432.flac,1,FAKE,LA_0088,train,ASVspoof2019_LA,ASVspoof2019.LA.cm.train.trn.txt
processed/train/FAKE/LA_T_5710203_segment_001.wav,LA_T_5710203.flac,1,FAKE,LA_0098,train,ASVspoof2019_LA,ASVspoof2019.LA.cm.train.trn.txt
processed/train/FAKE/LA_T_5718643_segment_001.wav,LA_T_5718643.flac,1,FAKE,LA_0083,train,ASVspoof2019_LA,ASVspoof2019.LA.cm.train.trn.txt
processed/train/FAKE/LA_T_5718643_segment_002.wav,LA_T_5718643.flac,1,FAKE,LA_0083,train,ASVspoof2019_LA,ASVspoof2019.LA.cm.train.trn.txt
processed/train/FAKE/LA_T_5727926_segment_001.wav,LA_T_5727926.flac,1,FAKE,LA_0086,train,ASVspoof2019_LA,ASVspoof2019.LA.cm.train.trn.txt
processed/train/FAKE/LA_T_5752277_segment_001.wav,LA_T_5752277.flac,1,FAKE,LA_0090,train,ASVspoof2019_LA,ASVspoof2019.LA.cm.train.trn.txt
processed/train/FAKE/LA_T_5752277_segment_002.wav,LA_T_5752277.flac,1,FAKE,LA_0090,train,ASVspoof2019_LA,ASVspoof2019.LA.cm.train.trn.txt
processed/train/FAKE/LA_T_5753625_segment_001.wav,LA_T_5753625.flac,1,FAKE,LA_0094,train,ASVspoof2019_LA,ASVspoof2019.LA.cm.train.trn.txt
processed/train/FAKE/LA_T_5753625_segment_002.wav,LA_T_5753625.flac,1,FAKE,LA_0094,train,ASVspoof2019_LA,ASVspoof2019.LA.cm.train.trn.txt
processed/train/FAKE/LA_T_5761826_segment_001.wav,LA_T_5761826.flac,1,FAKE,LA_0084,train,ASVspoof2019_LA,ASVspoof2019.LA.cm.train.trn.txt
processed/train/FAKE/LA_T_5761826_segment_002.wav,LA_T_5761826.flac,1,FAKE,LA_0084,train,ASVspoof2019_LA,ASVspoof2019.LA.cm.train.trn.txt
processed/train/FAKE/LA_T_5770156_segment_001.wav,LA_T_5770156.flac,1,FAKE,LA_0097,train,ASVspoof2019_LA,ASVspoof2019.LA.cm.train.trn.txt
processed/train/FAKE/LA_T_5773803_segment_001.wav,LA_T_5773803.flac,1,FAKE,LA_0087,train,ASVspoof2019_LA,ASVspoof2019.LA.cm.train.trn.txt
processed/train/FAKE/LA_T_5815225_segment_001.wav,LA_T_5815225.flac,1,FAKE,LA_0093,train,ASVspoof2019_LA,ASVspoof2019.LA.cm.train.trn.txt
processed/train/FAKE/LA_T_5817855_segment_001.wav,LA_T_5817855.flac,1,FAKE,LA_0086,train,ASVspoof2019_LA,ASVspoof2019.LA.cm.train.trn.txt
processed/train/FAKE/LA_T_5817855_segment_002.wav,LA_T_5817855.flac,1,FAKE,LA_0086,train,ASVspoof2019_LA,ASVspoof2019.LA.cm.train.trn.txt
processed/train/FAKE/LA_T_5820593_segment_001.wav,LA_T_5820593.flac,1,FAKE,LA_0096,train,ASVspoof2019_LA,ASVspoof2019.LA.cm.train.trn.txt
processed/train/FAKE/LA_T_5820593_segment_002.wav,LA_T_5820593.flac,1,FAKE,LA_0096,train,ASVspoof2019_LA,ASVspoof2019.LA.cm.train.trn.txt
processed/train/FAKE/LA_T_5832521_segment_001.wav,LA_T_5832521.flac,1,FAKE,LA_0093,train,ASVspoof2019_LA,ASVspoof2019.LA.cm.train.trn.txt
processed/train/FAKE/LA_T_5839871_segment_001.wav,LA_T_5839871.flac,1,FAKE,LA_0095,train,ASVspoof2019_LA,ASVspoof2019.LA.cm.train.trn.txt
processed/train/FAKE/LA_T_5865525_segment_001.wav,LA_T_5865525.flac,1,FAKE,LA_0090,train,ASVspoof2019_LA,ASVspoof2019.LA.cm.train.trn.txt
processed/train/FAKE/LA_T_5865525_segment_002.wav,LA_T_5865525.flac,1,FAKE,LA_0090,train,ASVspoof2019_LA,ASVspoof2019.LA.cm.train.trn.txt
processed/train/FAKE/LA_T_5870285_segment_001.wav,LA_T_5870285.flac,1,FAKE,LA_0080,train,ASVspoof2019_LA,ASVspoof2019.LA.cm.train.trn.txt
processed/train/FAKE/LA_T_5870285_segment_002.wav,LA_T_5870285.flac,1,FAKE,LA_0080,train,ASVspoof2019_LA,ASVspoof2019.LA.cm.train.trn.txt
processed/train/FAKE/LA_T_5872666_segment_001.wav,LA_T_5872666.flac,1,FAKE,LA_0096,train,ASVspoof2019_LA,ASVspoof2019.LA.cm.train.trn.txt
processed/train/FAKE/LA_T_5882239_segment_001.wav,LA_T_5882239.flac,1,FAKE,LA_0087,train,ASVspoof2019_LA,ASVspoof2019.LA.cm.train.trn.txt
processed/train/FAKE/LA_T_5882239_segment_002.wav,LA_T_5882239.flac,1,FAKE,LA_0087,train,ASVspoof2019_LA,ASVspoof2019.LA.cm.train.trn.txt
processed/train/FAKE/LA_T_5970580_segment_001.wav,LA_T_5970580.flac,1,FAKE,LA_0091,train,ASVspoof2019_LA,ASVspoof2019.LA.cm.train.trn.txt
processed/train/FAKE/LA_T_5970580_segment_002.wav,LA_T_5970580.flac,1,FAKE,LA_0091,train,ASVspoof2019_LA,ASVspoof2019.LA.cm.train.trn.txt
processed/train/FAKE/LA_T_5970939_segment_001.wav,LA_T_5970939.flac,1,FAKE,LA_0079,train,ASVspoof2019_LA,ASVspoof2019.LA.cm.train.trn.txt
processed/train/FAKE/LA_T_5970939_segment_002.wav,LA_T_5970939.flac,1,FAKE,LA_0079,train,ASVspoof2019_LA,ASVspoof2019.LA.cm.train.trn.txt
processed/train/FAKE/LA_T_6023616_segment_001.wav,LA_T_6023616.flac,1,FAKE,LA_0098,train,ASVspoof2019_LA,ASVspoof2019.LA.cm.train.trn.txt
processed/train/FAKE/LA_T_6023616_segment_002.wav,LA_T_6023616.flac,1,FAKE,LA_0098,train,ASVspoof2019_LA,ASVspoof2019.LA.cm.train.trn.txt
processed/train/FAKE/LA_T_6030668_segment_001.wav,LA_T_6030668.flac,1,FAKE,LA_0097,train,ASVspoof2019_LA,ASVspoof2019.LA.cm.train.trn.txt
processed/train/FAKE/LA_T_6034154_segment_001.wav,LA_T_6034154.flac,1,FAKE,LA_0097,train,ASVspoof2019_LA,ASVspoof2019.LA.cm.train.trn.txt
processed/train/FAKE/LA_T_6034154_segment_002.wav,LA_T_6034154.flac,1,FAKE,LA_0097,train,ASVspoof2019_LA,ASVspoof2019.LA.cm.train.trn.txt
processed/train/FAKE/LA_T_6034154_segment_003.wav,LA_T_6034154.flac,1,FAKE,LA_0097,train,ASVspoof2019_LA,ASVspoof2019.LA.cm.train.trn.txt
processed/train/FAKE/LA_T_6051675_segment_001.wav,LA_T_6051675.flac,1,FAKE,LA_0086,train,ASVspoof2019_LA,ASVspoof2019.LA.cm.train.trn.txt
processed/train/FAKE/LA_T_6051675_segment_002.wav,LA_T_6051675.flac,1,FAKE,LA_0086,train,ASVspoof2019_LA,ASVspoof2019.LA.cm.train.trn.txt
processed/train/FAKE/LA_T_6069482_segment_001.wav,LA_T_6069482.flac,1,FAKE,LA_0084,train,ASVspoof2019_LA,ASVspoof2019.LA.cm.train.trn.txt
processed/train/FAKE/LA_T_6069482_segment_002.wav,LA_T_6069482.flac,1,FAKE,LA_0084,train,ASVspoof2019_LA,ASVspoof2019.LA.cm.train.trn.txt
processed/train/FAKE/LA_T_6071492_segment_001.wav,LA_T_6071492.flac,1,FAKE,LA_0091,train,ASVspoof2019_LA,ASVspoof2019.LA.cm.train.trn.txt
processed/train/FAKE/LA_T_6071492_segment_002.wav,LA_T_6071492.flac,1,FAKE,LA_0091,train,ASVspoof2019_LA,ASVspoof2019.LA.cm.train.trn.txt
processed/train/FAKE/LA_T_6071599_segment_001.wav,LA_T_6071599.flac,1,FAKE,LA_0091,train,ASVspoof2019_LA,ASVspoof2019.LA.cm.train.trn.txt
processed/train/FAKE/LA_T_6071599_segment_002.wav,LA_T_6071599.flac,1,FAKE,LA_0091,train,ASVspoof2019_LA,ASVspoof2019.LA.cm.train.trn.txt
processed/train/FAKE/LA_T_6097411_segment_001.wav,LA_T_6097411.flac,1,FAKE,LA_0085,train,ASVspoof2019_LA,ASVspoof2019.LA.cm.train.trn.txt
processed/train/FAKE/LA_T_6099899_segment_001.wav,LA_T_6099899.flac,1,FAKE,LA_0095,train,ASVspoof2019_LA,ASVspoof2019.LA.cm.train.trn.txt
processed/train/FAKE/LA_T_6099899_segment_002.wav,LA_T_6099899.flac,1,FAKE,LA_0095,train,ASVspoof2019_LA,ASVspoof2019.LA.cm.train.trn.txt
processed/train/FAKE/LA_T_6102460_segment_001.wav,LA_T_6102460.flac,1,FAKE,LA_0087,train,ASVspoof2019_LA,ASVspoof2019.LA.cm.train.trn.txt
processed/train/FAKE/LA_T_6104412_segment_001.wav,LA_T_6104412.flac,1,FAKE,LA_0093,train,ASVspoof2019_LA,ASVspoof2019.LA.cm.train.trn.txt
processed/train/FAKE/LA_T_6104412_segment_002.wav,LA_T_6104412.flac,1,FAKE,LA_0093,train,ASVspoof2019_LA,ASVspoof2019.LA.cm.train.trn.txt
processed/train/FAKE/LA_T_6111496_segment_001.wav,LA_T_6111496.flac,1,FAKE,LA_0098,train,ASVspoof2019_LA,ASVspoof2019.LA.cm.train.trn.txt
processed/train/FAKE/LA_T_6111496_segment_002.wav,LA_T_6111496.flac,1,FAKE,LA_0098,train,ASVspoof2019_LA,ASVspoof2019.LA.cm.train.trn.txt
processed/train/FAKE/LA_T_6136391_segment_001.wav,LA_T_6136391.flac,1,FAKE,LA_0092,train,ASVspoof2019_LA,ASVspoof2019.LA.cm.train.trn.txt
processed/train/FAKE/LA_T_6170947_segment_001.wav,LA_T_6170947.flac,1,FAKE,LA_0095,train,ASVspoof2019_LA,ASVspoof2019.LA.cm.train.trn.txt
processed/train/FAKE/LA_T_6174387_segment_001.wav,LA_T_6174387.flac,1,FAKE,LA_0096,train,ASVspoof2019_LA,ASVspoof2019.LA.cm.train.trn.txt
processed/train/FAKE/LA_T_6174387_segment_002.wav,LA_T_6174387.flac,1,FAKE,LA_0096,train,ASVspoof2019_LA,ASVspoof2019.LA.cm.train.trn.txt
processed/train/FAKE/LA_T_6185775_segment_001.wav,LA_T_6185775.flac,1,FAKE,LA_0097,train,ASVspoof2019_LA,ASVspoof2019.LA.cm.train.trn.txt
processed/train/FAKE/LA_T_6185775_segment_002.wav,LA_T_6185775.flac,1,FAKE,LA_0097,train,ASVspoof2019_LA,ASVspoof2019.LA.cm.train.trn.txt
processed/train/FAKE/LA_T_6217036_segment_001.wav,LA_T_6217036.flac,1,FAKE,LA_0092,train,ASVspoof2019_LA,ASVspoof2019.LA.cm.train.trn.txt
processed/train/FAKE/LA_T_6232825_segment_001.wav,LA_T_6232825.flac,1,FAKE,LA_0094,train,ASVspoof2019_LA,ASVspoof2019.LA.cm.train.trn.txt
processed/train/FAKE/LA_T_6278327_segment_001.wav,LA_T_6278327.flac,1,FAKE,LA_0084,train,ASVspoof2019_LA,ASVspoof2019.LA.cm.train.trn.txt
processed/train/FAKE/LA_T_6278327_segment_002.wav,LA_T_6278327.flac,1,FAKE,LA_0084,train,ASVspoof2019_LA,ASVspoof2019.LA.cm.train.trn.txt
processed/train/FAKE/LA_T_6284607_segment_001.wav,LA_T_6284607.flac,1,FAKE,LA_0098,train,ASVspoof2019_LA,ASVspoof2019.LA.cm.train.trn.txt
processed/train/FAKE/LA_T_6284607_segment_002.wav,LA_T_6284607.flac,1,FAKE,LA_0098,train,ASVspoof2019_LA,ASVspoof2019.LA.cm.train.trn.txt
processed/train/FAKE/LA_T_6316929_segment_001.wav,LA_T_6316929.flac,1,FAKE,LA_0083,train,ASVspoof2019_LA,ASVspoof2019.LA.cm.train.trn.txt
processed/train/FAKE/LA_T_6355446_segment_001.wav,LA_T_6355446.flac,1,FAKE,LA_0080,train,ASVspoof2019_LA,ASVspoof2019.LA.cm.train.trn.txt
processed/train/FAKE/LA_T_6355446_segment_002.wav,LA_T_6355446.flac,1,FAKE,LA_0080,train,ASVspoof2019_LA,ASVspoof2019.LA.cm.train.trn.txt
processed/train/FAKE/LA_T_6394020_segment_001.wav,LA_T_6394020.flac,1,FAKE,LA_0090,train,ASVspoof2019_LA,ASVspoof2019.LA.cm.train.trn.txt
processed/train/FAKE/LA_T_6394020_segment_002.wav,LA_T_6394020.flac,1,FAKE,LA_0090,train,ASVspoof2019_LA,ASVspoof2019.LA.cm.train.trn.txt
processed/train/FAKE/LA_T_6398380_segment_001.wav,LA_T_6398380.flac,1,FAKE,LA_0093,train,ASVspoof2019_LA,ASVspoof2019.LA.cm.train.trn.txt
processed/train/FAKE/LA_T_6414686_segment_001.wav,LA_T_6414686.flac,1,FAKE,LA_0081,train,ASVspoof2019_LA,ASVspoof2019.LA.cm.train.trn.txt
processed/train/FAKE/LA_T_6414686_segment_002.wav,LA_T_6414686.flac,1,FAKE,LA_0081,train,ASVspoof2019_LA,ASVspoof2019.LA.cm.train.trn.txt
processed/train/FAKE/LA_T_6415088_segment_001.wav,LA_T_6415088.flac,1,FAKE,LA_0080,train,ASVspoof2019_LA,ASVspoof2019.LA.cm.train.trn.txt
processed/train/FAKE/LA_T_6415088_segment_002.wav,LA_T_6415088.flac,1,FAKE,LA_0080,train,ASVspoof2019_LA,ASVspoof2019.LA.cm.train.trn.txt
processed/train/FAKE/LA_T_6452398_segment_001.wav,LA_T_6452398.flac,1,FAKE,LA_0097,train,ASVspoof2019_LA,ASVspoof2019.LA.cm.train.trn.txt
processed/train/FAKE/LA_T_6452398_segment_002.wav,LA_T_6452398.flac,1,FAKE,LA_0097,train,ASVspoof2019_LA,ASVspoof2019.LA.cm.train.trn.txt
processed/train/FAKE/LA_T_6456372_segment_001.wav,LA_T_6456372.flac,1,FAKE,LA_0097,train,ASVspoof2019_LA,ASVspoof2019.LA.cm.train.trn.txt
processed/train/FAKE/LA_T_6456372_segment_002.wav,LA_T_6456372.flac,1,FAKE,LA_0097,train,ASVspoof2019_LA,ASVspoof2019.LA.cm.train.trn.txt
processed/train/FAKE/LA_T_6458059_segment_001.wav,LA_T_6458059.flac,1,FAKE,LA_0081,train,ASVspoof2019_LA,ASVspoof2019.LA.cm.train.trn.txt
processed/train/FAKE/LA_T_6458059_segment_002.wav,LA_T_6458059.flac,1,FAKE,LA_0081,train,ASVspoof2019_LA,ASVspoof2019.LA.cm.train.trn.txt
processed/train/FAKE/LA_T_6481649_segment_001.wav,LA_T_6481649.flac,1,FAKE,LA_0085,train,ASVspoof2019_LA,ASVspoof2019.LA.cm.train.trn.txt
processed/train/FAKE/LA_T_6481649_segment_002.wav,LA_T_6481649.flac,1,FAKE,LA_0085,train,ASVspoof2019_LA,ASVspoof2019.LA.cm.train.trn.txt
processed/train/FAKE/LA_T_6481649_segment_003.wav,LA_T_6481649.flac,1,FAKE,LA_0085,train,ASVspoof2019_LA,ASVspoof2019.LA.cm.train.trn.txt
processed/train/FAKE/LA_T_6493893_segment_001.wav,LA_T_6493893.flac,1,FAKE,LA_0086,train,ASVspoof2019_LA,ASVspoof2019.LA.cm.train.trn.txt
processed/train/FAKE/LA_T_6493893_segment_002.wav,LA_T_6493893.flac,1,FAKE,LA_0086,train,ASVspoof2019_LA,ASVspoof2019.LA.cm.train.trn.txt
processed/train/FAKE/LA_T_6510676_segment_001.wav,LA_T_6510676.flac,1,FAKE,LA_0090,train,ASVspoof2019_LA,ASVspoof2019.LA.cm.train.trn.txt
processed/train/FAKE/LA_T_6510676_segment_002.wav,LA_T_6510676.flac,1,FAKE,LA_0090,train,ASVspoof2019_LA,ASVspoof2019.LA.cm.train.trn.txt
processed/train/FAKE/LA_T_6512199_segment_001.wav,LA_T_6512199.flac,1,FAKE,LA_0088,train,ASVspoof2019_LA,ASVspoof2019.LA.cm.train.trn.txt
processed/train/FAKE/LA_T_6527686_segment_001.wav,LA_T_6527686.flac,1,FAKE,LA_0081,train,ASVspoof2019_LA,ASVspoof2019.LA.cm.train.trn.txt
processed/train/FAKE/LA_T_6556647_segment_001.wav,LA_T_6556647.flac,1,FAKE,LA_0080,train,ASVspoof2019_LA,ASVspoof2019.LA.cm.train.trn.txt
processed/train/FAKE/LA_T_6571094_segment_001.wav,LA_T_6571094.flac,1,FAKE,LA_0086,train,ASVspoof2019_LA,ASVspoof2019.LA.cm.train.trn.txt
processed/train/FAKE/LA_T_6571094_segment_002.wav,LA_T_6571094.flac,1,FAKE,LA_0086,train,ASVspoof2019_LA,ASVspoof2019.LA.cm.train.trn.txt
processed/train/FAKE/LA_T_6576205_segment_001.wav,LA_T_6576205.flac,1,FAKE,LA_0088,train,ASVspoof2019_LA,ASVspoof2019.LA.cm.train.trn.txt
processed/train/FAKE/LA_T_6734109_segment_001.wav,LA_T_6734109.flac,1,FAKE,LA_0079,train,ASVspoof2019_LA,ASVspoof2019.LA.cm.train.trn.txt
processed/train/FAKE/LA_T_6734109_segment_002.wav,LA_T_6734109.flac,1,FAKE,LA_0079,train,ASVspoof2019_LA,ASVspoof2019.LA.cm.train.trn.txt
processed/train/FAKE/LA_T_6749249_segment_001.wav,LA_T_6749249.flac,1,FAKE,LA_0084,train,ASVspoof2019_LA,ASVspoof2019.LA.cm.train.trn.txt
processed/train/FAKE/LA_T_6749249_segment_002.wav,LA_T_6749249.flac,1,FAKE,LA_0084,train,ASVspoof2019_LA,ASVspoof2019.LA.cm.train.trn.txt
processed/train/FAKE/LA_T_6770833_segment_001.wav,LA_T_6770833.flac,1,FAKE,LA_0088,train,ASVspoof2019_LA,ASVspoof2019.LA.cm.train.trn.txt
processed/train/FAKE/LA_T_6770833_segment_002.wav,LA_T_6770833.flac,1,FAKE,LA_0088,train,ASVspoof2019_LA,ASVspoof2019.LA.cm.train.trn.txt
processed/train/FAKE/LA_T_6785696_segment_001.wav,LA_T_6785696.flac,1,FAKE,LA_0087,train,ASVspoof2019_LA,ASVspoof2019.LA.cm.train.trn.txt
processed/train/FAKE/LA_T_6785696_segment_002.wav,LA_T_6785696.flac,1,FAKE,LA_0087,train,ASVspoof2019_LA,ASVspoof2019.LA.cm.train.trn.txt
processed/train/FAKE/LA_T_6785696_segment_003.wav,LA_T_6785696.flac,1,FAKE,LA_0087,train,ASVspoof2019_LA,ASVspoof2019.LA.cm.train.trn.txt
processed/train/FAKE/LA_T_6796337_segment_001.wav,LA_T_6796337.flac,1,FAKE,LA_0097,train,ASVspoof2019_LA,ASVspoof2019.LA.cm.train.trn.txt
processed/train/FAKE/LA_T_6796337_segment_002.wav,LA_T_6796337.flac,1,FAKE,LA_0097,train,ASVspoof2019_LA,ASVspoof2019.LA.cm.train.trn.txt
processed/train/FAKE/LA_T_6811096_segment_001.wav,LA_T_6811096.flac,1,FAKE,LA_0091,train,ASVspoof2019_LA,ASVspoof2019.LA.cm.train.trn.txt
processed/train/FAKE/LA_T_6811096_segment_002.wav,LA_T_6811096.flac,1,FAKE,LA_0091,train,ASVspoof2019_LA,ASVspoof2019.LA.cm.train.trn.txt
processed/train/FAKE/LA_T_6823968_segment_001.wav,LA_T_6823968.flac,1,FAKE,LA_0079,train,ASVspoof2019_LA,ASVspoof2019.LA.cm.train.trn.txt
processed/train/FAKE/LA_T_6823968_segment_002.wav,LA_T_6823968.flac,1,FAKE,LA_0079,train,ASVspoof2019_LA,ASVspoof2019.LA.cm.train.trn.txt
processed/train/FAKE/LA_T_6828664_segment_001.wav,LA_T_6828664.flac,1,FAKE,LA_0089,train,ASVspoof2019_LA,ASVspoof2019.LA.cm.train.trn.txt
processed/train/FAKE/LA_T_6828664_segment_002.wav,LA_T_6828664.flac,1,FAKE,LA_0089,train,ASVspoof2019_LA,ASVspoof2019.LA.cm.train.trn.txt
processed/train/FAKE/LA_T_6834916_segment_001.wav,LA_T_6834916.flac,1,FAKE,LA_0088,train,ASVspoof2019_LA,ASVspoof2019.LA.cm.train.trn.txt
processed/train/FAKE/LA_T_6834916_segment_002.wav,LA_T_6834916.flac,1,FAKE,LA_0088,train,ASVspoof2019_LA,ASVspoof2019.LA.cm.train.trn.txt
processed/train/FAKE/LA_T_6838646_segment_001.wav,LA_T_6838646.flac,1,FAKE,LA_0089,train,ASVspoof2019_LA,ASVspoof2019.LA.cm.train.trn.txt
processed/train/FAKE/LA_T_6838646_segment_002.wav,LA_T_6838646.flac,1,FAKE,LA_0089,train,ASVspoof2019_LA,ASVspoof2019.LA.cm.train.trn.txt
processed/train/FAKE/LA_T_6838646_segment_003.wav,LA_T_6838646.flac,1,FAKE,LA_0089,train,ASVspoof2019_LA,ASVspoof2019.LA.cm.train.trn.txt
processed/train/FAKE/LA_T_6866302_segment_001.wav,LA_T_6866302.flac,1,FAKE,LA_0092,train,ASVspoof2019_LA,ASVspoof2019.LA.cm.train.trn.txt
processed/train/FAKE/LA_T_6866302_segment_002.wav,LA_T_6866302.flac,1,FAKE,LA_0092,train,ASVspoof2019_LA,ASVspoof2019.LA.cm.train.trn.txt
processed/train/FAKE/LA_T_6866613_segment_001.wav,LA_T_6866613.flac,1,FAKE,LA_0097,train,ASVspoof2019_LA,ASVspoof2019.LA.cm.train.trn.txt
processed/train/FAKE/LA_T_6878620_segment_001.wav,LA_T_6878620.flac,1,FAKE,LA_0081,train,ASVspoof2019_LA,ASVspoof2019.LA.cm.train.trn.txt
processed/train/FAKE/LA_T_6878620_segment_002.wav,LA_T_6878620.flac,1,FAKE,LA_0081,train,ASVspoof2019_LA,ASVspoof2019.LA.cm.train.trn.txt
processed/train/FAKE/LA_T_6884022_segment_001.wav,LA_T_6884022.flac,1,FAKE,LA_0095,train,ASVspoof2019_LA,ASVspoof2019.LA.cm.train.trn.txt
processed/train/FAKE/LA_T_6884022_segment_002.wav,LA_T_6884022.flac,1,FAKE,LA_0095,train,ASVspoof2019_LA,ASVspoof2019.LA.cm.train.trn.txt
processed/train/FAKE/LA_T_6887320_segment_001.wav,LA_T_6887320.flac,1,FAKE,LA_0084,train,ASVspoof2019_LA,ASVspoof2019.LA.cm.train.trn.txt
processed/train/FAKE/LA_T_6887320_segment_002.wav,LA_T_6887320.flac,1,FAKE,LA_0084,train,ASVspoof2019_LA,ASVspoof2019.LA.cm.train.trn.txt
processed/train/FAKE/LA_T_6904969_segment_001.wav,LA_T_6904969.flac,1,FAKE,LA_0082,train,ASVspoof2019_LA,ASVspoof2019.LA.cm.train.trn.txt
processed/train/FAKE/LA_T_6912074_segment_001.wav,LA_T_6912074.flac,1,FAKE,LA_0092,train,ASVspoof2019_LA,ASVspoof2019.LA.cm.train.trn.txt
processed/train/FAKE/LA_T_6919433_segment_001.wav,LA_T_6919433.flac,1,FAKE,LA_0092,train,ASVspoof2019_LA,ASVspoof2019.LA.cm.train.trn.txt
processed/train/FAKE/LA_T_6931675_segment_001.wav,LA_T_6931675.flac,1,FAKE,LA_0094,train,ASVspoof2019_LA,ASVspoof2019.LA.cm.train.trn.txt
processed/train/FAKE/LA_T_6942847_segment_001.wav,LA_T_6942847.flac,1,FAKE,LA_0083,train,ASVspoof2019_LA,ASVspoof2019.LA.cm.train.trn.txt
processed/train/FAKE/LA_T_6949005_segment_001.wav,LA_T_6949005.flac,1,FAKE,LA_0092,train,ASVspoof2019_LA,ASVspoof2019.LA.cm.train.trn.txt
processed/train/FAKE/LA_T_6949005_segment_002.wav,LA_T_6949005.flac,1,FAKE,LA_0092,train,ASVspoof2019_LA,ASVspoof2019.LA.cm.train.trn.txt
processed/train/FAKE/LA_T_6962997_segment_001.wav,LA_T_6962997.flac,1,FAKE,LA_0097,train,ASVspoof2019_LA,ASVspoof2019.LA.cm.train.trn.txt
processed/train/FAKE/LA_T_7012248_segment_001.wav,LA_T_7012248.flac,1,FAKE,LA_0089,train,ASVspoof2019_LA,ASVspoof2019.LA.cm.train.trn.txt
processed/train/FAKE/LA_T_7047656_segment_001.wav,LA_T_7047656.flac,1,FAKE,LA_0090,train,ASVspoof2019_LA,ASVspoof2019.LA.cm.train.trn.txt
processed/train/FAKE/LA_T_7047656_segment_002.wav,LA_T_7047656.flac,1,FAKE,LA_0090,train,ASVspoof2019_LA,ASVspoof2019.LA.cm.train.trn.txt
processed/train/FAKE/LA_T_7069503_segment_001.wav,LA_T_7069503.flac,1,FAKE,LA_0087,train,ASVspoof2019_LA,ASVspoof2019.LA.cm.train.trn.txt
processed/train/FAKE/LA_T_7070603_segment_001.wav,LA_T_7070603.flac,1,FAKE,LA_0088,train,ASVspoof2019_LA,ASVspoof2019.LA.cm.train.trn.txt
processed/train/FAKE/LA_T_7070603_segment_002.wav,LA_T_7070603.flac,1,FAKE,LA_0088,train,ASVspoof2019_LA,ASVspoof2019.LA.cm.train.trn.txt
processed/train/FAKE/LA_T_7081724_segment_001.wav,LA_T_7081724.flac,1,FAKE,LA_0084,train,ASVspoof2019_LA,ASVspoof2019.LA.cm.train.trn.txt
processed/train/FAKE/LA_T_7081724_segment_002.wav,LA_T_7081724.flac,1,FAKE,LA_0084,train,ASVspoof2019_LA,ASVspoof2019.LA.cm.train.trn.txt
processed/train/FAKE/LA_T_7082730_segment_001.wav,LA_T_7082730.flac,1,FAKE,LA_0096,train,ASVspoof2019_LA,ASVspoof2019.LA.cm.train.trn.txt
processed/train/FAKE/LA_T_7113022_segment_001.wav,LA_T_7113022.flac,1,FAKE,LA_0089,train,ASVspoof2019_LA,ASVspoof2019.LA.cm.train.trn.txt
processed/train/FAKE/LA_T_7113022_segment_002.wav,LA_T_7113022.flac,1,FAKE,LA_0089,train,ASVspoof2019_LA,ASVspoof2019.LA.cm.train.trn.txt
processed/train/FAKE/LA_T_7126643_segment_001.wav,LA_T_7126643.flac,1,FAKE,LA_0098,train,ASVspoof2019_LA,ASVspoof2019.LA.cm.train.trn.txt
processed/train/FAKE/LA_T_7126643_segment_002.wav,LA_T_7126643.flac,1,FAKE,LA_0098,train,ASVspoof2019_LA,ASVspoof2019.LA.cm.train.trn.txt
processed/train/FAKE/LA_T_7136815_segment_001.wav,LA_T_7136815.flac,1,FAKE,LA_0085,train,ASVspoof2019_LA,ASVspoof2019.LA.cm.train.trn.txt
processed/train/FAKE/LA_T_7149832_segment_001.wav,LA_T_7149832.flac,1,FAKE,LA_0092,train,ASVspoof2019_LA,ASVspoof2019.LA.cm.train.trn.txt
processed/train/FAKE/LA_T_7149832_segment_002.wav,LA_T_7149832.flac,1,FAKE,LA_0092,train,ASVspoof2019_LA,ASVspoof2019.LA.cm.train.trn.txt
processed/train/FAKE/LA_T_7168958_segment_001.wav,LA_T_7168958.flac,1,FAKE,LA_0083,train,ASVspoof2019_LA,ASVspoof2019.LA.cm.train.trn.txt
processed/train/FAKE/LA_T_7196016_segment_001.wav,LA_T_7196016.flac,1,FAKE,LA_0095,train,ASVspoof2019_LA,ASVspoof2019.LA.cm.train.trn.txt
processed/train/FAKE/LA_T_7249621_segment_001.wav,LA_T_7249621.flac,1,FAKE,LA_0080,train,ASVspoof2019_LA,ASVspoof2019.LA.cm.train.trn.txt
processed/train/FAKE/LA_T_7249621_segment_002.wav,LA_T_7249621.flac,1,FAKE,LA_0080,train,ASVspoof2019_LA,ASVspoof2019.LA.cm.train.trn.txt
processed/train/FAKE/LA_T_7271776_segment_001.wav,LA_T_7271776.flac,1,FAKE,LA_0091,train,ASVspoof2019_LA,ASVspoof2019.LA.cm.train.trn.txt
processed/train/FAKE/LA_T_7321267_segment_001.wav,LA_T_7321267.flac,1,FAKE,LA_0081,train,ASVspoof2019_LA,ASVspoof2019.LA.cm.train.trn.txt
processed/train/FAKE/LA_T_7338817_segment_001.wav,LA_T_7338817.flac,1,FAKE,LA_0079,train,ASVspoof2019_LA,ASVspoof2019.LA.cm.train.trn.txt
processed/train/FAKE/LA_T_7338817_segment_002.wav,LA_T_7338817.flac,1,FAKE,LA_0079,train,ASVspoof2019_LA,ASVspoof2019.LA.cm.train.trn.txt
processed/train/FAKE/LA_T_7389695_segment_001.wav,LA_T_7389695.flac,1,FAKE,LA_0079,train,ASVspoof2019_LA,ASVspoof2019.LA.cm.train.trn.txt
processed/train/FAKE/LA_T_7412444_segment_001.wav,LA_T_7412444.flac,1,FAKE,LA_0084,train,ASVspoof2019_LA,ASVspoof2019.LA.cm.train.trn.txt
processed/train/FAKE/LA_T_7412444_segment_002.wav,LA_T_7412444.flac,1,FAKE,LA_0084,train,ASVspoof2019_LA,ASVspoof2019.LA.cm.train.trn.txt
processed/train/FAKE/LA_T_7417506_segment_001.wav,LA_T_7417506.flac,1,FAKE,LA_0087,train,ASVspoof2019_LA,ASVspoof2019.LA.cm.train.trn.txt
processed/train/FAKE/LA_T_7427268_segment_001.wav,LA_T_7427268.flac,1,FAKE,LA_0095,train,ASVspoof2019_LA,ASVspoof2019.LA.cm.train.trn.txt
processed/train/FAKE/LA_T_7468189_segment_001.wav,LA_T_7468189.flac,1,FAKE,LA_0086,train,ASVspoof2019_LA,ASVspoof2019.LA.cm.train.trn.txt
processed/train/FAKE/LA_T_7503107_segment_001.wav,LA_T_7503107.flac,1,FAKE,LA_0092,train,ASVspoof2019_LA,ASVspoof2019.LA.cm.train.trn.txt
processed/train/FAKE/LA_T_7519509_segment_001.wav,LA_T_7519509.flac,1,FAKE,LA_0083,train,ASVspoof2019_LA,ASVspoof2019.LA.cm.train.trn.txt
processed/train/FAKE/LA_T_7530081_segment_001.wav,LA_T_7530081.flac,1,FAKE,LA_0097,train,ASVspoof2019_LA,ASVspoof2019.LA.cm.train.trn.txt
processed/train/FAKE/LA_T_7530081_segment_002.wav,LA_T_7530081.flac,1,FAKE,LA_0097,train,ASVspoof2019_LA,ASVspoof2019.LA.cm.train.trn.txt
processed/train/FAKE/LA_T_7530081_segment_003.wav,LA_T_7530081.flac,1,FAKE,LA_0097,train,ASVspoof2019_LA,ASVspoof2019.LA.cm.train.trn.txt
processed/train/FAKE/LA_T_7601609_segment_001.wav,LA_T_7601609.flac,1,FAKE,LA_0082,train,ASVspoof2019_LA,ASVspoof2019.LA.cm.train.trn.txt
processed/train/FAKE/LA_T_7623077_segment_001.wav,LA_T_7623077.flac,1,FAKE,LA_0097,train,ASVspoof2019_LA,ASVspoof2019.LA.cm.train.trn.txt
processed/train/FAKE/LA_T_7642568_segment_001.wav,LA_T_7642568.flac,1,FAKE,LA_0096,train,ASVspoof2019_LA,ASVspoof2019.LA.cm.train.trn.txt
processed/train/FAKE/LA_T_7642568_segment_002.wav,LA_T_7642568.flac,1,FAKE,LA_0096,train,ASVspoof2019_LA,ASVspoof2019.LA.cm.train.trn.txt
processed/train/FAKE/LA_T_7648752_segment_001.wav,LA_T_7648752.flac,1,FAKE,LA_0091,train,ASVspoof2019_LA,ASVspoof2019.LA.cm.train.trn.txt
processed/train/FAKE/LA_T_7648752_segment_002.wav,LA_T_7648752.flac,1,FAKE,LA_0091,train,ASVspoof2019_LA,ASVspoof2019.LA.cm.train.trn.txt
processed/train/FAKE/LA_T_7658708_segment_001.wav,LA_T_7658708.flac,1,FAKE,LA_0081,train,ASVspoof2019_LA,ASVspoof2019.LA.cm.train.trn.txt
processed/train/FAKE/LA_T_7658708_segment_002.wav,LA_T_7658708.flac,1,FAKE,LA_0081,train,ASVspoof2019_LA,ASVspoof2019.LA.cm.train.trn.txt
processed/train/FAKE/LA_T_7661844_segment_001.wav,LA_T_7661844.flac,1,FAKE,LA_0092,train,ASVspoof2019_LA,ASVspoof2019.LA.cm.train.trn.txt
processed/train/FAKE/LA_T_7661844_segment_002.wav,LA_T_7661844.flac,1,FAKE,LA_0092,train,ASVspoof2019_LA,ASVspoof2019.LA.cm.train.trn.txt
processed/train/FAKE/LA_T_7670343_segment_001.wav,LA_T_7670343.flac,1,FAKE,LA_0090,train,ASVspoof2019_LA,ASVspoof2019.LA.cm.train.trn.txt
processed/train/FAKE/LA_T_7670531_segment_001.wav,LA_T_7670531.flac,1,FAKE,LA_0084,train,ASVspoof2019_LA,ASVspoof2019.LA.cm.train.trn.txt
processed/train/FAKE/LA_T_7675303_segment_001.wav,LA_T_7675303.flac,1,FAKE,LA_0095,train,ASVspoof2019_LA,ASVspoof2019.LA.cm.train.trn.txt
processed/train/FAKE/LA_T_7675303_segment_002.wav,LA_T_7675303.flac,1,FAKE,LA_0095,train,ASVspoof2019_LA,ASVspoof2019.LA.cm.train.trn.txt
processed/train/FAKE/LA_T_7682283_segment_001.wav,LA_T_7682283.flac,1,FAKE,LA_0087,train,ASVspoof2019_LA,ASVspoof2019.LA.cm.train.trn.txt
processed/train/FAKE/LA_T_7723562_segment_001.wav,LA_T_7723562.flac,1,FAKE,LA_0093,train,ASVspoof2019_LA,ASVspoof2019.LA.cm.train.trn.txt
processed/train/FAKE/LA_T_7733347_segment_001.wav,LA_T_7733347.flac,1,FAKE,LA_0094,train,ASVspoof2019_LA,ASVspoof2019.LA.cm.train.trn.txt
processed/train/FAKE/LA_T_7754596_segment_001.wav,LA_T_7754596.flac,1,FAKE,LA_0086,train,ASVspoof2019_LA,ASVspoof2019.LA.cm.train.trn.txt
processed/train/FAKE/LA_T_7755568_segment_001.wav,LA_T_7755568.flac,1,FAKE,LA_0080,train,ASVspoof2019_LA,ASVspoof2019.LA.cm.train.trn.txt
processed/train/FAKE/LA_T_7763777_segment_001.wav,LA_T_7763777.flac,1,FAKE,LA_0083,train,ASVspoof2019_LA,ASVspoof2019.LA.cm.train.trn.txt
processed/train/FAKE/LA_T_7771973_segment_001.wav,LA_T_7771973.flac,1,FAKE,LA_0088,train,ASVspoof2019_LA,ASVspoof2019.LA.cm.train.trn.txt
processed/train/FAKE/LA_T_7771973_segment_002.wav,LA_T_7771973.flac,1,FAKE,LA_0088,train,ASVspoof2019_LA,ASVspoof2019.LA.cm.train.trn.txt
processed/train/FAKE/LA_T_7781124_segment_001.wav,LA_T_7781124.flac,1,FAKE,LA_0089,train,ASVspoof2019_LA,ASVspoof2019.LA.cm.train.trn.txt
processed/train/FAKE/LA_T_7781124_segment_002.wav,LA_T_7781124.flac,1,FAKE,LA_0089,train,ASVspoof2019_LA,ASVspoof2019.LA.cm.train.trn.txt
processed/train/FAKE/LA_T_7790851_segment_001.wav,LA_T_7790851.flac,1,FAKE,LA_0088,train,ASVspoof2019_LA,ASVspoof2019.LA.cm.train.trn.txt
processed/train/FAKE/LA_T_7790851_segment_002.wav,LA_T_7790851.flac,1,FAKE,LA_0088,train,ASVspoof2019_LA,ASVspoof2019.LA.cm.train.trn.txt
processed/train/FAKE/LA_T_7814998_segment_001.wav,LA_T_7814998.flac,1,FAKE,LA_0096,train,ASVspoof2019_LA,ASVspoof2019.LA.cm.train.trn.txt
processed/train/FAKE/LA_T_7844981_segment_001.wav,LA_T_7844981.flac,1,FAKE,LA_0094,train,ASVspoof2019_LA,ASVspoof2019.LA.cm.train.trn.txt
processed/train/FAKE/LA_T_7845532_segment_001.wav,LA_T_7845532.flac,1,FAKE,LA_0091,train,ASVspoof2019_LA,ASVspoof2019.LA.cm.train.trn.txt
processed/train/FAKE/LA_T_7845532_segment_002.wav,LA_T_7845532.flac,1,FAKE,LA_0091,train,ASVspoof2019_LA,ASVspoof2019.LA.cm.train.trn.txt
processed/train/FAKE/LA_T_7873823_segment_001.wav,LA_T_7873823.flac,1,FAKE,LA_0094,train,ASVspoof2019_LA,ASVspoof2019.LA.cm.train.trn.txt
processed/train/FAKE/LA_T_7894716_segment_001.wav,LA_T_7894716.flac,1,FAKE,LA_0098,train,ASVspoof2019_LA,ASVspoof2019.LA.cm.train.trn.txt
processed/train/FAKE/LA_T_7894716_segment_002.wav,LA_T_7894716.flac,1,FAKE,LA_0098,train,ASVspoof2019_LA,ASVspoof2019.LA.cm.train.trn.txt
processed/train/FAKE/LA_T_7895665_segment_001.wav,LA_T_7895665.flac,1,FAKE,LA_0082,train,ASVspoof2019_LA,ASVspoof2019.LA.cm.train.trn.txt
processed/train/FAKE/LA_T_7895665_segment_002.wav,LA_T_7895665.flac,1,FAKE,LA_0082,train,ASVspoof2019_LA,ASVspoof2019.LA.cm.train.trn.txt
processed/train/FAKE/LA_T_7895665_segment_003.wav,LA_T_7895665.flac,1,FAKE,LA_0082,train,ASVspoof2019_LA,ASVspoof2019.LA.cm.train.trn.txt
processed/train/FAKE/LA_T_7913097_segment_001.wav,LA_T_7913097.flac,1,FAKE,LA_0086,train,ASVspoof2019_LA,ASVspoof2019.LA.cm.train.trn.txt
processed/train/FAKE/LA_T_7913097_segment_002.wav,LA_T_7913097.flac,1,FAKE,LA_0086,train,ASVspoof2019_LA,ASVspoof2019.LA.cm.train.trn.txt
processed/train/FAKE/LA_T_7939704_segment_001.wav,LA_T_7939704.flac,1,FAKE,LA_0084,train,ASVspoof2019_LA,ASVspoof2019.LA.cm.train.trn.txt
processed/train/FAKE/LA_T_7955868_segment_001.wav,LA_T_7955868.flac,1,FAKE,LA_0095,train,ASVspoof2019_LA,ASVspoof2019.LA.cm.train.trn.txt
processed/train/FAKE/LA_T_7955868_segment_002.wav,LA_T_7955868.flac,1,FAKE,LA_0095,train,ASVspoof2019_LA,ASVspoof2019.LA.cm.train.trn.txt
processed/train/FAKE/LA_T_7974928_segment_001.wav,LA_T_7974928.flac,1,FAKE,LA_0092,train,ASVspoof2019_LA,ASVspoof2019.LA.cm.train.trn.txt
processed/train/FAKE/LA_T_8052314_segment_001.wav,LA_T_8052314.flac,1,FAKE,LA_0097,train,ASVspoof2019_LA,ASVspoof2019.LA.cm.train.trn.txt
processed/train/FAKE/LA_T_8052314_segment_002.wav,LA_T_8052314.flac,1,FAKE,LA_0097,train,ASVspoof2019_LA,ASVspoof2019.LA.cm.train.trn.txt
processed/train/FAKE/LA_T_8055426_segment_001.wav,LA_T_8055426.flac,1,FAKE,LA_0090,train,ASVspoof2019_LA,ASVspoof2019.LA.cm.train.trn.txt
processed/train/FAKE/LA_T_8059404_segment_001.wav,LA_T_8059404.flac,1,FAKE,LA_0081,train,ASVspoof2019_LA,ASVspoof2019.LA.cm.train.trn.txt
processed/train/FAKE/LA_T_8059710_segment_001.wav,LA_T_8059710.flac,1,FAKE,LA_0091,train,ASVspoof2019_LA,ASVspoof2019.LA.cm.train.trn.txt
processed/train/FAKE/LA_T_8059710_segment_002.wav,LA_T_8059710.flac,1,FAKE,LA_0091,train,ASVspoof2019_LA,ASVspoof2019.LA.cm.train.trn.txt
processed/train/FAKE/LA_T_8059828_segment_001.wav,LA_T_8059828.flac,1,FAKE,LA_0085,train,ASVspoof2019_LA,ASVspoof2019.LA.cm.train.trn.txt
processed/train/FAKE/LA_T_8093073_segment_001.wav,LA_T_8093073.flac,1,FAKE,LA_0080,train,ASVspoof2019_LA,ASVspoof2019.LA.cm.train.trn.txt
processed/train/FAKE/LA_T_8093073_segment_002.wav,LA_T_8093073.flac,1,FAKE,LA_0080,train,ASVspoof2019_LA,ASVspoof2019.LA.cm.train.trn.txt
processed/train/FAKE/LA_T_8126617_segment_001.wav,LA_T_8126617.flac,1,FAKE,LA_0091,train,ASVspoof2019_LA,ASVspoof2019.LA.cm.train.trn.txt
processed/train/FAKE/LA_T_8126617_segment_002.wav,LA_T_8126617.flac,1,FAKE,LA_0091,train,ASVspoof2019_LA,ASVspoof2019.LA.cm.train.trn.txt
processed/train/FAKE/LA_T_8136658_segment_001.wav,LA_T_8136658.flac,1,FAKE,LA_0091,train,ASVspoof2019_LA,ASVspoof2019.LA.cm.train.trn.txt
processed/train/FAKE/LA_T_8136658_segment_002.wav,LA_T_8136658.flac,1,FAKE,LA_0091,train,ASVspoof2019_LA,ASVspoof2019.LA.cm.train.trn.txt
processed/train/FAKE/LA_T_8159529_segment_001.wav,LA_T_8159529.flac,1,FAKE,LA_0090,train,ASVspoof2019_LA,ASVspoof2019.LA.cm.train.trn.txt
processed/train/FAKE/LA_T_8186635_segment_001.wav,LA_T_8186635.flac,1,FAKE,LA_0081,train,ASVspoof2019_LA,ASVspoof2019.LA.cm.train.trn.txt
processed/train/FAKE/LA_T_8249746_segment_001.wav,LA_T_8249746.flac,1,FAKE,LA_0098,train,ASVspoof2019_LA,ASVspoof2019.LA.cm.train.trn.txt
processed/train/FAKE/LA_T_8257800_segment_001.wav,LA_T_8257800.flac,1,FAKE,LA_0079,train,ASVspoof2019_LA,ASVspoof2019.LA.cm.train.trn.txt
processed/train/FAKE/LA_T_8276326_segment_001.wav,LA_T_8276326.flac,1,FAKE,LA_0086,train,ASVspoof2019_LA,ASVspoof2019.LA.cm.train.trn.txt
processed/train/FAKE/LA_T_8276326_segment_002.wav,LA_T_8276326.flac,1,FAKE,LA_0086,train,ASVspoof2019_LA,ASVspoof2019.LA.cm.train.trn.txt
processed/train/FAKE/LA_T_8287825_segment_001.wav,LA_T_8287825.flac,1,FAKE,LA_0079,train,ASVspoof2019_LA,ASVspoof2019.LA.cm.train.trn.txt
processed/train/FAKE/LA_T_8287825_segment_002.wav,LA_T_8287825.flac,1,FAKE,LA_0079,train,ASVspoof2019_LA,ASVspoof2019.LA.cm.train.trn.txt
processed/train/FAKE/LA_T_8290003_segment_001.wav,LA_T_8290003.flac,1,FAKE,LA_0090,train,ASVspoof2019_LA,ASVspoof2019.LA.cm.train.trn.txt
processed/train/FAKE/LA_T_8290003_segment_002.wav,LA_T_8290003.flac,1,FAKE,LA_0090,train,ASVspoof2019_LA,ASVspoof2019.LA.cm.train.trn.txt
processed/train/FAKE/LA_T_8297185_segment_001.wav,LA_T_8297185.flac,1,FAKE,LA_0093,train,ASVspoof2019_LA,ASVspoof2019.LA.cm.train.trn.txt
processed/train/FAKE/LA_T_8335714_segment_001.wav,LA_T_8335714.flac,1,FAKE,LA_0096,train,ASVspoof2019_LA,ASVspoof2019.LA.cm.train.trn.txt
processed/train/FAKE/LA_T_8335714_segment_002.wav,LA_T_8335714.flac,1,FAKE,LA_0096,train,ASVspoof2019_LA,ASVspoof2019.LA.cm.train.trn.txt
processed/train/FAKE/LA_T_8337036_segment_001.wav,LA_T_8337036.flac,1,FAKE,LA_0081,train,ASVspoof2019_LA,ASVspoof2019.LA.cm.train.trn.txt
processed/train/FAKE/LA_T_8345097_segment_001.wav,LA_T_8345097.flac,1,FAKE,LA_0087,train,ASVspoof2019_LA,ASVspoof2019.LA.cm.train.trn.txt
processed/train/FAKE/LA_T_8345097_segment_002.wav,LA_T_8345097.flac,1,FAKE,LA_0087,train,ASVspoof2019_LA,ASVspoof2019.LA.cm.train.trn.txt
processed/train/FAKE/LA_T_8359685_segment_001.wav,LA_T_8359685.flac,1,FAKE,LA_0093,train,ASVspoof2019_LA,ASVspoof2019.LA.cm.train.trn.txt
processed/train/FAKE/LA_T_8363461_segment_001.wav,LA_T_8363461.flac,1,FAKE,LA_0090,train,ASVspoof2019_LA,ASVspoof2019.LA.cm.train.trn.txt
processed/train/FAKE/LA_T_8363461_segment_002.wav,LA_T_8363461.flac,1,FAKE,LA_0090,train,ASVspoof2019_LA,ASVspoof2019.LA.cm.train.trn.txt
processed/train/FAKE/LA_T_8367117_segment_001.wav,LA_T_8367117.flac,1,FAKE,LA_0098,train,ASVspoof2019_LA,ASVspoof2019.LA.cm.train.trn.txt
processed/train/FAKE/LA_T_8367117_segment_002.wav,LA_T_8367117.flac,1,FAKE,LA_0098,train,ASVspoof2019_LA,ASVspoof2019.LA.cm.train.trn.txt
processed/train/FAKE/LA_T_8378801_segment_001.wav,LA_T_8378801.flac,1,FAKE,LA_0081,train,ASVspoof2019_LA,ASVspoof2019.LA.cm.train.trn.txt
processed/train/FAKE/LA_T_8378801_segment_002.wav,LA_T_8378801.flac,1,FAKE,LA_0081,train,ASVspoof2019_LA,ASVspoof2019.LA.cm.train.trn.txt
processed/train/FAKE/LA_T_8404339_segment_001.wav,LA_T_8404339.flac,1,FAKE,LA_0080,train,ASVspoof2019_LA,ASVspoof2019.LA.cm.train.trn.txt
processed/train/FAKE/LA_T_8404339_segment_002.wav,LA_T_8404339.flac,1,FAKE,LA_0080,train,ASVspoof2019_LA,ASVspoof2019.LA.cm.train.trn.txt
processed/train/FAKE/LA_T_8409710_segment_001.wav,LA_T_8409710.flac,1,FAKE,LA_0087,train,ASVspoof2019_LA,ASVspoof2019.LA.cm.train.trn.txt
processed/train/FAKE/LA_T_8409710_segment_002.wav,LA_T_8409710.flac,1,FAKE,LA_0087,train,ASVspoof2019_LA,ASVspoof2019.LA.cm.train.trn.txt
processed/train/FAKE/LA_T_8458796_segment_001.wav,LA_T_8458796.flac,1,FAKE,LA_0093,train,ASVspoof2019_LA,ASVspoof2019.LA.cm.train.trn.txt
processed/train/FAKE/LA_T_8458796_segment_002.wav,LA_T_8458796.flac,1,FAKE,LA_0093,train,ASVspoof2019_LA,ASVspoof2019.LA.cm.train.trn.txt
processed/train/FAKE/LA_T_8498031_segment_001.wav,LA_T_8498031.flac,1,FAKE,LA_0082,train,ASVspoof2019_LA,ASVspoof2019.LA.cm.train.trn.txt
processed/train/FAKE/LA_T_8498031_segment_002.wav,LA_T_8498031.flac,1,FAKE,LA_0082,train,ASVspoof2019_LA,ASVspoof2019.LA.cm.train.trn.txt
processed/train/FAKE/LA_T_8502821_segment_001.wav,LA_T_8502821.flac,1,FAKE,LA_0090,train,ASVspoof2019_LA,ASVspoof2019.LA.cm.train.trn.txt
processed/train/FAKE/LA_T_8502821_segment_002.wav,LA_T_8502821.flac,1,FAKE,LA_0090,train,ASVspoof2019_LA,ASVspoof2019.LA.cm.train.trn.txt
processed/train/FAKE/LA_T_8508886_segment_001.wav,LA_T_8508886.flac,1,FAKE,LA_0096,train,ASVspoof2019_LA,ASVspoof2019.LA.cm.train.trn.txt
processed/train/FAKE/LA_T_8508886_segment_002.wav,LA_T_8508886.flac,1,FAKE,LA_0096,train,ASVspoof2019_LA,ASVspoof2019.LA.cm.train.trn.txt
processed/train/FAKE/LA_T_8508886_segment_003.wav,LA_T_8508886.flac,1,FAKE,LA_0096,train,ASVspoof2019_LA,ASVspoof2019.LA.cm.train.trn.txt
processed/train/FAKE/LA_T_8539376_segment_001.wav,LA_T_8539376.flac,1,FAKE,LA_0098,train,ASVspoof2019_LA,ASVspoof2019.LA.cm.train.trn.txt
processed/train/FAKE/LA_T_8539376_segment_002.wav,LA_T_8539376.flac,1,FAKE,LA_0098,train,ASVspoof2019_LA,ASVspoof2019.LA.cm.train.trn.txt
processed/train/FAKE/LA_T_8553415_segment_001.wav,LA_T_8553415.flac,1,FAKE,LA_0085,train,ASVspoof2019_LA,ASVspoof2019.LA.cm.train.trn.txt
processed/train/FAKE/LA_T_8561206_segment_001.wav,LA_T_8561206.flac,1,FAKE,LA_0096,train,ASVspoof2019_LA,ASVspoof2019.LA.cm.train.trn.txt
processed/train/FAKE/LA_T_8561206_segment_002.wav,LA_T_8561206.flac,1,FAKE,LA_0096,train,ASVspoof2019_LA,ASVspoof2019.LA.cm.train.trn.txt
processed/train/FAKE/LA_T_8574954_segment_001.wav,LA_T_8574954.flac,1,FAKE,LA_0085,train,ASVspoof2019_LA,ASVspoof2019.LA.cm.train.trn.txt
processed/train/FAKE/LA_T_8574954_segment_002.wav,LA_T_8574954.flac,1,FAKE,LA_0085,train,ASVspoof2019_LA,ASVspoof2019.LA.cm.train.trn.txt
processed/train/FAKE/LA_T_8588493_segment_001.wav,LA_T_8588493.flac,1,FAKE,LA_0085,train,ASVspoof2019_LA,ASVspoof2019.LA.cm.train.trn.txt
processed/train/FAKE/LA_T_8588493_segment_002.wav,LA_T_8588493.flac,1,FAKE,LA_0085,train,ASVspoof2019_LA,ASVspoof2019.LA.cm.train.trn.txt
processed/train/FAKE/LA_T_8608373_segment_001.wav,LA_T_8608373.flac,1,FAKE,LA_0098,train,ASVspoof2019_LA,ASVspoof2019.LA.cm.train.trn.txt
processed/train/FAKE/LA_T_8608373_segment_002.wav,LA_T_8608373.flac,1,FAKE,LA_0098,train,ASVspoof2019_LA,ASVspoof2019.LA.cm.train.trn.txt
processed/train/FAKE/LA_T_8614786_segment_001.wav,LA_T_8614786.flac,1,FAKE,LA_0092,train,ASVspoof2019_LA,ASVspoof2019.LA.cm.train.trn.txt
processed/train/FAKE/LA_T_8614786_segment_002.wav,LA_T_8614786.flac,1,FAKE,LA_0092,train,ASVspoof2019_LA,ASVspoof2019.LA.cm.train.trn.txt
processed/train/FAKE/LA_T_8618415_segment_001.wav,LA_T_8618415.flac,1,FAKE,LA_0093,train,ASVspoof2019_LA,ASVspoof2019.LA.cm.train.trn.txt
processed/train/FAKE/LA_T_8664950_segment_001.wav,LA_T_8664950.flac,1,FAKE,LA_0095,train,ASVspoof2019_LA,ASVspoof2019.LA.cm.train.trn.txt
processed/train/FAKE/LA_T_8722539_segment_001.wav,LA_T_8722539.flac,1,FAKE,LA_0080,train,ASVspoof2019_LA,ASVspoof2019.LA.cm.train.trn.txt
processed/train/FAKE/LA_T_8722539_segment_002.wav,LA_T_8722539.flac,1,FAKE,LA_0080,train,ASVspoof2019_LA,ASVspoof2019.LA.cm.train.trn.txt
processed/train/FAKE/LA_T_8782772_segment_001.wav,LA_T_8782772.flac,1,FAKE,LA_0084,train,ASVspoof2019_LA,ASVspoof2019.LA.cm.train.trn.txt
processed/train/FAKE/LA_T_8782772_segment_002.wav,LA_T_8782772.flac,1,FAKE,LA_0084,train,ASVspoof2019_LA,ASVspoof2019.LA.cm.train.trn.txt
processed/train/FAKE/LA_T_8805379_segment_001.wav,LA_T_8805379.flac,1,FAKE,LA_0085,train,ASVspoof2019_LA,ASVspoof2019.LA.cm.train.trn.txt
processed/train/FAKE/LA_T_8811619_segment_001.wav,LA_T_8811619.flac,1,FAKE,LA_0096,train,ASVspoof2019_LA,ASVspoof2019.LA.cm.train.trn.txt
processed/train/FAKE/LA_T_8813074_segment_001.wav,LA_T_8813074.flac,1,FAKE,LA_0081,train,ASVspoof2019_LA,ASVspoof2019.LA.cm.train.trn.txt
processed/train/FAKE/LA_T_8856200_segment_001.wav,LA_T_8856200.flac,1,FAKE,LA_0090,train,ASVspoof2019_LA,ASVspoof2019.LA.cm.train.trn.txt
processed/train/FAKE/LA_T_8897417_segment_001.wav,LA_T_8897417.flac,1,FAKE,LA_0087,train,ASVspoof2019_LA,ASVspoof2019.LA.cm.train.trn.txt
processed/train/FAKE/LA_T_8897417_segment_002.wav,LA_T_8897417.flac,1,FAKE,LA_0087,train,ASVspoof2019_LA,ASVspoof2019.LA.cm.train.trn.txt
processed/train/FAKE/LA_T_8935620_segment_001.wav,LA_T_8935620.flac,1,FAKE,LA_0093,train,ASVspoof2019_LA,ASVspoof2019.LA.cm.train.trn.txt
processed/train/FAKE/LA_T_8944036_segment_001.wav,LA_T_8944036.flac,1,FAKE,LA_0092,train,ASVspoof2019_LA,ASVspoof2019.LA.cm.train.trn.txt
processed/train/FAKE/LA_T_8953521_segment_001.wav,LA_T_8953521.flac,1,FAKE,LA_0089,train,ASVspoof2019_LA,ASVspoof2019.LA.cm.train.trn.txt
processed/train/FAKE/LA_T_8966163_segment_001.wav,LA_T_8966163.flac,1,FAKE,LA_0085,train,ASVspoof2019_LA,ASVspoof2019.LA.cm.train.trn.txt
processed/train/FAKE/LA_T_8966163_segment_002.wav,LA_T_8966163.flac,1,FAKE,LA_0085,train,ASVspoof2019_LA,ASVspoof2019.LA.cm.train.trn.txt
processed/train/FAKE/LA_T_8967399_segment_001.wav,LA_T_8967399.flac,1,FAKE,LA_0094,train,ASVspoof2019_LA,ASVspoof2019.LA.cm.train.trn.txt
processed/train/FAKE/LA_T_8993012_segment_001.wav,LA_T_8993012.flac,1,FAKE,LA_0084,train,ASVspoof2019_LA,ASVspoof2019.LA.cm.train.trn.txt
processed/train/FAKE/LA_T_8993012_segment_002.wav,LA_T_8993012.flac,1,FAKE,LA_0084,train,ASVspoof2019_LA,ASVspoof2019.LA.cm.train.trn.txt
processed/train/FAKE/LA_T_9017192_segment_001.wav,LA_T_9017192.flac,1,FAKE,LA_0090,train,ASVspoof2019_LA,ASVspoof2019.LA.cm.train.trn.txt
processed/train/FAKE/LA_T_9017192_segment_002.wav,LA_T_9017192.flac,1,FAKE,LA_0090,train,ASVspoof2019_LA,ASVspoof2019.LA.cm.train.trn.txt
processed/train/FAKE/LA_T_9027506_segment_001.wav,LA_T_9027506.flac,1,FAKE,LA_0080,train,ASVspoof2019_LA,ASVspoof2019.LA.cm.train.trn.txt
processed/train/FAKE/LA_T_9027506_segment_002.wav,LA_T_9027506.flac,1,FAKE,LA_0080,train,ASVspoof2019_LA,ASVspoof2019.LA.cm.train.trn.txt
processed/train/FAKE/LA_T_9042927_segment_001.wav,LA_T_9042927.flac,1,FAKE,LA_0094,train,ASVspoof2019_LA,ASVspoof2019.LA.cm.train.trn.txt
processed/train/FAKE/LA_T_9042927_segment_002.wav,LA_T_9042927.flac,1,FAKE,LA_0094,train,ASVspoof2019_LA,ASVspoof2019.LA.cm.train.trn.txt
processed/train/FAKE/LA_T_9056284_segment_001.wav,LA_T_9056284.flac,1,FAKE,LA_0089,train,ASVspoof2019_LA,ASVspoof2019.LA.cm.train.trn.txt
processed/train/FAKE/LA_T_9056284_segment_002.wav,LA_T_9056284.flac,1,FAKE,LA_0089,train,ASVspoof2019_LA,ASVspoof2019.LA.cm.train.trn.txt
processed/train/FAKE/LA_T_9070455_segment_001.wav,LA_T_9070455.flac,1,FAKE,LA_0089,train,ASVspoof2019_LA,ASVspoof2019.LA.cm.train.trn.txt
processed/train/FAKE/LA_T_9070455_segment_002.wav,LA_T_9070455.flac,1,FAKE,LA_0089,train,ASVspoof2019_LA,ASVspoof2019.LA.cm.train.trn.txt
processed/train/FAKE/LA_T_9094529_segment_001.wav,LA_T_9094529.flac,1,FAKE,LA_0091,train,ASVspoof2019_LA,ASVspoof2019.LA.cm.train.trn.txt
processed/train/FAKE/LA_T_9094529_segment_002.wav,LA_T_9094529.flac,1,FAKE,LA_0091,train,ASVspoof2019_LA,ASVspoof2019.LA.cm.train.trn.txt
processed/train/FAKE/LA_T_9108679_segment_001.wav,LA_T_9108679.flac,1,FAKE,LA_0085,train,ASVspoof2019_LA,ASVspoof2019.LA.cm.train.trn.txt
processed/train/FAKE/LA_T_9108679_segment_002.wav,LA_T_9108679.flac,1,FAKE,LA_0085,train,ASVspoof2019_LA,ASVspoof2019.LA.cm.train.trn.txt
processed/train/FAKE/LA_T_9122144_segment_001.wav,LA_T_9122144.flac,1,FAKE,LA_0090,train,ASVspoof2019_LA,ASVspoof2019.LA.cm.train.trn.txt
processed/train/FAKE/LA_T_9122144_segment_002.wav,LA_T_9122144.flac,1,FAKE,LA_0090,train,ASVspoof2019_LA,ASVspoof2019.LA.cm.train.trn.txt
processed/train/FAKE/LA_T_9144261_segment_001.wav,LA_T_9144261.flac,1,FAKE,LA_0090,train,ASVspoof2019_LA,ASVspoof2019.LA.cm.train.trn.txt
processed/train/FAKE/LA_T_9160088_segment_001.wav,LA_T_9160088.flac,1,FAKE,LA_0093,train,ASVspoof2019_LA,ASVspoof2019.LA.cm.train.trn.txt
processed/train/FAKE/LA_T_9160088_segment_002.wav,LA_T_9160088.flac,1,FAKE,LA_0093,train,ASVspoof2019_LA,ASVspoof2019.LA.cm.train.trn.txt
processed/train/FAKE/LA_T_9190352_segment_001.wav,LA_T_9190352.flac,1,FAKE,LA_0089,train,ASVspoof2019_LA,ASVspoof2019.LA.cm.train.trn.txt
processed/train/FAKE/LA_T_9190352_segment_002.wav,LA_T_9190352.flac,1,FAKE,LA_0089,train,ASVspoof2019_LA,ASVspoof2019.LA.cm.train.trn.txt
processed/train/FAKE/LA_T_9196479_segment_001.wav,LA_T_9196479.flac,1,FAKE,LA_0084,train,ASVspoof2019_LA,ASVspoof2019.LA.cm.train.trn.txt
processed/train/FAKE/LA_T_9231357_segment_001.wav,LA_T_9231357.flac,1,FAKE,LA_0095,train,ASVspoof2019_LA,ASVspoof2019.LA.cm.train.trn.txt
processed/train/FAKE/LA_T_9263115_segment_001.wav,LA_T_9263115.flac,1,FAKE,LA_0094,train,ASVspoof2019_LA,ASVspoof2019.LA.cm.train.trn.txt
processed/train/FAKE/LA_T_9274561_segment_001.wav,LA_T_9274561.flac,1,FAKE,LA_0089,train,ASVspoof2019_LA,ASVspoof2019.LA.cm.train.trn.txt
processed/train/FAKE/LA_T_9279859_segment_001.wav,LA_T_9279859.flac,1,FAKE,LA_0092,train,ASVspoof2019_LA,ASVspoof2019.LA.cm.train.trn.txt
processed/train/FAKE/LA_T_9324698_segment_001.wav,LA_T_9324698.flac,1,FAKE,LA_0080,train,ASVspoof2019_LA,ASVspoof2019.LA.cm.train.trn.txt
processed/train/FAKE/LA_T_9324698_segment_002.wav,LA_T_9324698.flac,1,FAKE,LA_0080,train,ASVspoof2019_LA,ASVspoof2019.LA.cm.train.trn.txt
processed/train/FAKE/LA_T_9342202_segment_001.wav,LA_T_9342202.flac,1,FAKE,LA_0098,train,ASVspoof2019_LA,ASVspoof2019.LA.cm.train.trn.txt
processed/train/FAKE/LA_T_9342202_segment_002.wav,LA_T_9342202.flac,1,FAKE,LA_0098,train,ASVspoof2019_LA,ASVspoof2019.LA.cm.train.trn.txt
processed/train/FAKE/LA_T_9342202_segment_003.wav,LA_T_9342202.flac,1,FAKE,LA_0098,train,ASVspoof2019_LA,ASVspoof2019.LA.cm.train.trn.txt
processed/train/FAKE/LA_T_9347890_segment_001.wav,LA_T_9347890.flac,1,FAKE,LA_0083,train,ASVspoof2019_LA,ASVspoof2019.LA.cm.train.trn.txt
processed/train/FAKE/LA_T_9354203_segment_001.wav,LA_T_9354203.flac,1,FAKE,LA_0092,train,ASVspoof2019_LA,ASVspoof2019.LA.cm.train.trn.txt
processed/train/FAKE/LA_T_9375597_segment_001.wav,LA_T_9375597.flac,1,FAKE,LA_0087,train,ASVspoof2019_LA,ASVspoof2019.LA.cm.train.trn.txt
processed/train/FAKE/LA_T_9375597_segment_002.wav,LA_T_9375597.flac,1,FAKE,LA_0087,train,ASVspoof2019_LA,ASVspoof2019.LA.cm.train.trn.txt
processed/train/FAKE/LA_T_9382514_segment_001.wav,LA_T_9382514.flac,1,FAKE,LA_0088,train,ASVspoof2019_LA,ASVspoof2019.LA.cm.train.trn.txt
processed/train/FAKE/LA_T_9382514_segment_002.wav,LA_T_9382514.flac,1,FAKE,LA_0088,train,ASVspoof2019_LA,ASVspoof2019.LA.cm.train.trn.txt
processed/train/FAKE/LA_T_9395136_segment_001.wav,LA_T_9395136.flac,1,FAKE,LA_0089,train,ASVspoof2019_LA,ASVspoof2019.LA.cm.train.trn.txt
processed/train/FAKE/LA_T_9437969_segment_001.wav,LA_T_9437969.flac,1,FAKE,LA_0097,train,ASVspoof2019_LA,ASVspoof2019.LA.cm.train.trn.txt
processed/train/FAKE/LA_T_9460006_segment_001.wav,LA_T_9460006.flac,1,FAKE,LA_0097,train,ASVspoof2019_LA,ASVspoof2019.LA.cm.train.trn.txt
processed/train/FAKE/LA_T_9460006_segment_002.wav,LA_T_9460006.flac,1,FAKE,LA_0097,train,ASVspoof2019_LA,ASVspoof2019.LA.cm.train.trn.txt
processed/train/FAKE/LA_T_9460337_segment_001.wav,LA_T_9460337.flac,1,FAKE,LA_0093,train,ASVspoof2019_LA,ASVspoof2019.LA.cm.train.trn.txt
processed/train/FAKE/LA_T_9460337_segment_002.wav,LA_T_9460337.flac,1,FAKE,LA_0093,train,ASVspoof2019_LA,ASVspoof2019.LA.cm.train.trn.txt
processed/train/FAKE/LA_T_9465798_segment_001.wav,LA_T_9465798.flac,1,FAKE,LA_0087,train,ASVspoof2019_LA,ASVspoof2019.LA.cm.train.trn.txt
processed/train/FAKE/LA_T_9491559_segment_001.wav,LA_T_9491559.flac,1,FAKE,LA_0095,train,ASVspoof2019_LA,ASVspoof2019.LA.cm.train.trn.txt
processed/train/FAKE/LA_T_9491559_segment_002.wav,LA_T_9491559.flac,1,FAKE,LA_0095,train,ASVspoof2019_LA,ASVspoof2019.LA.cm.train.trn.txt
processed/train/FAKE/LA_T_9492498_segment_001.wav,LA_T_9492498.flac,1,FAKE,LA_0093,train,ASVspoof2019_LA,ASVspoof2019.LA.cm.train.trn.txt
processed/train/FAKE/LA_T_9499930_segment_001.wav,LA_T_9499930.flac,1,FAKE,LA_0092,train,ASVspoof2019_LA,ASVspoof2019.LA.cm.train.trn.txt
processed/train/FAKE/LA_T_9499930_segment_002.wav,LA_T_9499930.flac,1,FAKE,LA_0092,train,ASVspoof2019_LA,ASVspoof2019.LA.cm.train.trn.txt
processed/train/FAKE/LA_T_9529562_segment_001.wav,LA_T_9529562.flac,1,FAKE,LA_0082,train,ASVspoof2019_LA,ASVspoof2019.LA.cm.train.trn.txt
processed/train/FAKE/LA_T_9529562_segment_002.wav,LA_T_9529562.flac,1,FAKE,LA_0082,train,ASVspoof2019_LA,ASVspoof2019.LA.cm.train.trn.txt
processed/train/FAKE/LA_T_9567316_segment_001.wav,LA_T_9567316.flac,1,FAKE,LA_0084,train,ASVspoof2019_LA,ASVspoof2019.LA.cm.train.trn.txt
processed/train/FAKE/LA_T_9567316_segment_002.wav,LA_T_9567316.flac,1,FAKE,LA_0084,train,ASVspoof2019_LA,ASVspoof2019.LA.cm.train.trn.txt
processed/train/FAKE/LA_T_9567605_segment_001.wav,LA_T_9567605.flac,1,FAKE,LA_0080,train,ASVspoof2019_LA,ASVspoof2019.LA.cm.train.trn.txt
processed/train/FAKE/LA_T_9567605_segment_002.wav,LA_T_9567605.flac,1,FAKE,LA_0080,train,ASVspoof2019_LA,ASVspoof2019.LA.cm.train.trn.txt
processed/train/FAKE/LA_T_9574610_segment_001.wav,LA_T_9574610.flac,1,FAKE,LA_0097,train,ASVspoof2019_LA,ASVspoof2019.LA.cm.train.trn.txt
processed/train/FAKE/LA_T_9585536_segment_001.wav,LA_T_9585536.flac,1,FAKE,LA_0089,train,ASVspoof2019_LA,ASVspoof2019.LA.cm.train.trn.txt
processed/train/FAKE/LA_T_9585536_segment_002.wav,LA_T_9585536.flac,1,FAKE,LA_0089,train,ASVspoof2019_LA,ASVspoof2019.LA.cm.train.trn.txt
processed/train/FAKE/LA_T_9635011_segment_001.wav,LA_T_9635011.flac,1,FAKE,LA_0089,train,ASVspoof2019_LA,ASVspoof2019.LA.cm.train.trn.txt
processed/train/FAKE/LA_T_9635011_segment_002.wav,LA_T_9635011.flac,1,FAKE,LA_0089,train,ASVspoof2019_LA,ASVspoof2019.LA.cm.train.trn.txt
processed/train/FAKE/LA_T_9639913_segment_001.wav,LA_T_9639913.flac,1,FAKE,LA_0083,train,ASVspoof2019_LA,ASVspoof2019.LA.cm.train.trn.txt
processed/train/FAKE/LA_T_9639913_segment_002.wav,LA_T_9639913.flac,1,FAKE,LA_0083,train,ASVspoof2019_LA,ASVspoof2019.LA.cm.train.trn.txt
processed/train/FAKE/LA_T_9657051_segment_001.wav,LA_T_9657051.flac,1,FAKE,LA_0079,train,ASVspoof2019_LA,ASVspoof2019.LA.cm.train.trn.txt
processed/train/FAKE/LA_T_9663428_segment_001.wav,LA_T_9663428.flac,1,FAKE,LA_0095,train,ASVspoof2019_LA,ASVspoof2019.LA.cm.train.trn.txt
processed/train/FAKE/LA_T_9682590_segment_001.wav,LA_T_9682590.flac,1,FAKE,LA_0091,train,ASVspoof2019_LA,ASVspoof2019.LA.cm.train.trn.txt
processed/train/FAKE/LA_T_9682590_segment_002.wav,LA_T_9682590.flac,1,FAKE,LA_0091,train,ASVspoof2019_LA,ASVspoof2019.LA.cm.train.trn.txt
processed/train/FAKE/LA_T_9682976_segment_001.wav,LA_T_9682976.flac,1,FAKE,LA_0085,train,ASVspoof2019_LA,ASVspoof2019.LA.cm.train.trn.txt
processed/train/FAKE/LA_T_9683231_segment_001.wav,LA_T_9683231.flac,1,FAKE,LA_0081,train,ASVspoof2019_LA,ASVspoof2019.LA.cm.train.trn.txt
processed/train/FAKE/LA_T_9683231_segment_002.wav,LA_T_9683231.flac,1,FAKE,LA_0081,train,ASVspoof2019_LA,ASVspoof2019.LA.cm.train.trn.txt
processed/train/FAKE/LA_T_9683366_segment_001.wav,LA_T_9683366.flac,1,FAKE,LA_0080,train,ASVspoof2019_LA,ASVspoof2019.LA.cm.train.trn.txt
processed/train/FAKE/LA_T_9690664_segment_001.wav,LA_T_9690664.flac,1,FAKE,LA_0092,train,ASVspoof2019_LA,ASVspoof2019.LA.cm.train.trn.txt
processed/train/FAKE/LA_T_9690664_segment_002.wav,LA_T_9690664.flac,1,FAKE,LA_0092,train,ASVspoof2019_LA,ASVspoof2019.LA.cm.train.trn.txt
processed/train/FAKE/LA_T_9746955_segment_001.wav,LA_T_9746955.flac,1,FAKE,LA_0096,train,ASVspoof2019_LA,ASVspoof2019.LA.cm.train.trn.txt
processed/train/FAKE/LA_T_9752029_segment_001.wav,LA_T_9752029.flac,1,FAKE,LA_0079,train,ASVspoof2019_LA,ASVspoof2019.LA.cm.train.trn.txt
processed/train/FAKE/LA_T_9752029_segment_002.wav,LA_T_9752029.flac,1,FAKE,LA_0079,train,ASVspoof2019_LA,ASVspoof2019.LA.cm.train.trn.txt
processed/train/FAKE/LA_T_9754738_segment_001.wav,LA_T_9754738.flac,1,FAKE,LA_0098,train,ASVspoof2019_LA,ASVspoof2019.LA.cm.train.trn.txt
processed/train/FAKE/LA_T_9754738_segment_002.wav,LA_T_9754738.flac,1,FAKE,LA_0098,train,ASVspoof2019_LA,ASVspoof2019.LA.cm.train.trn.txt
processed/train/FAKE/LA_T_9754738_segment_003.wav,LA_T_9754738.flac,1,FAKE,LA_0098,train,ASVspoof2019_LA,ASVspoof2019.LA.cm.train.trn.txt
processed/train/FAKE/LA_T_9763097_segment_001.wav,LA_T_9763097.flac,1,FAKE,LA_0081,train,ASVspoof2019_LA,ASVspoof2019.LA.cm.train.trn.txt
processed/train/FAKE/LA_T_9763097_segment_002.wav,LA_T_9763097.flac,1,FAKE,LA_0081,train,ASVspoof2019_LA,ASVspoof2019.LA.cm.train.trn.txt
processed/train/FAKE/LA_T_9831620_segment_001.wav,LA_T_9831620.flac,1,FAKE,LA_0083,train,ASVspoof2019_LA,ASVspoof2019.LA.cm.train.trn.txt
processed/train/FAKE/LA_T_9831620_segment_002.wav,LA_T_9831620.flac,1,FAKE,LA_0083,train,ASVspoof2019_LA,ASVspoof2019.LA.cm.train.trn.txt
processed/train/FAKE/LA_T_9844188_segment_001.wav,LA_T_9844188.flac,1,FAKE,LA_0082,train,ASVspoof2019_LA,ASVspoof2019.LA.cm.train.trn.txt
processed/train/FAKE/LA_T_9851170_segment_001.wav,LA_T_9851170.flac,1,FAKE,LA_0086,train,ASVspoof2019_LA,ASVspoof2019.LA.cm.train.trn.txt
processed/train/FAKE/LA_T_9851170_segment_002.wav,LA_T_9851170.flac,1,FAKE,LA_0086,train,ASVspoof2019_LA,ASVspoof2019.LA.cm.train.trn.txt
processed/train/FAKE/LA_T_9858769_segment_001.wav,LA_T_9858769.flac,1,FAKE,LA_0086,train,ASVspoof2019_LA,ASVspoof2019.LA.cm.train.trn.txt
processed/train/FAKE/LA_T_9858769_segment_002.wav,LA_T_9858769.flac,1,FAKE,LA_0086,train,ASVspoof2019_LA,ASVspoof2019.LA.cm.train.trn.txt
processed/train/FAKE/LA_T_9860705_segment_001.wav,LA_T_9860705.flac,1,FAKE,LA_0095,train,ASVspoof2019_LA,ASVspoof2019.LA.cm.train.trn.txt
processed/train/FAKE/LA_T_9910870_segment_001.wav,LA_T_9910870.flac,1,FAKE,LA_0081,train,ASVspoof2019_LA,ASVspoof2019.LA.cm.train.trn.txt
processed/train/FAKE/LA_T_9910870_segment_002.wav,LA_T_9910870.flac,1,FAKE,LA_0081,train,ASVspoof2019_LA,ASVspoof2019.LA.cm.train.trn.txt
processed/train/FAKE/LA_T_9910870_segment_003.wav,LA_T_9910870.flac,1,FAKE,LA_0081,train,ASVspoof2019_LA,ASVspoof2019.LA.cm.train.trn.txt
processed/train/FAKE/LA_T_9914466_segment_001.wav,LA_T_9914466.flac,1,FAKE,LA_0089,train,ASVspoof2019_LA,ASVspoof2019.LA.cm.train.trn.txt
processed/train/FAKE/LA_T_9935715_segment_001.wav,LA_T_9935715.flac,1,FAKE,LA_0096,train,ASVspoof2019_LA,ASVspoof2019.LA.cm.train.trn.txt
processed/train/FAKE/LA_T_9949065_segment_001.wav,LA_T_9949065.flac,1,FAKE,LA_0092,train,ASVspoof2019_LA,ASVspoof2019.LA.cm.train.trn.txt
processed/train/FAKE/LA_T_9962272_segment_001.wav,LA_T_9962272.flac,1,FAKE,LA_0088,train,ASVspoof2019_LA,ASVspoof2019.LA.cm.train.trn.txt
processed/train/FAKE/LA_T_9969841_segment_001.wav,LA_T_9969841.flac,1,FAKE,LA_0096,train,ASVspoof2019_LA,ASVspoof2019.LA.cm.train.trn.txt
processed/train/FAKE/LA_T_9969841_segment_002.wav,LA_T_9969841.flac,1,FAKE,LA_0096,train,ASVspoof2019_LA,ASVspoof2019.LA.cm.train.trn.txt
processed/train/FAKE/LA_T_9969841_segment_003.wav,LA_T_9969841.flac,1,FAKE,LA_0096,train,ASVspoof2019_LA,ASVspoof2019.LA.cm.train.trn.txt
processed/train/REAL/LA_T_1007663_segment_001.wav,LA_T_1007663.flac,0,REAL,LA_0090,train,ASVspoof2019_LA,ASVspoof2019.LA.cm.train.trn.txt
processed/train/REAL/LA_T_1007663_segment_002.wav,LA_T_1007663.flac,0,REAL,LA_0090,train,ASVspoof2019_LA,ASVspoof2019.LA.cm.train.trn.txt
processed/train/REAL/LA_T_1023546_segment_001.wav,LA_T_1023546.flac,0,REAL,LA_0085,train,ASVspoof2019_LA,ASVspoof2019.LA.cm.train.trn.txt
processed/train/REAL/LA_T_1023546_segment_002.wav,LA_T_1023546.flac,0,REAL,LA_0085,train,ASVspoof2019_LA,ASVspoof2019.LA.cm.train.trn.txt
processed/train/REAL/LA_T_1050008_segment_001.wav,LA_T_1050008.flac,0,REAL,LA_0098,train,ASVspoof2019_LA,ASVspoof2019.LA.cm.train.trn.txt
processed/train/REAL/LA_T_1078988_segment_001.wav,LA_T_1078988.flac,0,REAL,LA_0090,train,ASVspoof2019_LA,ASVspoof2019.LA.cm.train.trn.txt
processed/train/REAL/LA_T_1078988_segment_002.wav,LA_T_1078988.flac,0,REAL,LA_0090,train,ASVspoof2019_LA,ASVspoof2019.LA.cm.train.trn.txt
processed/train/REAL/LA_T_1131312_segment_001.wav,LA_T_1131312.flac,0,REAL,LA_0092,train,ASVspoof2019_LA,ASVspoof2019.LA.cm.train.trn.txt
processed/train/REAL/LA_T_1151332_segment_001.wav,LA_T_1151332.flac,0,REAL,LA_0081,train,ASVspoof2019_LA,ASVspoof2019.LA.cm.train.trn.txt
processed/train/REAL/LA_T_1151332_segment_002.wav,LA_T_1151332.flac,0,REAL,LA_0081,train,ASVspoof2019_LA,ASVspoof2019.LA.cm.train.trn.txt
processed/train/REAL/LA_T_1186717_segment_001.wav,LA_T_1186717.flac,0,REAL,LA_0086,train,ASVspoof2019_LA,ASVspoof2019.LA.cm.train.trn.txt
processed/train/REAL/LA_T_1235793_segment_001.wav,LA_T_1235793.flac,0,REAL,LA_0097,train,ASVspoof2019_LA,ASVspoof2019.LA.cm.train.trn.txt
processed/train/REAL/LA_T_1235793_segment_002.wav,LA_T_1235793.flac,0,REAL,LA_0097,train,ASVspoof2019_LA,ASVspoof2019.LA.cm.train.trn.txt
processed/train/REAL/LA_T_1243533_segment_001.wav,LA_T_1243533.flac,0,REAL,LA_0098,train,ASVspoof2019_LA,ASVspoof2019.LA.cm.train.trn.txt
processed/train/REAL/LA_T_1243533_segment_002.wav,LA_T_1243533.flac,0,REAL,LA_0098,train,ASVspoof2019_LA,ASVspoof2019.LA.cm.train.trn.txt
processed/train/REAL/LA_T_1269847_segment_001.wav,LA_T_1269847.flac,0,REAL,LA_0083,train,ASVspoof2019_LA,ASVspoof2019.LA.cm.train.trn.txt
processed/train/REAL/LA_T_1269847_segment_002.wav,LA_T_1269847.flac,0,REAL,LA_0083,train,ASVspoof2019_LA,ASVspoof2019.LA.cm.train.trn.txt
processed/train/REAL/LA_T_1305270_segment_001.wav,LA_T_1305270.flac,0,REAL,LA_0097,train,ASVspoof2019_LA,ASVspoof2019.LA.cm.train.trn.txt
processed/train/REAL/LA_T_1305270_segment_002.wav,LA_T_1305270.flac,0,REAL,LA_0097,train,ASVspoof2019_LA,ASVspoof2019.LA.cm.train.trn.txt
processed/train/REAL/LA_T_1307755_segment_001.wav,LA_T_1307755.flac,0,REAL,LA_0088,train,ASVspoof2019_LA,ASVspoof2019.LA.cm.train.trn.txt
processed/train/REAL/LA_T_1307755_segment_002.wav,LA_T_1307755.flac,0,REAL,LA_0088,train,ASVspoof2019_LA,ASVspoof2019.LA.cm.train.trn.txt
processed/train/REAL/LA_T_1321385_segment_001.wav,LA_T_1321385.flac,0,REAL,LA_0087,train,ASVspoof2019_LA,ASVspoof2019.LA.cm.train.trn.txt
processed/train/REAL/LA_T_1325649_segment_001.wav,LA_T_1325649.flac,0,REAL,LA_0089,train,ASVspoof2019_LA,ASVspoof2019.LA.cm.train.trn.txt
processed/train/REAL/LA_T_1335486_segment_001.wav,LA_T_1335486.flac,0,REAL,LA_0093,train,ASVspoof2019_LA,ASVspoof2019.LA.cm.train.trn.txt
processed/train/REAL/LA_T_1335486_segment_002.wav,LA_T_1335486.flac,0,REAL,LA_0093,train,ASVspoof2019_LA,ASVspoof2019.LA.cm.train.trn.txt
processed/train/REAL/LA_T_1363347_segment_001.wav,LA_T_1363347.flac,0,REAL,LA_0095,train,ASVspoof2019_LA,ASVspoof2019.LA.cm.train.trn.txt
processed/train/REAL/LA_T_1369507_segment_001.wav,LA_T_1369507.flac,0,REAL,LA_0094,train,ASVspoof2019_LA,ASVspoof2019.LA.cm.train.trn.txt
processed/train/REAL/LA_T_1395369_segment_001.wav,LA_T_1395369.flac,0,REAL,LA_0094,train,ASVspoof2019_LA,ASVspoof2019.LA.cm.train.trn.txt
processed/train/REAL/LA_T_1406603_segment_001.wav,LA_T_1406603.flac,0,REAL,LA_0092,train,ASVspoof2019_LA,ASVspoof2019.LA.cm.train.trn.txt
processed/train/REAL/LA_T_1406835_segment_001.wav,LA_T_1406835.flac,0,REAL,LA_0094,train,ASVspoof2019_LA,ASVspoof2019.LA.cm.train.trn.txt
processed/train/REAL/LA_T_1406835_segment_002.wav,LA_T_1406835.flac,0,REAL,LA_0094,train,ASVspoof2019_LA,ASVspoof2019.LA.cm.train.trn.txt
processed/train/REAL/LA_T_1410416_segment_001.wav,LA_T_1410416.flac,0,REAL,LA_0087,train,ASVspoof2019_LA,ASVspoof2019.LA.cm.train.trn.txt
processed/train/REAL/LA_T_1429012_segment_001.wav,LA_T_1429012.flac,0,REAL,LA_0093,train,ASVspoof2019_LA,ASVspoof2019.LA.cm.train.trn.txt
processed/train/REAL/LA_T_1429012_segment_002.wav,LA_T_1429012.flac,0,REAL,LA_0093,train,ASVspoof2019_LA,ASVspoof2019.LA.cm.train.trn.txt
processed/train/REAL/LA_T_1441999_segment_001.wav,LA_T_1441999.flac,0,REAL,LA_0081,train,ASVspoof2019_LA,ASVspoof2019.LA.cm.train.trn.txt
processed/train/REAL/LA_T_1459702_segment_001.wav,LA_T_1459702.flac,0,REAL,LA_0081,train,ASVspoof2019_LA,ASVspoof2019.LA.cm.train.trn.txt
processed/train/REAL/LA_T_1459702_segment_002.wav,LA_T_1459702.flac,0,REAL,LA_0081,train,ASVspoof2019_LA,ASVspoof2019.LA.cm.train.trn.txt
processed/train/REAL/LA_T_1477639_segment_001.wav,LA_T_1477639.flac,0,REAL,LA_0086,train,ASVspoof2019_LA,ASVspoof2019.LA.cm.train.trn.txt
processed/train/REAL/LA_T_1478655_segment_001.wav,LA_T_1478655.flac,0,REAL,LA_0090,train,ASVspoof2019_LA,ASVspoof2019.LA.cm.train.trn.txt
processed/train/REAL/LA_T_1482076_segment_001.wav,LA_T_1482076.flac,0,REAL,LA_0095,train,ASVspoof2019_LA,ASVspoof2019.LA.cm.train.trn.txt
processed/train/REAL/LA_T_1482834_segment_001.wav,LA_T_1482834.flac,0,REAL,LA_0087,train,ASVspoof2019_LA,ASVspoof2019.LA.cm.train.trn.txt
processed/train/REAL/LA_T_1482834_segment_002.wav,LA_T_1482834.flac,0,REAL,LA_0087,train,ASVspoof2019_LA,ASVspoof2019.LA.cm.train.trn.txt
processed/train/REAL/LA_T_1483721_segment_001.wav,LA_T_1483721.flac,0,REAL,LA_0084,train,ASVspoof2019_LA,ASVspoof2019.LA.cm.train.trn.txt
processed/train/REAL/LA_T_1483721_segment_002.wav,LA_T_1483721.flac,0,REAL,LA_0084,train,ASVspoof2019_LA,ASVspoof2019.LA.cm.train.trn.txt
processed/train/REAL/LA_T_1511191_segment_001.wav,LA_T_1511191.flac,0,REAL,LA_0080,train,ASVspoof2019_LA,ASVspoof2019.LA.cm.train.trn.txt
processed/train/REAL/LA_T_1511193_segment_001.wav,LA_T_1511193.flac,0,REAL,LA_0090,train,ASVspoof2019_LA,ASVspoof2019.LA.cm.train.trn.txt
processed/train/REAL/LA_T_1511193_segment_002.wav,LA_T_1511193.flac,0,REAL,LA_0090,train,ASVspoof2019_LA,ASVspoof2019.LA.cm.train.trn.txt
processed/train/REAL/LA_T_1573354_segment_001.wav,LA_T_1573354.flac,0,REAL,LA_0089,train,ASVspoof2019_LA,ASVspoof2019.LA.cm.train.trn.txt
processed/train/REAL/LA_T_1591810_segment_001.wav,LA_T_1591810.flac,0,REAL,LA_0096,train,ASVspoof2019_LA,ASVspoof2019.LA.cm.train.trn.txt
processed/train/REAL/LA_T_1591810_segment_002.wav,LA_T_1591810.flac,0,REAL,LA_0096,train,ASVspoof2019_LA,ASVspoof2019.LA.cm.train.trn.txt
processed/train/REAL/LA_T_1611587_segment_001.wav,LA_T_1611587.flac,0,REAL,LA_0086,train,ASVspoof2019_LA,ASVspoof2019.LA.cm.train.trn.txt
processed/train/REAL/LA_T_1618831_segment_001.wav,LA_T_1618831.flac,0,REAL,LA_0080,train,ASVspoof2019_LA,ASVspoof2019.LA.cm.train.trn.txt
processed/train/REAL/LA_T_1618831_segment_002.wav,LA_T_1618831.flac,0,REAL,LA_0080,train,ASVspoof2019_LA,ASVspoof2019.LA.cm.train.trn.txt
processed/train/REAL/LA_T_1623473_segment_001.wav,LA_T_1623473.flac,0,REAL,LA_0082,train,ASVspoof2019_LA,ASVspoof2019.LA.cm.train.trn.txt
processed/train/REAL/LA_T_1623473_segment_002.wav,LA_T_1623473.flac,0,REAL,LA_0082,train,ASVspoof2019_LA,ASVspoof2019.LA.cm.train.trn.txt
processed/train/REAL/LA_T_1630368_segment_001.wav,LA_T_1630368.flac,0,REAL,LA_0095,train,ASVspoof2019_LA,ASVspoof2019.LA.cm.train.trn.txt
processed/train/REAL/LA_T_1636151_segment_001.wav,LA_T_1636151.flac,0,REAL,LA_0092,train,ASVspoof2019_LA,ASVspoof2019.LA.cm.train.trn.txt
processed/train/REAL/LA_T_1646676_segment_001.wav,LA_T_1646676.flac,0,REAL,LA_0088,train,ASVspoof2019_LA,ASVspoof2019.LA.cm.train.trn.txt
processed/train/REAL/LA_T_1646676_segment_002.wav,LA_T_1646676.flac,0,REAL,LA_0088,train,ASVspoof2019_LA,ASVspoof2019.LA.cm.train.trn.txt
processed/train/REAL/LA_T_1662243_segment_001.wav,LA_T_1662243.flac,0,REAL,LA_0095,train,ASVspoof2019_LA,ASVspoof2019.LA.cm.train.trn.txt
processed/train/REAL/LA_T_1662467_segment_001.wav,LA_T_1662467.flac,0,REAL,LA_0083,train,ASVspoof2019_LA,ASVspoof2019.LA.cm.train.trn.txt
processed/train/REAL/LA_T_1669827_segment_001.wav,LA_T_1669827.flac,0,REAL,LA_0098,train,ASVspoof2019_LA,ASVspoof2019.LA.cm.train.trn.txt
processed/train/REAL/LA_T_1670486_segment_001.wav,LA_T_1670486.flac,0,REAL,LA_0081,train,ASVspoof2019_LA,ASVspoof2019.LA.cm.train.trn.txt
processed/train/REAL/LA_T_1678844_segment_001.wav,LA_T_1678844.flac,0,REAL,LA_0083,train,ASVspoof2019_LA,ASVspoof2019.LA.cm.train.trn.txt
processed/train/REAL/LA_T_1678844_segment_002.wav,LA_T_1678844.flac,0,REAL,LA_0083,train,ASVspoof2019_LA,ASVspoof2019.LA.cm.train.trn.txt
processed/train/REAL/LA_T_1691949_segment_001.wav,LA_T_1691949.flac,0,REAL,LA_0089,train,ASVspoof2019_LA,ASVspoof2019.LA.cm.train.trn.txt
processed/train/REAL/LA_T_1691949_segment_002.wav,LA_T_1691949.flac,0,REAL,LA_0089,train,ASVspoof2019_LA,ASVspoof2019.LA.cm.train.trn.txt
processed/train/REAL/LA_T_1744427_segment_001.wav,LA_T_1744427.flac,0,REAL,LA_0091,train,ASVspoof2019_LA,ASVspoof2019.LA.cm.train.trn.txt
processed/train/REAL/LA_T_1745690_segment_001.wav,LA_T_1745690.flac,0,REAL,LA_0090,train,ASVspoof2019_LA,ASVspoof2019.LA.cm.train.trn.txt
processed/train/REAL/LA_T_1763423_segment_001.wav,LA_T_1763423.flac,0,REAL,LA_0097,train,ASVspoof2019_LA,ASVspoof2019.LA.cm.train.trn.txt
processed/train/REAL/LA_T_1763423_segment_002.wav,LA_T_1763423.flac,0,REAL,LA_0097,train,ASVspoof2019_LA,ASVspoof2019.LA.cm.train.trn.txt
processed/train/REAL/LA_T_1794966_segment_001.wav,LA_T_1794966.flac,0,REAL,LA_0096,train,ASVspoof2019_LA,ASVspoof2019.LA.cm.train.trn.txt
processed/train/REAL/LA_T_1794966_segment_002.wav,LA_T_1794966.flac,0,REAL,LA_0096,train,ASVspoof2019_LA,ASVspoof2019.LA.cm.train.trn.txt
processed/train/REAL/LA_T_1807180_segment_001.wav,LA_T_1807180.flac,0,REAL,LA_0095,train,ASVspoof2019_LA,ASVspoof2019.LA.cm.train.trn.txt
processed/train/REAL/LA_T_1807180_segment_002.wav,LA_T_1807180.flac,0,REAL,LA_0095,train,ASVspoof2019_LA,ASVspoof2019.LA.cm.train.trn.txt
processed/train/REAL/LA_T_1820050_segment_001.wav,LA_T_1820050.flac,0,REAL,LA_0091,train,ASVspoof2019_LA,ASVspoof2019.LA.cm.train.trn.txt
processed/train/REAL/LA_T_1820456_segment_001.wav,LA_T_1820456.flac,0,REAL,LA_0080,train,ASVspoof2019_LA,ASVspoof2019.LA.cm.train.trn.txt
processed/train/REAL/LA_T_1831818_segment_001.wav,LA_T_1831818.flac,0,REAL,LA_0084,train,ASVspoof2019_LA,ASVspoof2019.LA.cm.train.trn.txt
processed/train/REAL/LA_T_1831818_segment_002.wav,LA_T_1831818.flac,0,REAL,LA_0084,train,ASVspoof2019_LA,ASVspoof2019.LA.cm.train.trn.txt
processed/train/REAL/LA_T_1853533_segment_001.wav,LA_T_1853533.flac,0,REAL,LA_0092,train,ASVspoof2019_LA,ASVspoof2019.LA.cm.train.trn.txt
processed/train/REAL/LA_T_1853533_segment_002.wav,LA_T_1853533.flac,0,REAL,LA_0092,train,ASVspoof2019_LA,ASVspoof2019.LA.cm.train.trn.txt
processed/train/REAL/LA_T_1861398_segment_001.wav,LA_T_1861398.flac,0,REAL,LA_0086,train,ASVspoof2019_LA,ASVspoof2019.LA.cm.train.trn.txt
processed/train/REAL/LA_T_1873366_segment_001.wav,LA_T_1873366.flac,0,REAL,LA_0083,train,ASVspoof2019_LA,ASVspoof2019.LA.cm.train.trn.txt
processed/train/REAL/LA_T_1873366_segment_002.wav,LA_T_1873366.flac,0,REAL,LA_0083,train,ASVspoof2019_LA,ASVspoof2019.LA.cm.train.trn.txt
processed/train/REAL/LA_T_1874118_segment_001.wav,LA_T_1874118.flac,0,REAL,LA_0091,train,ASVspoof2019_LA,ASVspoof2019.LA.cm.train.trn.txt
processed/train/REAL/LA_T_1878391_segment_001.wav,LA_T_1878391.flac,0,REAL,LA_0084,train,ASVspoof2019_LA,ASVspoof2019.LA.cm.train.trn.txt
processed/train/REAL/LA_T_1878391_segment_002.wav,LA_T_1878391.flac,0,REAL,LA_0084,train,ASVspoof2019_LA,ASVspoof2019.LA.cm.train.trn.txt
processed/train/REAL/LA_T_1878391_segment_003.wav,LA_T_1878391.flac,0,REAL,LA_0084,train,ASVspoof2019_LA,ASVspoof2019.LA.cm.train.trn.txt
processed/train/REAL/LA_T_1897758_segment_001.wav,LA_T_1897758.flac,0,REAL,LA_0096,train,ASVspoof2019_LA,ASVspoof2019.LA.cm.train.trn.txt
processed/train/REAL/LA_T_1897758_segment_002.wav,LA_T_1897758.flac,0,REAL,LA_0096,train,ASVspoof2019_LA,ASVspoof2019.LA.cm.train.trn.txt
processed/train/REAL/LA_T_1897788_segment_001.wav,LA_T_1897788.flac,0,REAL,LA_0083,train,ASVspoof2019_LA,ASVspoof2019.LA.cm.train.trn.txt
processed/train/REAL/LA_T_1922746_segment_001.wav,LA_T_1922746.flac,0,REAL,LA_0085,train,ASVspoof2019_LA,ASVspoof2019.LA.cm.train.trn.txt
processed/train/REAL/LA_T_1922746_segment_002.wav,LA_T_1922746.flac,0,REAL,LA_0085,train,ASVspoof2019_LA,ASVspoof2019.LA.cm.train.trn.txt
processed/train/REAL/LA_T_1923872_segment_001.wav,LA_T_1923872.flac,0,REAL,LA_0082,train,ASVspoof2019_LA,ASVspoof2019.LA.cm.train.trn.txt
processed/train/REAL/LA_T_1923872_segment_002.wav,LA_T_1923872.flac,0,REAL,LA_0082,train,ASVspoof2019_LA,ASVspoof2019.LA.cm.train.trn.txt
processed/train/REAL/LA_T_1933449_segment_001.wav,LA_T_1933449.flac,0,REAL,LA_0083,train,ASVspoof2019_LA,ASVspoof2019.LA.cm.train.trn.txt
processed/train/REAL/LA_T_1947138_segment_001.wav,LA_T_1947138.flac,0,REAL,LA_0091,train,ASVspoof2019_LA,ASVspoof2019.LA.cm.train.trn.txt
processed/train/REAL/LA_T_1955947_segment_001.wav,LA_T_1955947.flac,0,REAL,LA_0093,train,ASVspoof2019_LA,ASVspoof2019.LA.cm.train.trn.txt
processed/train/REAL/LA_T_1963829_segment_001.wav,LA_T_1963829.flac,0,REAL,LA_0084,train,ASVspoof2019_LA,ASVspoof2019.LA.cm.train.trn.txt
processed/train/REAL/LA_T_1963829_segment_002.wav,LA_T_1963829.flac,0,REAL,LA_0084,train,ASVspoof2019_LA,ASVspoof2019.LA.cm.train.trn.txt
processed/train/REAL/LA_T_1963829_segment_003.wav,LA_T_1963829.flac,0,REAL,LA_0084,train,ASVspoof2019_LA,ASVspoof2019.LA.cm.train.trn.txt
processed/train/REAL/LA_T_1979527_segment_001.wav,LA_T_1979527.flac,0,REAL,LA_0086,train,ASVspoof2019_LA,ASVspoof2019.LA.cm.train.trn.txt
processed/train/REAL/LA_T_1979527_segment_002.wav,LA_T_1979527.flac,0,REAL,LA_0086,train,ASVspoof2019_LA,ASVspoof2019.LA.cm.train.trn.txt
processed/train/REAL/LA_T_1991708_segment_001.wav,LA_T_1991708.flac,0,REAL,LA_0093,train,ASVspoof2019_LA,ASVspoof2019.LA.cm.train.trn.txt
processed/train/REAL/LA_T_2034214_segment_001.wav,LA_T_2034214.flac,0,REAL,LA_0087,train,ASVspoof2019_LA,ASVspoof2019.LA.cm.train.trn.txt
processed/train/REAL/LA_T_2054424_segment_001.wav,LA_T_2054424.flac,0,REAL,LA_0096,train,ASVspoof2019_LA,ASVspoof2019.LA.cm.train.trn.txt
processed/train/REAL/LA_T_2065195_segment_001.wav,LA_T_2065195.flac,0,REAL,LA_0097,train,ASVspoof2019_LA,ASVspoof2019.LA.cm.train.trn.txt
processed/train/REAL/LA_T_2065195_segment_002.wav,LA_T_2065195.flac,0,REAL,LA_0097,train,ASVspoof2019_LA,ASVspoof2019.LA.cm.train.trn.txt
processed/train/REAL/LA_T_2066209_segment_001.wav,LA_T_2066209.flac,0,REAL,LA_0098,train,ASVspoof2019_LA,ASVspoof2019.LA.cm.train.trn.txt
processed/train/REAL/LA_T_2066209_segment_002.wav,LA_T_2066209.flac,0,REAL,LA_0098,train,ASVspoof2019_LA,ASVspoof2019.LA.cm.train.trn.txt
processed/train/REAL/LA_T_2079451_segment_001.wav,LA_T_2079451.flac,0,REAL,LA_0097,train,ASVspoof2019_LA,ASVspoof2019.LA.cm.train.trn.txt
processed/train/REAL/LA_T_2079451_segment_002.wav,LA_T_2079451.flac,0,REAL,LA_0097,train,ASVspoof2019_LA,ASVspoof2019.LA.cm.train.trn.txt
processed/train/REAL/LA_T_2092466_segment_001.wav,LA_T_2092466.flac,0,REAL,LA_0090,train,ASVspoof2019_LA,ASVspoof2019.LA.cm.train.trn.txt
processed/train/REAL/LA_T_2113561_segment_001.wav,LA_T_2113561.flac,0,REAL,LA_0086,train,ASVspoof2019_LA,ASVspoof2019.LA.cm.train.trn.txt
processed/train/REAL/LA_T_2113561_segment_002.wav,LA_T_2113561.flac,0,REAL,LA_0086,train,ASVspoof2019_LA,ASVspoof2019.LA.cm.train.trn.txt
processed/train/REAL/LA_T_2118892_segment_001.wav,LA_T_2118892.flac,0,REAL,LA_0088,train,ASVspoof2019_LA,ASVspoof2019.LA.cm.train.trn.txt
processed/train/REAL/LA_T_2118892_segment_002.wav,LA_T_2118892.flac,0,REAL,LA_0088,train,ASVspoof2019_LA,ASVspoof2019.LA.cm.train.trn.txt
processed/train/REAL/LA_T_2127844_segment_001.wav,LA_T_2127844.flac,0,REAL,LA_0088,train,ASVspoof2019_LA,ASVspoof2019.LA.cm.train.trn.txt
processed/train/REAL/LA_T_2127844_segment_002.wav,LA_T_2127844.flac,0,REAL,LA_0088,train,ASVspoof2019_LA,ASVspoof2019.LA.cm.train.trn.txt
processed/train/REAL/LA_T_2144764_segment_001.wav,LA_T_2144764.flac,0,REAL,LA_0098,train,ASVspoof2019_LA,ASVspoof2019.LA.cm.train.trn.txt
processed/train/REAL/LA_T_2147294_segment_001.wav,LA_T_2147294.flac,0,REAL,LA_0091,train,ASVspoof2019_LA,ASVspoof2019.LA.cm.train.trn.txt
processed/train/REAL/LA_T_2147294_segment_002.wav,LA_T_2147294.flac,0,REAL,LA_0091,train,ASVspoof2019_LA,ASVspoof2019.LA.cm.train.trn.txt
processed/train/REAL/LA_T_2175978_segment_001.wav,LA_T_2175978.flac,0,REAL,LA_0097,train,ASVspoof2019_LA,ASVspoof2019.LA.cm.train.trn.txt
processed/train/REAL/LA_T_2175978_segment_002.wav,LA_T_2175978.flac,0,REAL,LA_0097,train,ASVspoof2019_LA,ASVspoof2019.LA.cm.train.trn.txt
processed/train/REAL/LA_T_2201500_segment_001.wav,LA_T_2201500.flac,0,REAL,LA_0089,train,ASVspoof2019_LA,ASVspoof2019.LA.cm.train.trn.txt
processed/train/REAL/LA_T_2201500_segment_002.wav,LA_T_2201500.flac,0,REAL,LA_0089,train,ASVspoof2019_LA,ASVspoof2019.LA.cm.train.trn.txt
processed/train/REAL/LA_T_2226656_segment_001.wav,LA_T_2226656.flac,0,REAL,LA_0083,train,ASVspoof2019_LA,ASVspoof2019.LA.cm.train.trn.txt
processed/train/REAL/LA_T_2226656_segment_002.wav,LA_T_2226656.flac,0,REAL,LA_0083,train,ASVspoof2019_LA,ASVspoof2019.LA.cm.train.trn.txt
processed/train/REAL/LA_T_2239255_segment_001.wav,LA_T_2239255.flac,0,REAL,LA_0096,train,ASVspoof2019_LA,ASVspoof2019.LA.cm.train.trn.txt
processed/train/REAL/LA_T_2239255_segment_002.wav,LA_T_2239255.flac,0,REAL,LA_0096,train,ASVspoof2019_LA,ASVspoof2019.LA.cm.train.trn.txt
processed/train/REAL/LA_T_2269650_segment_001.wav,LA_T_2269650.flac,0,REAL,LA_0094,train,ASVspoof2019_LA,ASVspoof2019.LA.cm.train.trn.txt
processed/train/REAL/LA_T_2269650_segment_002.wav,LA_T_2269650.flac,0,REAL,LA_0094,train,ASVspoof2019_LA,ASVspoof2019.LA.cm.train.trn.txt
processed/train/REAL/LA_T_2280500_segment_001.wav,LA_T_2280500.flac,0,REAL,LA_0084,train,ASVspoof2019_LA,ASVspoof2019.LA.cm.train.trn.txt
processed/train/REAL/LA_T_2280500_segment_002.wav,LA_T_2280500.flac,0,REAL,LA_0084,train,ASVspoof2019_LA,ASVspoof2019.LA.cm.train.trn.txt
processed/train/REAL/LA_T_2280500_segment_003.wav,LA_T_2280500.flac,0,REAL,LA_0084,train,ASVspoof2019_LA,ASVspoof2019.LA.cm.train.trn.txt
processed/train/REAL/LA_T_2345808_segment_001.wav,LA_T_2345808.flac,0,REAL,LA_0091,train,ASVspoof2019_LA,ASVspoof2019.LA.cm.train.trn.txt
processed/train/REAL/LA_T_2351250_segment_001.wav,LA_T_2351250.flac,0,REAL,LA_0098,train,ASVspoof2019_LA,ASVspoof2019.LA.cm.train.trn.txt
processed/train/REAL/LA_T_2366817_segment_001.wav,LA_T_2366817.flac,0,REAL,LA_0085,train,ASVspoof2019_LA,ASVspoof2019.LA.cm.train.trn.txt
processed/train/REAL/LA_T_2366817_segment_002.wav,LA_T_2366817.flac,0,REAL,LA_0085,train,ASVspoof2019_LA,ASVspoof2019.LA.cm.train.trn.txt
processed/train/REAL/LA_T_2424483_segment_001.wav,LA_T_2424483.flac,0,REAL,LA_0091,train,ASVspoof2019_LA,ASVspoof2019.LA.cm.train.trn.txt
processed/train/REAL/LA_T_2435826_segment_001.wav,LA_T_2435826.flac,0,REAL,LA_0085,train,ASVspoof2019_LA,ASVspoof2019.LA.cm.train.trn.txt
processed/train/REAL/LA_T_2439075_segment_001.wav,LA_T_2439075.flac,0,REAL,LA_0096,train,ASVspoof2019_LA,ASVspoof2019.LA.cm.train.trn.txt
processed/train/REAL/LA_T_2439075_segment_002.wav,LA_T_2439075.flac,0,REAL,LA_0096,train,ASVspoof2019_LA,ASVspoof2019.LA.cm.train.trn.txt
processed/train/REAL/LA_T_2465871_segment_001.wav,LA_T_2465871.flac,0,REAL,LA_0087,train,ASVspoof2019_LA,ASVspoof2019.LA.cm.train.trn.txt
processed/train/REAL/LA_T_2482961_segment_001.wav,LA_T_2482961.flac,0,REAL,LA_0095,train,ASVspoof2019_LA,ASVspoof2019.LA.cm.train.trn.txt
processed/train/REAL/LA_T_2482961_segment_002.wav,LA_T_2482961.flac,0,REAL,LA_0095,train,ASVspoof2019_LA,ASVspoof2019.LA.cm.train.trn.txt
processed/train/REAL/LA_T_2502033_segment_001.wav,LA_T_2502033.flac,0,REAL,LA_0092,train,ASVspoof2019_LA,ASVspoof2019.LA.cm.train.trn.txt
processed/train/REAL/LA_T_2502033_segment_002.wav,LA_T_2502033.flac,0,REAL,LA_0092,train,ASVspoof2019_LA,ASVspoof2019.LA.cm.train.trn.txt
processed/train/REAL/LA_T_2507487_segment_001.wav,LA_T_2507487.flac,0,REAL,LA_0092,train,ASVspoof2019_LA,ASVspoof2019.LA.cm.train.trn.txt
processed/train/REAL/LA_T_2508565_segment_001.wav,LA_T_2508565.flac,0,REAL,LA_0093,train,ASVspoof2019_LA,ASVspoof2019.LA.cm.train.trn.txt
processed/train/REAL/LA_T_2508565_segment_002.wav,LA_T_2508565.flac,0,REAL,LA_0093,train,ASVspoof2019_LA,ASVspoof2019.LA.cm.train.trn.txt
processed/train/REAL/LA_T_2522205_segment_001.wav,LA_T_2522205.flac,0,REAL,LA_0094,train,ASVspoof2019_LA,ASVspoof2019.LA.cm.train.trn.txt
processed/train/REAL/LA_T_2555028_segment_001.wav,LA_T_2555028.flac,0,REAL,LA_0097,train,ASVspoof2019_LA,ASVspoof2019.LA.cm.train.trn.txt
processed/train/REAL/LA_T_2555028_segment_002.wav,LA_T_2555028.flac,0,REAL,LA_0097,train,ASVspoof2019_LA,ASVspoof2019.LA.cm.train.trn.txt
processed/train/REAL/LA_T_2556562_segment_001.wav,LA_T_2556562.flac,0,REAL,LA_0092,train,ASVspoof2019_LA,ASVspoof2019.LA.cm.train.trn.txt
processed/train/REAL/LA_T_2598851_segment_001.wav,LA_T_2598851.flac,0,REAL,LA_0092,train,ASVspoof2019_LA,ASVspoof2019.LA.cm.train.trn.txt
processed/train/REAL/LA_T_2618051_segment_001.wav,LA_T_2618051.flac,0,REAL,LA_0082,train,ASVspoof2019_LA,ASVspoof2019.LA.cm.train.trn.txt
processed/train/REAL/LA_T_2618051_segment_002.wav,LA_T_2618051.flac,0,REAL,LA_0082,train,ASVspoof2019_LA,ASVspoof2019.LA.cm.train.trn.txt
processed/train/REAL/LA_T_2642748_segment_001.wav,LA_T_2642748.flac,0,REAL,LA_0096,train,ASVspoof2019_LA,ASVspoof2019.LA.cm.train.trn.txt
processed/train/REAL/LA_T_2642748_segment_002.wav,LA_T_2642748.flac,0,REAL,LA_0096,train,ASVspoof2019_LA,ASVspoof2019.LA.cm.train.trn.txt
processed/train/REAL/LA_T_2698001_segment_001.wav,LA_T_2698001.flac,0,REAL,LA_0080,train,ASVspoof2019_LA,ASVspoof2019.LA.cm.train.trn.txt
processed/train/REAL/LA_T_2707835_segment_001.wav,LA_T_2707835.flac,0,REAL,LA_0088,train,ASVspoof2019_LA,ASVspoof2019.LA.cm.train.trn.txt
processed/train/REAL/LA_T_2707835_segment_002.wav,LA_T_2707835.flac,0,REAL,LA_0088,train,ASVspoof2019_LA,ASVspoof2019.LA.cm.train.trn.txt
processed/train/REAL/LA_T_2726428_segment_001.wav,LA_T_2726428.flac,0,REAL,LA_0088,train,ASVspoof2019_LA,ASVspoof2019.LA.cm.train.trn.txt
processed/train/REAL/LA_T_2726428_segment_002.wav,LA_T_2726428.flac,0,REAL,LA_0088,train,ASVspoof2019_LA,ASVspoof2019.LA.cm.train.trn.txt
processed/train/REAL/LA_T_2774050_segment_001.wav,LA_T_2774050.flac,0,REAL,LA_0092,train,ASVspoof2019_LA,ASVspoof2019.LA.cm.train.trn.txt
processed/train/REAL/LA_T_2774050_segment_002.wav,LA_T_2774050.flac,0,REAL,LA_0092,train,ASVspoof2019_LA,ASVspoof2019.LA.cm.train.trn.txt
processed/train/REAL/LA_T_2802903_segment_001.wav,LA_T_2802903.flac,0,REAL,LA_0094,train,ASVspoof2019_LA,ASVspoof2019.LA.cm.train.trn.txt
processed/train/REAL/LA_T_2857301_segment_001.wav,LA_T_2857301.flac,0,REAL,LA_0098,train,ASVspoof2019_LA,ASVspoof2019.LA.cm.train.trn.txt
processed/train/REAL/LA_T_2862832_segment_001.wav,LA_T_2862832.flac,0,REAL,LA_0097,train,ASVspoof2019_LA,ASVspoof2019.LA.cm.train.trn.txt
processed/train/REAL/LA_T_2862832_segment_002.wav,LA_T_2862832.flac,0,REAL,LA_0097,train,ASVspoof2019_LA,ASVspoof2019.LA.cm.train.trn.txt
processed/train/REAL/LA_T_2936703_segment_001.wav,LA_T_2936703.flac,0,REAL,LA_0087,train,ASVspoof2019_LA,ASVspoof2019.LA.cm.train.trn.txt
processed/train/REAL/LA_T_2948101_segment_001.wav,LA_T_2948101.flac,0,REAL,LA_0097,train,ASVspoof2019_LA,ASVspoof2019.LA.cm.train.trn.txt
processed/train/REAL/LA_T_2948101_segment_002.wav,LA_T_2948101.flac,0,REAL,LA_0097,train,ASVspoof2019_LA,ASVspoof2019.LA.cm.train.trn.txt
processed/train/REAL/LA_T_2978013_segment_001.wav,LA_T_2978013.flac,0,REAL,LA_0093,train,ASVspoof2019_LA,ASVspoof2019.LA.cm.train.trn.txt
processed/train/REAL/LA_T_2978013_segment_002.wav,LA_T_2978013.flac,0,REAL,LA_0093,train,ASVspoof2019_LA,ASVspoof2019.LA.cm.train.trn.txt
processed/train/REAL/LA_T_2993376_segment_001.wav,LA_T_2993376.flac,0,REAL,LA_0089,train,ASVspoof2019_LA,ASVspoof2019.LA.cm.train.trn.txt
processed/train/REAL/LA_T_3026744_segment_001.wav,LA_T_3026744.flac,0,REAL,LA_0091,train,ASVspoof2019_LA,ASVspoof2019.LA.cm.train.trn.txt
processed/train/REAL/LA_T_3059635_segment_001.wav,LA_T_3059635.flac,0,REAL,LA_0083,train,ASVspoof2019_LA,ASVspoof2019.LA.cm.train.trn.txt
processed/train/REAL/LA_T_3068473_segment_001.wav,LA_T_3068473.flac,0,REAL,LA_0082,train,ASVspoof2019_LA,ASVspoof2019.LA.cm.train.trn.txt
processed/train/REAL/LA_T_3108269_segment_001.wav,LA_T_3108269.flac,0,REAL,LA_0080,train,ASVspoof2019_LA,ASVspoof2019.LA.cm.train.trn.txt
processed/train/REAL/LA_T_3108269_segment_002.wav,LA_T_3108269.flac,0,REAL,LA_0080,train,ASVspoof2019_LA,ASVspoof2019.LA.cm.train.trn.txt
processed/train/REAL/LA_T_3119779_segment_001.wav,LA_T_3119779.flac,0,REAL,LA_0082,train,ASVspoof2019_LA,ASVspoof2019.LA.cm.train.trn.txt
processed/train/REAL/LA_T_3131990_segment_001.wav,LA_T_3131990.flac,0,REAL,LA_0079,train,ASVspoof2019_LA,ASVspoof2019.LA.cm.train.trn.txt
processed/train/REAL/LA_T_3131990_segment_002.wav,LA_T_3131990.flac,0,REAL,LA_0079,train,ASVspoof2019_LA,ASVspoof2019.LA.cm.train.trn.txt
processed/train/REAL/LA_T_3141223_segment_001.wav,LA_T_3141223.flac,0,REAL,LA_0079,train,ASVspoof2019_LA,ASVspoof2019.LA.cm.train.trn.txt
processed/train/REAL/LA_T_3141223_segment_002.wav,LA_T_3141223.flac,0,REAL,LA_0079,train,ASVspoof2019_LA,ASVspoof2019.LA.cm.train.trn.txt
processed/train/REAL/LA_T_3154528_segment_001.wav,LA_T_3154528.flac,0,REAL,LA_0084,train,ASVspoof2019_LA,ASVspoof2019.LA.cm.train.trn.txt
processed/train/REAL/LA_T_3154528_segment_002.wav,LA_T_3154528.flac,0,REAL,LA_0084,train,ASVspoof2019_LA,ASVspoof2019.LA.cm.train.trn.txt
processed/train/REAL/LA_T_3197072_segment_001.wav,LA_T_3197072.flac,0,REAL,LA_0092,train,ASVspoof2019_LA,ASVspoof2019.LA.cm.train.trn.txt
processed/train/REAL/LA_T_3197072_segment_002.wav,LA_T_3197072.flac,0,REAL,LA_0092,train,ASVspoof2019_LA,ASVspoof2019.LA.cm.train.trn.txt
processed/train/REAL/LA_T_3208992_segment_001.wav,LA_T_3208992.flac,0,REAL,LA_0082,train,ASVspoof2019_LA,ASVspoof2019.LA.cm.train.trn.txt
processed/train/REAL/LA_T_3220828_segment_001.wav,LA_T_3220828.flac,0,REAL,LA_0087,train,ASVspoof2019_LA,ASVspoof2019.LA.cm.train.trn.txt
processed/train/REAL/LA_T_3226167_segment_001.wav,LA_T_3226167.flac,0,REAL,LA_0082,train,ASVspoof2019_LA,ASVspoof2019.LA.cm.train.trn.txt
processed/train/REAL/LA_T_3226167_segment_002.wav,LA_T_3226167.flac,0,REAL,LA_0082,train,ASVspoof2019_LA,ASVspoof2019.LA.cm.train.trn.txt
processed/train/REAL/LA_T_3233814_segment_001.wav,LA_T_3233814.flac,0,REAL,LA_0088,train,ASVspoof2019_LA,ASVspoof2019.LA.cm.train.trn.txt
processed/train/REAL/LA_T_3237001_segment_001.wav,LA_T_3237001.flac,0,REAL,LA_0098,train,ASVspoof2019_LA,ASVspoof2019.LA.cm.train.trn.txt
processed/train/REAL/LA_T_3237001_segment_002.wav,LA_T_3237001.flac,0,REAL,LA_0098,train,ASVspoof2019_LA,ASVspoof2019.LA.cm.train.trn.txt
processed/train/REAL/LA_T_3264459_segment_001.wav,LA_T_3264459.flac,0,REAL,LA_0086,train,ASVspoof2019_LA,ASVspoof2019.LA.cm.train.trn.txt
processed/train/REAL/LA_T_3264613_segment_001.wav,LA_T_3264613.flac,0,REAL,LA_0086,train,ASVspoof2019_LA,ASVspoof2019.LA.cm.train.trn.txt
processed/train/REAL/LA_T_3264613_segment_002.wav,LA_T_3264613.flac,0,REAL,LA_0086,train,ASVspoof2019_LA,ASVspoof2019.LA.cm.train.trn.txt
processed/train/REAL/LA_T_3324661_segment_001.wav,LA_T_3324661.flac,0,REAL,LA_0087,train,ASVspoof2019_LA,ASVspoof2019.LA.cm.train.trn.txt
processed/train/REAL/LA_T_3340235_segment_001.wav,LA_T_3340235.flac,0,REAL,LA_0092,train,ASVspoof2019_LA,ASVspoof2019.LA.cm.train.trn.txt
processed/train/REAL/LA_T_3340235_segment_002.wav,LA_T_3340235.flac,0,REAL,LA_0092,train,ASVspoof2019_LA,ASVspoof2019.LA.cm.train.trn.txt
processed/train/REAL/LA_T_3342439_segment_001.wav,LA_T_3342439.flac,0,REAL,LA_0081,train,ASVspoof2019_LA,ASVspoof2019.LA.cm.train.trn.txt
processed/train/REAL/LA_T_3342439_segment_002.wav,LA_T_3342439.flac,0,REAL,LA_0081,train,ASVspoof2019_LA,ASVspoof2019.LA.cm.train.trn.txt
processed/train/REAL/LA_T_3362906_segment_001.wav,LA_T_3362906.flac,0,REAL,LA_0082,train,ASVspoof2019_LA,ASVspoof2019.LA.cm.train.trn.txt
processed/train/REAL/LA_T_3362906_segment_002.wav,LA_T_3362906.flac,0,REAL,LA_0082,train,ASVspoof2019_LA,ASVspoof2019.LA.cm.train.trn.txt
processed/train/REAL/LA_T_3365001_segment_001.wav,LA_T_3365001.flac,0,REAL,LA_0085,train,ASVspoof2019_LA,ASVspoof2019.LA.cm.train.trn.txt
processed/train/REAL/LA_T_3388956_segment_001.wav,LA_T_3388956.flac,0,REAL,LA_0086,train,ASVspoof2019_LA,ASVspoof2019.LA.cm.train.trn.txt
processed/train/REAL/LA_T_3388956_segment_002.wav,LA_T_3388956.flac,0,REAL,LA_0086,train,ASVspoof2019_LA,ASVspoof2019.LA.cm.train.trn.txt
processed/train/REAL/LA_T_3395385_segment_001.wav,LA_T_3395385.flac,0,REAL,LA_0096,train,ASVspoof2019_LA,ASVspoof2019.LA.cm.train.trn.txt
processed/train/REAL/LA_T_3395385_segment_002.wav,LA_T_3395385.flac,0,REAL,LA_0096,train,ASVspoof2019_LA,ASVspoof2019.LA.cm.train.trn.txt
processed/train/REAL/LA_T_3447201_segment_001.wav,LA_T_3447201.flac,0,REAL,LA_0089,train,ASVspoof2019_LA,ASVspoof2019.LA.cm.train.trn.txt
processed/train/REAL/LA_T_3447201_segment_002.wav,LA_T_3447201.flac,0,REAL,LA_0089,train,ASVspoof2019_LA,ASVspoof2019.LA.cm.train.trn.txt
processed/train/REAL/LA_T_3447323_segment_001.wav,LA_T_3447323.flac,0,REAL,LA_0088,train,ASVspoof2019_LA,ASVspoof2019.LA.cm.train.trn.txt
processed/train/REAL/LA_T_3447323_segment_002.wav,LA_T_3447323.flac,0,REAL,LA_0088,train,ASVspoof2019_LA,ASVspoof2019.LA.cm.train.trn.txt
processed/train/REAL/LA_T_3449995_segment_001.wav,LA_T_3449995.flac,0,REAL,LA_0088,train,ASVspoof2019_LA,ASVspoof2019.LA.cm.train.trn.txt
processed/train/REAL/LA_T_3449995_segment_002.wav,LA_T_3449995.flac,0,REAL,LA_0088,train,ASVspoof2019_LA,ASVspoof2019.LA.cm.train.trn.txt
processed/train/REAL/LA_T_3465801_segment_001.wav,LA_T_3465801.flac,0,REAL,LA_0080,train,ASVspoof2019_LA,ASVspoof2019.LA.cm.train.trn.txt
processed/train/REAL/LA_T_3465801_segment_002.wav,LA_T_3465801.flac,0,REAL,LA_0080,train,ASVspoof2019_LA,ASVspoof2019.LA.cm.train.trn.txt
processed/train/REAL/LA_T_3470152_segment_001.wav,LA_T_3470152.flac,0,REAL,LA_0093,train,ASVspoof2019_LA,ASVspoof2019.LA.cm.train.trn.txt
processed/train/REAL/LA_T_3470152_segment_002.wav,LA_T_3470152.flac,0,REAL,LA_0093,train,ASVspoof2019_LA,ASVspoof2019.LA.cm.train.trn.txt
processed/train/REAL/LA_T_3485288_segment_001.wav,LA_T_3485288.flac,0,REAL,LA_0092,train,ASVspoof2019_LA,ASVspoof2019.LA.cm.train.trn.txt
processed/train/REAL/LA_T_3486820_segment_001.wav,LA_T_3486820.flac,0,REAL,LA_0096,train,ASVspoof2019_LA,ASVspoof2019.LA.cm.train.trn.txt
processed/train/REAL/LA_T_3486820_segment_002.wav,LA_T_3486820.flac,0,REAL,LA_0096,train,ASVspoof2019_LA,ASVspoof2019.LA.cm.train.trn.txt
processed/train/REAL/LA_T_3499323_segment_001.wav,LA_T_3499323.flac,0,REAL,LA_0087,train,ASVspoof2019_LA,ASVspoof2019.LA.cm.train.trn.txt
processed/train/REAL/LA_T_3505871_segment_001.wav,LA_T_3505871.flac,0,REAL,LA_0098,train,ASVspoof2019_LA,ASVspoof2019.LA.cm.train.trn.txt
processed/train/REAL/LA_T_3508808_segment_001.wav,LA_T_3508808.flac,0,REAL,LA_0090,train,ASVspoof2019_LA,ASVspoof2019.LA.cm.train.trn.txt
processed/train/REAL/LA_T_3515602_segment_001.wav,LA_T_3515602.flac,0,REAL,LA_0093,train,ASVspoof2019_LA,ASVspoof2019.LA.cm.train.trn.txt
processed/train/REAL/LA_T_3517700_segment_001.wav,LA_T_3517700.flac,0,REAL,LA_0098,train,ASVspoof2019_LA,ASVspoof2019.LA.cm.train.trn.txt
processed/train/REAL/LA_T_3517700_segment_002.wav,LA_T_3517700.flac,0,REAL,LA_0098,train,ASVspoof2019_LA,ASVspoof2019.LA.cm.train.trn.txt
processed/train/REAL/LA_T_3517869_segment_001.wav,LA_T_3517869.flac,0,REAL,LA_0094,train,ASVspoof2019_LA,ASVspoof2019.LA.cm.train.trn.txt
processed/train/REAL/LA_T_3545264_segment_001.wav,LA_T_3545264.flac,0,REAL,LA_0094,train,ASVspoof2019_LA,ASVspoof2019.LA.cm.train.trn.txt
processed/train/REAL/LA_T_3555171_segment_001.wav,LA_T_3555171.flac,0,REAL,LA_0080,train,ASVspoof2019_LA,ASVspoof2019.LA.cm.train.trn.txt
processed/train/REAL/LA_T_3560086_segment_001.wav,LA_T_3560086.flac,0,REAL,LA_0095,train,ASVspoof2019_LA,ASVspoof2019.LA.cm.train.trn.txt
processed/train/REAL/LA_T_3570279_segment_001.wav,LA_T_3570279.flac,0,REAL,LA_0081,train,ASVspoof2019_LA,ASVspoof2019.LA.cm.train.trn.txt
processed/train/REAL/LA_T_3570279_segment_002.wav,LA_T_3570279.flac,0,REAL,LA_0081,train,ASVspoof2019_LA,ASVspoof2019.LA.cm.train.trn.txt
processed/train/REAL/LA_T_3579841_segment_001.wav,LA_T_3579841.flac,0,REAL,LA_0095,train,ASVspoof2019_LA,ASVspoof2019.LA.cm.train.trn.txt
processed/train/REAL/LA_T_3593688_segment_001.wav,LA_T_3593688.flac,0,REAL,LA_0090,train,ASVspoof2019_LA,ASVspoof2019.LA.cm.train.trn.txt
processed/train/REAL/LA_T_3626619_segment_001.wav,LA_T_3626619.flac,0,REAL,LA_0080,train,ASVspoof2019_LA,ASVspoof2019.LA.cm.train.trn.txt
processed/train/REAL/LA_T_3626619_segment_002.wav,LA_T_3626619.flac,0,REAL,LA_0080,train,ASVspoof2019_LA,ASVspoof2019.LA.cm.train.trn.txt
processed/train/REAL/LA_T_3657309_segment_001.wav,LA_T_3657309.flac,0,REAL,LA_0097,train,ASVspoof2019_LA,ASVspoof2019.LA.cm.train.trn.txt
processed/train/REAL/LA_T_3657309_segment_002.wav,LA_T_3657309.flac,0,REAL,LA_0097,train,ASVspoof2019_LA,ASVspoof2019.LA.cm.train.trn.txt
processed/train/REAL/LA_T_3659915_segment_001.wav,LA_T_3659915.flac,0,REAL,LA_0082,train,ASVspoof2019_LA,ASVspoof2019.LA.cm.train.trn.txt
processed/train/REAL/LA_T_3659915_segment_002.wav,LA_T_3659915.flac,0,REAL,LA_0082,train,ASVspoof2019_LA,ASVspoof2019.LA.cm.train.trn.txt
processed/train/REAL/LA_T_3679258_segment_001.wav,LA_T_3679258.flac,0,REAL,LA_0084,train,ASVspoof2019_LA,ASVspoof2019.LA.cm.train.trn.txt
processed/train/REAL/LA_T_3679258_segment_002.wav,LA_T_3679258.flac,0,REAL,LA_0084,train,ASVspoof2019_LA,ASVspoof2019.LA.cm.train.trn.txt
processed/train/REAL/LA_T_3680444_segment_001.wav,LA_T_3680444.flac,0,REAL,LA_0096,train,ASVspoof2019_LA,ASVspoof2019.LA.cm.train.trn.txt
processed/train/REAL/LA_T_3683196_segment_001.wav,LA_T_3683196.flac,0,REAL,LA_0087,train,ASVspoof2019_LA,ASVspoof2019.LA.cm.train.trn.txt
processed/train/REAL/LA_T_3686008_segment_001.wav,LA_T_3686008.flac,0,REAL,LA_0085,train,ASVspoof2019_LA,ASVspoof2019.LA.cm.train.trn.txt
processed/train/REAL/LA_T_3686008_segment_002.wav,LA_T_3686008.flac,0,REAL,LA_0085,train,ASVspoof2019_LA,ASVspoof2019.LA.cm.train.trn.txt
processed/train/REAL/LA_T_3692595_segment_001.wav,LA_T_3692595.flac,0,REAL,LA_0096,train,ASVspoof2019_LA,ASVspoof2019.LA.cm.train.trn.txt
processed/train/REAL/LA_T_3704574_segment_001.wav,LA_T_3704574.flac,0,REAL,LA_0082,train,ASVspoof2019_LA,ASVspoof2019.LA.cm.train.trn.txt
processed/train/REAL/LA_T_3704574_segment_002.wav,LA_T_3704574.flac,0,REAL,LA_0082,train,ASVspoof2019_LA,ASVspoof2019.LA.cm.train.trn.txt
processed/train/REAL/LA_T_3720724_segment_001.wav,LA_T_3720724.flac,0,REAL,LA_0093,train,ASVspoof2019_LA,ASVspoof2019.LA.cm.train.trn.txt
processed/train/REAL/LA_T_3720724_segment_002.wav,LA_T_3720724.flac,0,REAL,LA_0093,train,ASVspoof2019_LA,ASVspoof2019.LA.cm.train.trn.txt
processed/train/REAL/LA_T_3725307_segment_001.wav,LA_T_3725307.flac,0,REAL,LA_0084,train,ASVspoof2019_LA,ASVspoof2019.LA.cm.train.trn.txt
processed/train/REAL/LA_T_3725307_segment_002.wav,LA_T_3725307.flac,0,REAL,LA_0084,train,ASVspoof2019_LA,ASVspoof2019.LA.cm.train.trn.txt
processed/train/REAL/LA_T_3747046_segment_001.wav,LA_T_3747046.flac,0,REAL,LA_0088,train,ASVspoof2019_LA,ASVspoof2019.LA.cm.train.trn.txt
processed/train/REAL/LA_T_3751646_segment_001.wav,LA_T_3751646.flac,0,REAL,LA_0098,train,ASVspoof2019_LA,ASVspoof2019.LA.cm.train.trn.txt
processed/train/REAL/LA_T_3769139_segment_001.wav,LA_T_3769139.flac,0,REAL,LA_0098,train,ASVspoof2019_LA,ASVspoof2019.LA.cm.train.trn.txt
processed/train/REAL/LA_T_3769139_segment_002.wav,LA_T_3769139.flac,0,REAL,LA_0098,train,ASVspoof2019_LA,ASVspoof2019.LA.cm.train.trn.txt
processed/train/REAL/LA_T_3772667_segment_001.wav,LA_T_3772667.flac,0,REAL,LA_0080,train,ASVspoof2019_LA,ASVspoof2019.LA.cm.train.trn.txt
processed/train/REAL/LA_T_3772667_segment_002.wav,LA_T_3772667.flac,0,REAL,LA_0080,train,ASVspoof2019_LA,ASVspoof2019.LA.cm.train.trn.txt
processed/train/REAL/LA_T_3843638_segment_001.wav,LA_T_3843638.flac,0,REAL,LA_0083,train,ASVspoof2019_LA,ASVspoof2019.LA.cm.train.trn.txt
processed/train/REAL/LA_T_3843638_segment_002.wav,LA_T_3843638.flac,0,REAL,LA_0083,train,ASVspoof2019_LA,ASVspoof2019.LA.cm.train.trn.txt
processed/train/REAL/LA_T_3848963_segment_001.wav,LA_T_3848963.flac,0,REAL,LA_0090,train,ASVspoof2019_LA,ASVspoof2019.LA.cm.train.trn.txt
processed/train/REAL/LA_T_3848963_segment_002.wav,LA_T_3848963.flac,0,REAL,LA_0090,train,ASVspoof2019_LA,ASVspoof2019.LA.cm.train.trn.txt
processed/train/REAL/LA_T_3849267_segment_001.wav,LA_T_3849267.flac,0,REAL,LA_0079,train,ASVspoof2019_LA,ASVspoof2019.LA.cm.train.trn.txt
processed/train/REAL/LA_T_3891170_segment_001.wav,LA_T_3891170.flac,0,REAL,LA_0085,train,ASVspoof2019_LA,ASVspoof2019.LA.cm.train.trn.txt
processed/train/REAL/LA_T_3891170_segment_002.wav,LA_T_3891170.flac,0,REAL,LA_0085,train,ASVspoof2019_LA,ASVspoof2019.LA.cm.train.trn.txt
processed/train/REAL/LA_T_3913974_segment_001.wav,LA_T_3913974.flac,0,REAL,LA_0098,train,ASVspoof2019_LA,ASVspoof2019.LA.cm.train.trn.txt
processed/train/REAL/LA_T_3913974_segment_002.wav,LA_T_3913974.flac,0,REAL,LA_0098,train,ASVspoof2019_LA,ASVspoof2019.LA.cm.train.trn.txt
processed/train/REAL/LA_T_3963452_segment_001.wav,LA_T_3963452.flac,0,REAL,LA_0085,train,ASVspoof2019_LA,ASVspoof2019.LA.cm.train.trn.txt
processed/train/REAL/LA_T_3963452_segment_002.wav,LA_T_3963452.flac,0,REAL,LA_0085,train,ASVspoof2019_LA,ASVspoof2019.LA.cm.train.trn.txt
processed/train/REAL/LA_T_3967178_segment_001.wav,LA_T_3967178.flac,0,REAL,LA_0089,train,ASVspoof2019_LA,ASVspoof2019.LA.cm.train.trn.txt
processed/train/REAL/LA_T_3967178_segment_002.wav,LA_T_3967178.flac,0,REAL,LA_0089,train,ASVspoof2019_LA,ASVspoof2019.LA.cm.train.trn.txt
processed/train/REAL/LA_T_3995089_segment_001.wav,LA_T_3995089.flac,0,REAL,LA_0079,train,ASVspoof2019_LA,ASVspoof2019.LA.cm.train.trn.txt
processed/train/REAL/LA_T_3995089_segment_002.wav,LA_T_3995089.flac,0,REAL,LA_0079,train,ASVspoof2019_LA,ASVspoof2019.LA.cm.train.trn.txt
processed/train/REAL/LA_T_4003689_segment_001.wav,LA_T_4003689.flac,0,REAL,LA_0095,train,ASVspoof2019_LA,ASVspoof2019.LA.cm.train.trn.txt
processed/train/REAL/LA_T_4043474_segment_001.wav,LA_T_4043474.flac,0,REAL,LA_0085,train,ASVspoof2019_LA,ASVspoof2019.LA.cm.train.trn.txt
processed/train/REAL/LA_T_4051929_segment_001.wav,LA_T_4051929.flac,0,REAL,LA_0093,train,ASVspoof2019_LA,ASVspoof2019.LA.cm.train.trn.txt
processed/train/REAL/LA_T_4077869_segment_001.wav,LA_T_4077869.flac,0,REAL,LA_0080,train,ASVspoof2019_LA,ASVspoof2019.LA.cm.train.trn.txt
processed/train/REAL/LA_T_4105004_segment_001.wav,LA_T_4105004.flac,0,REAL,LA_0080,train,ASVspoof2019_LA,ASVspoof2019.LA.cm.train.trn.txt
processed/train/REAL/LA_T_4105004_segment_002.wav,LA_T_4105004.flac,0,REAL,LA_0080,train,ASVspoof2019_LA,ASVspoof2019.LA.cm.train.trn.txt
processed/train/REAL/LA_T_4140135_segment_001.wav,LA_T_4140135.flac,0,REAL,LA_0088,train,ASVspoof2019_LA,ASVspoof2019.LA.cm.train.trn.txt
processed/train/REAL/LA_T_4140135_segment_002.wav,LA_T_4140135.flac,0,REAL,LA_0088,train,ASVspoof2019_LA,ASVspoof2019.LA.cm.train.trn.txt
processed/train/REAL/LA_T_4140135_segment_003.wav,LA_T_4140135.flac,0,REAL,LA_0088,train,ASVspoof2019_LA,ASVspoof2019.LA.cm.train.trn.txt
processed/train/REAL/LA_T_4160149_segment_001.wav,LA_T_4160149.flac,0,REAL,LA_0086,train,ASVspoof2019_LA,ASVspoof2019.LA.cm.train.trn.txt
processed/train/REAL/LA_T_4176612_segment_001.wav,LA_T_4176612.flac,0,REAL,LA_0080,train,ASVspoof2019_LA,ASVspoof2019.LA.cm.train.trn.txt
processed/train/REAL/LA_T_4197307_segment_001.wav,LA_T_4197307.flac,0,REAL,LA_0079,train,ASVspoof2019_LA,ASVspoof2019.LA.cm.train.trn.txt
processed/train/REAL/LA_T_4197307_segment_002.wav,LA_T_4197307.flac,0,REAL,LA_0079,train,ASVspoof2019_LA,ASVspoof2019.LA.cm.train.trn.txt
processed/train/REAL/LA_T_4197596_segment_001.wav,LA_T_4197596.flac,0,REAL,LA_0098,train,ASVspoof2019_LA,ASVspoof2019.LA.cm.train.trn.txt
processed/train/REAL/LA_T_4198628_segment_001.wav,LA_T_4198628.flac,0,REAL,LA_0082,train,ASVspoof2019_LA,ASVspoof2019.LA.cm.train.trn.txt
processed/train/REAL/LA_T_4198628_segment_002.wav,LA_T_4198628.flac,0,REAL,LA_0082,train,ASVspoof2019_LA,ASVspoof2019.LA.cm.train.trn.txt
processed/train/REAL/LA_T_4245794_segment_001.wav,LA_T_4245794.flac,0,REAL,LA_0095,train,ASVspoof2019_LA,ASVspoof2019.LA.cm.train.trn.txt
processed/train/REAL/LA_T_4245794_segment_002.wav,LA_T_4245794.flac,0,REAL,LA_0095,train,ASVspoof2019_LA,ASVspoof2019.LA.cm.train.trn.txt
processed/train/REAL/LA_T_4263726_segment_001.wav,LA_T_4263726.flac,0,REAL,LA_0095,train,ASVspoof2019_LA,ASVspoof2019.LA.cm.train.trn.txt
processed/train/REAL/LA_T_4270225_segment_001.wav,LA_T_4270225.flac,0,REAL,LA_0093,train,ASVspoof2019_LA,ASVspoof2019.LA.cm.train.trn.txt
processed/train/REAL/LA_T_4290789_segment_001.wav,LA_T_4290789.flac,0,REAL,LA_0089,train,ASVspoof2019_LA,ASVspoof2019.LA.cm.train.trn.txt
processed/train/REAL/LA_T_4290789_segment_002.wav,LA_T_4290789.flac,0,REAL,LA_0089,train,ASVspoof2019_LA,ASVspoof2019.LA.cm.train.trn.txt
processed/train/REAL/LA_T_4298489_segment_001.wav,LA_T_4298489.flac,0,REAL,LA_0086,train,ASVspoof2019_LA,ASVspoof2019.LA.cm.train.trn.txt
processed/train/REAL/LA_T_4356490_segment_001.wav,LA_T_4356490.flac,0,REAL,LA_0080,train,ASVspoof2019_LA,ASVspoof2019.LA.cm.train.trn.txt
processed/train/REAL/LA_T_4360430_segment_001.wav,LA_T_4360430.flac,0,REAL,LA_0096,train,ASVspoof2019_LA,ASVspoof2019.LA.cm.train.trn.txt
processed/train/REAL/LA_T_4360430_segment_002.wav,LA_T_4360430.flac,0,REAL,LA_0096,train,ASVspoof2019_LA,ASVspoof2019.LA.cm.train.trn.txt
processed/train/REAL/LA_T_4362109_segment_001.wav,LA_T_4362109.flac,0,REAL,LA_0079,train,ASVspoof2019_LA,ASVspoof2019.LA.cm.train.trn.txt
processed/train/REAL/LA_T_4362109_segment_002.wav,LA_T_4362109.flac,0,REAL,LA_0079,train,ASVspoof2019_LA,ASVspoof2019.LA.cm.train.trn.txt
processed/train/REAL/LA_T_4369129_segment_001.wav,LA_T_4369129.flac,0,REAL,LA_0082,train,ASVspoof2019_LA,ASVspoof2019.LA.cm.train.trn.txt
processed/train/REAL/LA_T_4387428_segment_001.wav,LA_T_4387428.flac,0,REAL,LA_0097,train,ASVspoof2019_LA,ASVspoof2019.LA.cm.train.trn.txt
processed/train/REAL/LA_T_4387428_segment_002.wav,LA_T_4387428.flac,0,REAL,LA_0097,train,ASVspoof2019_LA,ASVspoof2019.LA.cm.train.trn.txt
processed/train/REAL/LA_T_4400047_segment_001.wav,LA_T_4400047.flac,0,REAL,LA_0091,train,ASVspoof2019_LA,ASVspoof2019.LA.cm.train.trn.txt
processed/train/REAL/LA_T_4400047_segment_002.wav,LA_T_4400047.flac,0,REAL,LA_0091,train,ASVspoof2019_LA,ASVspoof2019.LA.cm.train.trn.txt
processed/train/REAL/LA_T_4400269_segment_001.wav,LA_T_4400269.flac,0,REAL,LA_0081,train,ASVspoof2019_LA,ASVspoof2019.LA.cm.train.trn.txt
processed/train/REAL/LA_T_4400269_segment_002.wav,LA_T_4400269.flac,0,REAL,LA_0081,train,ASVspoof2019_LA,ASVspoof2019.LA.cm.train.trn.txt
processed/train/REAL/LA_T_4428691_segment_001.wav,LA_T_4428691.flac,0,REAL,LA_0079,train,ASVspoof2019_LA,ASVspoof2019.LA.cm.train.trn.txt
processed/train/REAL/LA_T_4428776_segment_001.wav,LA_T_4428776.flac,0,REAL,LA_0092,train,ASVspoof2019_LA,ASVspoof2019.LA.cm.train.trn.txt
processed/train/REAL/LA_T_4428776_segment_002.wav,LA_T_4428776.flac,0,REAL,LA_0092,train,ASVspoof2019_LA,ASVspoof2019.LA.cm.train.trn.txt
processed/train/REAL/LA_T_4436477_segment_001.wav,LA_T_4436477.flac,0,REAL,LA_0089,train,ASVspoof2019_LA,ASVspoof2019.LA.cm.train.trn.txt
processed/train/REAL/LA_T_4436477_segment_002.wav,LA_T_4436477.flac,0,REAL,LA_0089,train,ASVspoof2019_LA,ASVspoof2019.LA.cm.train.trn.txt
processed/train/REAL/LA_T_4451463_segment_001.wav,LA_T_4451463.flac,0,REAL,LA_0082,train,ASVspoof2019_LA,ASVspoof2019.LA.cm.train.trn.txt
processed/train/REAL/LA_T_4456087_segment_001.wav,LA_T_4456087.flac,0,REAL,LA_0094,train,ASVspoof2019_LA,ASVspoof2019.LA.cm.train.trn.txt
processed/train/REAL/LA_T_4484196_segment_001.wav,LA_T_4484196.flac,0,REAL,LA_0090,train,ASVspoof2019_LA,ASVspoof2019.LA.cm.train.trn.txt
processed/train/REAL/LA_T_4484196_segment_002.wav,LA_T_4484196.flac,0,REAL,LA_0090,train,ASVspoof2019_LA,ASVspoof2019.LA.cm.train.trn.txt
processed/train/REAL/LA_T_4486316_segment_001.wav,LA_T_4486316.flac,0,REAL,LA_0082,train,ASVspoof2019_LA,ASVspoof2019.LA.cm.train.trn.txt
processed/train/REAL/LA_T_4509152_segment_001.wav,LA_T_4509152.flac,0,REAL,LA_0094,train,ASVspoof2019_LA,ASVspoof2019.LA.cm.train.trn.txt
processed/train/REAL/LA_T_4509152_segment_002.wav,LA_T_4509152.flac,0,REAL,LA_0094,train,ASVspoof2019_LA,ASVspoof2019.LA.cm.train.trn.txt
processed/train/REAL/LA_T_4513430_segment_001.wav,LA_T_4513430.flac,0,REAL,LA_0081,train,ASVspoof2019_LA,ASVspoof2019.LA.cm.train.trn.txt
processed/train/REAL/LA_T_4513430_segment_002.wav,LA_T_4513430.flac,0,REAL,LA_0081,train,ASVspoof2019_LA,ASVspoof2019.LA.cm.train.trn.txt
processed/train/REAL/LA_T_4529370_segment_001.wav,LA_T_4529370.flac,0,REAL,LA_0089,train,ASVspoof2019_LA,ASVspoof2019.LA.cm.train.trn.txt
processed/train/REAL/LA_T_4529370_segment_002.wav,LA_T_4529370.flac,0,REAL,LA_0089,train,ASVspoof2019_LA,ASVspoof2019.LA.cm.train.trn.txt
processed/train/REAL/LA_T_4543133_segment_001.wav,LA_T_4543133.flac,0,REAL,LA_0083,train,ASVspoof2019_LA,ASVspoof2019.LA.cm.train.trn.txt
processed/train/REAL/LA_T_4543133_segment_002.wav,LA_T_4543133.flac,0,REAL,LA_0083,train,ASVspoof2019_LA,ASVspoof2019.LA.cm.train.trn.txt
processed/train/REAL/LA_T_4591528_segment_001.wav,LA_T_4591528.flac,0,REAL,LA_0083,train,ASVspoof2019_LA,ASVspoof2019.LA.cm.train.trn.txt
processed/train/REAL/LA_T_4606578_segment_001.wav,LA_T_4606578.flac,0,REAL,LA_0084,train,ASVspoof2019_LA,ASVspoof2019.LA.cm.train.trn.txt
processed/train/REAL/LA_T_4614402_segment_001.wav,LA_T_4614402.flac,0,REAL,LA_0086,train,ASVspoof2019_LA,ASVspoof2019.LA.cm.train.trn.txt
processed/train/REAL/LA_T_4615562_segment_001.wav,LA_T_4615562.flac,0,REAL,LA_0085,train,ASVspoof2019_LA,ASVspoof2019.LA.cm.train.trn.txt
processed/train/REAL/LA_T_4615562_segment_002.wav,LA_T_4615562.flac,0,REAL,LA_0085,train,ASVspoof2019_LA,ASVspoof2019.LA.cm.train.trn.txt
processed/train/REAL/LA_T_4630790_segment_001.wav,LA_T_4630790.flac,0,REAL,LA_0093,train,ASVspoof2019_LA,ASVspoof2019.LA.cm.train.trn.txt
processed/train/REAL/LA_T_4630790_segment_002.wav,LA_T_4630790.flac,0,REAL,LA_0093,train,ASVspoof2019_LA,ASVspoof2019.LA.cm.train.trn.txt
processed/train/REAL/LA_T_4631069_segment_001.wav,LA_T_4631069.flac,0,REAL,LA_0098,train,ASVspoof2019_LA,ASVspoof2019.LA.cm.train.trn.txt
processed/train/REAL/LA_T_4638884_segment_001.wav,LA_T_4638884.flac,0,REAL,LA_0082,train,ASVspoof2019_LA,ASVspoof2019.LA.cm.train.trn.txt
processed/train/REAL/LA_T_4638884_segment_002.wav,LA_T_4638884.flac,0,REAL,LA_0082,train,ASVspoof2019_LA,ASVspoof2019.LA.cm.train.trn.txt
processed/train/REAL/LA_T_4654973_segment_001.wav,LA_T_4654973.flac,0,REAL,LA_0096,train,ASVspoof2019_LA,ASVspoof2019.LA.cm.train.trn.txt
processed/train/REAL/LA_T_4654973_segment_002.wav,LA_T_4654973.flac,0,REAL,LA_0096,train,ASVspoof2019_LA,ASVspoof2019.LA.cm.train.trn.txt
processed/train/REAL/LA_T_4666356_segment_001.wav,LA_T_4666356.flac,0,REAL,LA_0086,train,ASVspoof2019_LA,ASVspoof2019.LA.cm.train.trn.txt
processed/train/REAL/LA_T_4667091_segment_001.wav,LA_T_4667091.flac,0,REAL,LA_0083,train,ASVspoof2019_LA,ASVspoof2019.LA.cm.train.trn.txt
processed/train/REAL/LA_T_4667091_segment_002.wav,LA_T_4667091.flac,0,REAL,LA_0083,train,ASVspoof2019_LA,ASVspoof2019.LA.cm.train.trn.txt
processed/train/REAL/LA_T_4678612_segment_001.wav,LA_T_4678612.flac,0,REAL,LA_0083,train,ASVspoof2019_LA,ASVspoof2019.LA.cm.train.trn.txt
processed/train/REAL/LA_T_4678612_segment_002.wav,LA_T_4678612.flac,0,REAL,LA_0083,train,ASVspoof2019_LA,ASVspoof2019.LA.cm.train.trn.txt
processed/train/REAL/LA_T_4698044_segment_001.wav,LA_T_4698044.flac,0,REAL,LA_0097,train,ASVspoof2019_LA,ASVspoof2019.LA.cm.train.trn.txt
processed/train/REAL/LA_T_4698044_segment_002.wav,LA_T_4698044.flac,0,REAL,LA_0097,train,ASVspoof2019_LA,ASVspoof2019.LA.cm.train.trn.txt
processed/train/REAL/LA_T_4710920_segment_001.wav,LA_T_4710920.flac,0,REAL,LA_0082,train,ASVspoof2019_LA,ASVspoof2019.LA.cm.train.trn.txt
processed/train/REAL/LA_T_4711197_segment_001.wav,LA_T_4711197.flac,0,REAL,LA_0085,train,ASVspoof2019_LA,ASVspoof2019.LA.cm.train.trn.txt
processed/train/REAL/LA_T_4711197_segment_002.wav,LA_T_4711197.flac,0,REAL,LA_0085,train,ASVspoof2019_LA,ASVspoof2019.LA.cm.train.trn.txt
processed/train/REAL/LA_T_4712212_segment_001.wav,LA_T_4712212.flac,0,REAL,LA_0092,train,ASVspoof2019_LA,ASVspoof2019.LA.cm.train.trn.txt
processed/train/REAL/LA_T_4720967_segment_001.wav,LA_T_4720967.flac,0,REAL,LA_0087,train,ASVspoof2019_LA,ASVspoof2019.LA.cm.train.trn.txt
processed/train/REAL/LA_T_4760367_segment_001.wav,LA_T_4760367.flac,0,REAL,LA_0089,train,ASVspoof2019_LA,ASVspoof2019.LA.cm.train.trn.txt
processed/train/REAL/LA_T_4769298_segment_001.wav,LA_T_4769298.flac,0,REAL,LA_0082,train,ASVspoof2019_LA,ASVspoof2019.LA.cm.train.trn.txt
processed/train/REAL/LA_T_4769298_segment_002.wav,LA_T_4769298.flac,0,REAL,LA_0082,train,ASVspoof2019_LA,ASVspoof2019.LA.cm.train.trn.txt
processed/train/REAL/LA_T_4827397_segment_001.wav,LA_T_4827397.flac,0,REAL,LA_0096,train,ASVspoof2019_LA,ASVspoof2019.LA.cm.train.trn.txt
processed/train/REAL/LA_T_4848180_segment_001.wav,LA_T_4848180.flac,0,REAL,LA_0084,train,ASVspoof2019_LA,ASVspoof2019.LA.cm.train.trn.txt
processed/train/REAL/LA_T_4848180_segment_002.wav,LA_T_4848180.flac,0,REAL,LA_0084,train,ASVspoof2019_LA,ASVspoof2019.LA.cm.train.trn.txt
processed/train/REAL/LA_T_4848180_segment_003.wav,LA_T_4848180.flac,0,REAL,LA_0084,train,ASVspoof2019_LA,ASVspoof2019.LA.cm.train.trn.txt
processed/train/REAL/LA_T_4853062_segment_001.wav,LA_T_4853062.flac,0,REAL,LA_0089,train,ASVspoof2019_LA,ASVspoof2019.LA.cm.train.trn.txt
processed/train/REAL/LA_T_4853062_segment_002.wav,LA_T_4853062.flac,0,REAL,LA_0089,train,ASVspoof2019_LA,ASVspoof2019.LA.cm.train.trn.txt
processed/train/REAL/LA_T_4860349_segment_001.wav,LA_T_4860349.flac,0,REAL,LA_0082,train,ASVspoof2019_LA,ASVspoof2019.LA.cm.train.trn.txt
processed/train/REAL/LA_T_4881506_segment_001.wav,LA_T_4881506.flac,0,REAL,LA_0091,train,ASVspoof2019_LA,ASVspoof2019.LA.cm.train.trn.txt
processed/train/REAL/LA_T_4881506_segment_002.wav,LA_T_4881506.flac,0,REAL,LA_0091,train,ASVspoof2019_LA,ASVspoof2019.LA.cm.train.trn.txt
processed/train/REAL/LA_T_4890539_segment_001.wav,LA_T_4890539.flac,0,REAL,LA_0083,train,ASVspoof2019_LA,ASVspoof2019.LA.cm.train.trn.txt
processed/train/REAL/LA_T_4891261_segment_001.wav,LA_T_4891261.flac,0,REAL,LA_0093,train,ASVspoof2019_LA,ASVspoof2019.LA.cm.train.trn.txt
processed/train/REAL/LA_T_4891261_segment_002.wav,LA_T_4891261.flac,0,REAL,LA_0093,train,ASVspoof2019_LA,ASVspoof2019.LA.cm.train.trn.txt
processed/train/REAL/LA_T_4898635_segment_001.wav,LA_T_4898635.flac,0,REAL,LA_0087,train,ASVspoof2019_LA,ASVspoof2019.LA.cm.train.trn.txt
processed/train/REAL/LA_T_4898635_segment_002.wav,LA_T_4898635.flac,0,REAL,LA_0087,train,ASVspoof2019_LA,ASVspoof2019.LA.cm.train.trn.txt
processed/train/REAL/LA_T_4900136_segment_001.wav,LA_T_4900136.flac,0,REAL,LA_0088,train,ASVspoof2019_LA,ASVspoof2019.LA.cm.train.trn.txt
processed/train/REAL/LA_T_4900136_segment_002.wav,LA_T_4900136.flac,0,REAL,LA_0088,train,ASVspoof2019_LA,ASVspoof2019.LA.cm.train.trn.txt
processed/train/REAL/LA_T_4948515_segment_001.wav,LA_T_4948515.flac,0,REAL,LA_0093,train,ASVspoof2019_LA,ASVspoof2019.LA.cm.train.trn.txt
processed/train/REAL/LA_T_4948515_segment_002.wav,LA_T_4948515.flac,0,REAL,LA_0093,train,ASVspoof2019_LA,ASVspoof2019.LA.cm.train.trn.txt
processed/train/REAL/LA_T_4991041_segment_001.wav,LA_T_4991041.flac,0,REAL,LA_0082,train,ASVspoof2019_LA,ASVspoof2019.LA.cm.train.trn.txt
processed/train/REAL/LA_T_4991041_segment_002.wav,LA_T_4991041.flac,0,REAL,LA_0082,train,ASVspoof2019_LA,ASVspoof2019.LA.cm.train.trn.txt
processed/train/REAL/LA_T_5034418_segment_001.wav,LA_T_5034418.flac,0,REAL,LA_0094,train,ASVspoof2019_LA,ASVspoof2019.LA.cm.train.trn.txt
processed/train/REAL/LA_T_5065316_segment_001.wav,LA_T_5065316.flac,0,REAL,LA_0092,train,ASVspoof2019_LA,ASVspoof2019.LA.cm.train.trn.txt
processed/train/REAL/LA_T_5065316_segment_002.wav,LA_T_5065316.flac,0,REAL,LA_0092,train,ASVspoof2019_LA,ASVspoof2019.LA.cm.train.trn.txt
processed/train/REAL/LA_T_5100132_segment_001.wav,LA_T_5100132.flac,0,REAL,LA_0080,train,ASVspoof2019_LA,ASVspoof2019.LA.cm.train.trn.txt
processed/train/REAL/LA_T_5114581_segment_001.wav,LA_T_5114581.flac,0,REAL,LA_0094,train,ASVspoof2019_LA,ASVspoof2019.LA.cm.train.trn.txt
processed/train/REAL/LA_T_5114581_segment_002.wav,LA_T_5114581.flac,0,REAL,LA_0094,train,ASVspoof2019_LA,ASVspoof2019.LA.cm.train.trn.txt
processed/train/REAL/LA_T_5123366_segment_001.wav,LA_T_5123366.flac,0,REAL,LA_0081,train,ASVspoof2019_LA,ASVspoof2019.LA.cm.train.trn.txt
processed/train/REAL/LA_T_5123366_segment_002.wav,LA_T_5123366.flac,0,REAL,LA_0081,train,ASVspoof2019_LA,ASVspoof2019.LA.cm.train.trn.txt
processed/train/REAL/LA_T_5154755_segment_001.wav,LA_T_5154755.flac,0,REAL,LA_0088,train,ASVspoof2019_LA,ASVspoof2019.LA.cm.train.trn.txt
processed/train/REAL/LA_T_5154755_segment_002.wav,LA_T_5154755.flac,0,REAL,LA_0088,train,ASVspoof2019_LA,ASVspoof2019.LA.cm.train.trn.txt
processed/train/REAL/LA_T_5169294_segment_001.wav,LA_T_5169294.flac,0,REAL,LA_0095,train,ASVspoof2019_LA,ASVspoof2019.LA.cm.train.trn.txt
processed/train/REAL/LA_T_5192765_segment_001.wav,LA_T_5192765.flac,0,REAL,LA_0081,train,ASVspoof2019_LA,ASVspoof2019.LA.cm.train.trn.txt
processed/train/REAL/LA_T_5192765_segment_002.wav,LA_T_5192765.flac,0,REAL,LA_0081,train,ASVspoof2019_LA,ASVspoof2019.LA.cm.train.trn.txt
processed/train/REAL/LA_T_5242457_segment_001.wav,LA_T_5242457.flac,0,REAL,LA_0089,train,ASVspoof2019_LA,ASVspoof2019.LA.cm.train.trn.txt
processed/train/REAL/LA_T_5242457_segment_002.wav,LA_T_5242457.flac,0,REAL,LA_0089,train,ASVspoof2019_LA,ASVspoof2019.LA.cm.train.trn.txt
processed/train/REAL/LA_T_5266787_segment_001.wav,LA_T_5266787.flac,0,REAL,LA_0080,train,ASVspoof2019_LA,ASVspoof2019.LA.cm.train.trn.txt
processed/train/REAL/LA_T_5307856_segment_001.wav,LA_T_5307856.flac,0,REAL,LA_0097,train,ASVspoof2019_LA,ASVspoof2019.LA.cm.train.trn.txt
processed/train/REAL/LA_T_5307856_segment_002.wav,LA_T_5307856.flac,0,REAL,LA_0097,train,ASVspoof2019_LA,ASVspoof2019.LA.cm.train.trn.txt
processed/train/REAL/LA_T_5314492_segment_001.wav,LA_T_5314492.flac,0,REAL,LA_0088,train,ASVspoof2019_LA,ASVspoof2019.LA.cm.train.trn.txt
processed/train/REAL/LA_T_5314492_segment_002.wav,LA_T_5314492.flac,0,REAL,LA_0088,train,ASVspoof2019_LA,ASVspoof2019.LA.cm.train.trn.txt
processed/train/REAL/LA_T_5322386_segment_001.wav,LA_T_5322386.flac,0,REAL,LA_0097,train,ASVspoof2019_LA,ASVspoof2019.LA.cm.train.trn.txt
processed/train/REAL/LA_T_5322386_segment_002.wav,LA_T_5322386.flac,0,REAL,LA_0097,train,ASVspoof2019_LA,ASVspoof2019.LA.cm.train.trn.txt
processed/train/REAL/LA_T_5322386_segment_003.wav,LA_T_5322386.flac,0,REAL,LA_0097,train,ASVspoof2019_LA,ASVspoof2019.LA.cm.train.trn.txt
processed/train/REAL/LA_T_5326363_segment_001.wav,LA_T_5326363.flac,0,REAL,LA_0091,train,ASVspoof2019_LA,ASVspoof2019.LA.cm.train.trn.txt
processed/train/REAL/LA_T_5326968_segment_001.wav,LA_T_5326968.flac,0,REAL,LA_0093,train,ASVspoof2019_LA,ASVspoof2019.LA.cm.train.trn.txt
processed/train/REAL/LA_T_5326968_segment_002.wav,LA_T_5326968.flac,0,REAL,LA_0093,train,ASVspoof2019_LA,ASVspoof2019.LA.cm.train.trn.txt
processed/train/REAL/LA_T_5360887_segment_001.wav,LA_T_5360887.flac,0,REAL,LA_0091,train,ASVspoof2019_LA,ASVspoof2019.LA.cm.train.trn.txt
processed/train/REAL/LA_T_5360887_segment_002.wav,LA_T_5360887.flac,0,REAL,LA_0091,train,ASVspoof2019_LA,ASVspoof2019.LA.cm.train.trn.txt
processed/train/REAL/LA_T_5362691_segment_001.wav,LA_T_5362691.flac,0,REAL,LA_0086,train,ASVspoof2019_LA,ASVspoof2019.LA.cm.train.trn.txt
processed/train/REAL/LA_T_5362691_segment_002.wav,LA_T_5362691.flac,0,REAL,LA_0086,train,ASVspoof2019_LA,ASVspoof2019.LA.cm.train.trn.txt
processed/train/REAL/LA_T_5364220_segment_001.wav,LA_T_5364220.flac,0,REAL,LA_0096,train,ASVspoof2019_LA,ASVspoof2019.LA.cm.train.trn.txt
processed/train/REAL/LA_T_5374473_segment_001.wav,LA_T_5374473.flac,0,REAL,LA_0091,train,ASVspoof2019_LA,ASVspoof2019.LA.cm.train.trn.txt
processed/train/REAL/LA_T_5374473_segment_002.wav,LA_T_5374473.flac,0,REAL,LA_0091,train,ASVspoof2019_LA,ASVspoof2019.LA.cm.train.trn.txt
processed/train/REAL/LA_T_5387155_segment_001.wav,LA_T_5387155.flac,0,REAL,LA_0084,train,ASVspoof2019_LA,ASVspoof2019.LA.cm.train.trn.txt
processed/train/REAL/LA_T_5387155_segment_002.wav,LA_T_5387155.flac,0,REAL,LA_0084,train,ASVspoof2019_LA,ASVspoof2019.LA.cm.train.trn.txt
processed/train/REAL/LA_T_5399126_segment_001.wav,LA_T_5399126.flac,0,REAL,LA_0080,train,ASVspoof2019_LA,ASVspoof2019.LA.cm.train.trn.txt
processed/train/REAL/LA_T_5399126_segment_002.wav,LA_T_5399126.flac,0,REAL,LA_0080,train,ASVspoof2019_LA,ASVspoof2019.LA.cm.train.trn.txt
processed/train/REAL/LA_T_5408992_segment_001.wav,LA_T_5408992.flac,0,REAL,LA_0082,train,ASVspoof2019_LA,ASVspoof2019.LA.cm.train.trn.txt
processed/train/REAL/LA_T_5420024_segment_001.wav,LA_T_5420024.flac,0,REAL,LA_0098,train,ASVspoof2019_LA,ASVspoof2019.LA.cm.train.trn.txt
processed/train/REAL/LA_T_5463606_segment_001.wav,LA_T_5463606.flac,0,REAL,LA_0098,train,ASVspoof2019_LA,ASVspoof2019.LA.cm.train.trn.txt
processed/train/REAL/LA_T_5547883_segment_001.wav,LA_T_5547883.flac,0,REAL,LA_0093,train,ASVspoof2019_LA,ASVspoof2019.LA.cm.train.trn.txt
processed/train/REAL/LA_T_5547883_segment_002.wav,LA_T_5547883.flac,0,REAL,LA_0093,train,ASVspoof2019_LA,ASVspoof2019.LA.cm.train.trn.txt
processed/train/REAL/LA_T_5554253_segment_001.wav,LA_T_5554253.flac,0,REAL,LA_0091,train,ASVspoof2019_LA,ASVspoof2019.LA.cm.train.trn.txt
processed/train/REAL/LA_T_5554253_segment_002.wav,LA_T_5554253.flac,0,REAL,LA_0091,train,ASVspoof2019_LA,ASVspoof2019.LA.cm.train.trn.txt
processed/train/REAL/LA_T_5613911_segment_001.wav,LA_T_5613911.flac,0,REAL,LA_0092,train,ASVspoof2019_LA,ASVspoof2019.LA.cm.train.trn.txt
processed/train/REAL/LA_T_5613911_segment_002.wav,LA_T_5613911.flac,0,REAL,LA_0092,train,ASVspoof2019_LA,ASVspoof2019.LA.cm.train.trn.txt
processed/train/REAL/LA_T_5669661_segment_001.wav,LA_T_5669661.flac,0,REAL,LA_0089,train,ASVspoof2019_LA,ASVspoof2019.LA.cm.train.trn.txt
processed/train/REAL/LA_T_5669661_segment_002.wav,LA_T_5669661.flac,0,REAL,LA_0089,train,ASVspoof2019_LA,ASVspoof2019.LA.cm.train.trn.txt
processed/train/REAL/LA_T_5683238_segment_001.wav,LA_T_5683238.flac,0,REAL,LA_0088,train,ASVspoof2019_LA,ASVspoof2019.LA.cm.train.trn.txt
processed/train/REAL/LA_T_5683238_segment_002.wav,LA_T_5683238.flac,0,REAL,LA_0088,train,ASVspoof2019_LA,ASVspoof2019.LA.cm.train.trn.txt
processed/train/REAL/LA_T_5688847_segment_001.wav,LA_T_5688847.flac,0,REAL,LA_0094,train,ASVspoof2019_LA,ASVspoof2019.LA.cm.train.trn.txt
processed/train/REAL/LA_T_5688847_segment_002.wav,LA_T_5688847.flac,0,REAL,LA_0094,train,ASVspoof2019_LA,ASVspoof2019.LA.cm.train.trn.txt
processed/train/REAL/LA_T_5696560_segment_001.wav,LA_T_5696560.flac,0,REAL,LA_0092,train,ASVspoof2019_LA,ASVspoof2019.LA.cm.train.trn.txt
processed/train/REAL/LA_T_5702907_segment_001.wav,LA_T_5702907.flac,0,REAL,LA_0089,train,ASVspoof2019_LA,ASVspoof2019.LA.cm.train.trn.txt
processed/train/REAL/LA_T_5712226_segment_001.wav,LA_T_5712226.flac,0,REAL,LA_0095,train,ASVspoof2019_LA,ASVspoof2019.LA.cm.train.trn.txt
processed/train/REAL/LA_T_5755110_segment_001.wav,LA_T_5755110.flac,0,REAL,LA_0095,train,ASVspoof2019_LA,ASVspoof2019.LA.cm.train.trn.txt
processed/train/REAL/LA_T_5785306_segment_001.wav,LA_T_5785306.flac,0,REAL,LA_0079,train,ASVspoof2019_LA,ASVspoof2019.LA.cm.train.trn.txt
processed/train/REAL/LA_T_5785306_segment_002.wav,LA_T_5785306.flac,0,REAL,LA_0079,train,ASVspoof2019_LA,ASVspoof2019.LA.cm.train.trn.txt
processed/train/REAL/LA_T_5795707_segment_001.wav,LA_T_5795707.flac,0,REAL,LA_0087,train,ASVspoof2019_LA,ASVspoof2019.LA.cm.train.trn.txt
processed/train/REAL/LA_T_5795707_segment_002.wav,LA_T_5795707.flac,0,REAL,LA_0087,train,ASVspoof2019_LA,ASVspoof2019.LA.cm.train.trn.txt
processed/train/REAL/LA_T_5799348_segment_001.wav,LA_T_5799348.flac,0,REAL,LA_0090,train,ASVspoof2019_LA,ASVspoof2019.LA.cm.train.trn.txt
processed/train/REAL/LA_T_5799348_segment_002.wav,LA_T_5799348.flac,0,REAL,LA_0090,train,ASVspoof2019_LA,ASVspoof2019.LA.cm.train.trn.txt
processed/train/REAL/LA_T_5805796_segment_001.wav,LA_T_5805796.flac,0,REAL,LA_0096,train,ASVspoof2019_LA,ASVspoof2019.LA.cm.train.trn.txt
processed/train/REAL/LA_T_5805796_segment_002.wav,LA_T_5805796.flac,0,REAL,LA_0096,train,ASVspoof2019_LA,ASVspoof2019.LA.cm.train.trn.txt
processed/train/REAL/LA_T_5866152_segment_001.wav,LA_T_5866152.flac,0,REAL,LA_0095,train,ASVspoof2019_LA,ASVspoof2019.LA.cm.train.trn.txt
processed/train/REAL/LA_T_5866152_segment_002.wav,LA_T_5866152.flac,0,REAL,LA_0095,train,ASVspoof2019_LA,ASVspoof2019.LA.cm.train.trn.txt
processed/train/REAL/LA_T_5866595_segment_001.wav,LA_T_5866595.flac,0,REAL,LA_0080,train,ASVspoof2019_LA,ASVspoof2019.LA.cm.train.trn.txt
processed/train/REAL/LA_T_5866595_segment_002.wav,LA_T_5866595.flac,0,REAL,LA_0080,train,ASVspoof2019_LA,ASVspoof2019.LA.cm.train.trn.txt
processed/train/REAL/LA_T_5891808_segment_001.wav,LA_T_5891808.flac,0,REAL,LA_0085,train,ASVspoof2019_LA,ASVspoof2019.LA.cm.train.trn.txt
processed/train/REAL/LA_T_5891808_segment_002.wav,LA_T_5891808.flac,0,REAL,LA_0085,train,ASVspoof2019_LA,ASVspoof2019.LA.cm.train.trn.txt
processed/train/REAL/LA_T_5900964_segment_001.wav,LA_T_5900964.flac,0,REAL,LA_0083,train,ASVspoof2019_LA,ASVspoof2019.LA.cm.train.trn.txt
processed/train/REAL/LA_T_5900964_segment_002.wav,LA_T_5900964.flac,0,REAL,LA_0083,train,ASVspoof2019_LA,ASVspoof2019.LA.cm.train.trn.txt
processed/train/REAL/LA_T_5918833_segment_001.wav,LA_T_5918833.flac,0,REAL,LA_0083,train,ASVspoof2019_LA,ASVspoof2019.LA.cm.train.trn.txt
processed/train/REAL/LA_T_5918833_segment_002.wav,LA_T_5918833.flac,0,REAL,LA_0083,train,ASVspoof2019_LA,ASVspoof2019.LA.cm.train.trn.txt
processed/train/REAL/LA_T_5954195_segment_001.wav,LA_T_5954195.flac,0,REAL,LA_0079,train,ASVspoof2019_LA,ASVspoof2019.LA.cm.train.trn.txt
processed/train/REAL/LA_T_5954195_segment_002.wav,LA_T_5954195.flac,0,REAL,LA_0079,train,ASVspoof2019_LA,ASVspoof2019.LA.cm.train.trn.txt
processed/train/REAL/LA_T_5959553_segment_001.wav,LA_T_5959553.flac,0,REAL,LA_0092,train,ASVspoof2019_LA,ASVspoof2019.LA.cm.train.trn.txt
processed/train/REAL/LA_T_5959553_segment_002.wav,LA_T_5959553.flac,0,REAL,LA_0092,train,ASVspoof2019_LA,ASVspoof2019.LA.cm.train.trn.txt
processed/train/REAL/LA_T_5960681_segment_001.wav,LA_T_5960681.flac,0,REAL,LA_0098,train,ASVspoof2019_LA,ASVspoof2019.LA.cm.train.trn.txt
processed/train/REAL/LA_T_5971038_segment_001.wav,LA_T_5971038.flac,0,REAL,LA_0088,train,ASVspoof2019_LA,ASVspoof2019.LA.cm.train.trn.txt
processed/train/REAL/LA_T_5971038_segment_002.wav,LA_T_5971038.flac,0,REAL,LA_0088,train,ASVspoof2019_LA,ASVspoof2019.LA.cm.train.trn.txt
processed/train/REAL/LA_T_5991300_segment_001.wav,LA_T_5991300.flac,0,REAL,LA_0085,train,ASVspoof2019_LA,ASVspoof2019.LA.cm.train.trn.txt
processed/train/REAL/LA_T_6015645_segment_001.wav,LA_T_6015645.flac,0,REAL,LA_0087,train,ASVspoof2019_LA,ASVspoof2019.LA.cm.train.trn.txt
processed/train/REAL/LA_T_6017121_segment_001.wav,LA_T_6017121.flac,0,REAL,LA_0089,train,ASVspoof2019_LA,ASVspoof2019.LA.cm.train.trn.txt
processed/train/REAL/LA_T_6017121_segment_002.wav,LA_T_6017121.flac,0,REAL,LA_0089,train,ASVspoof2019_LA,ASVspoof2019.LA.cm.train.trn.txt
processed/train/REAL/LA_T_6034182_segment_001.wav,LA_T_6034182.flac,0,REAL,LA_0086,train,ASVspoof2019_LA,ASVspoof2019.LA.cm.train.trn.txt
processed/train/REAL/LA_T_6059767_segment_001.wav,LA_T_6059767.flac,0,REAL,LA_0092,train,ASVspoof2019_LA,ASVspoof2019.LA.cm.train.trn.txt
processed/train/REAL/LA_T_6065241_segment_001.wav,LA_T_6065241.flac,0,REAL,LA_0092,train,ASVspoof2019_LA,ASVspoof2019.LA.cm.train.trn.txt
processed/train/REAL/LA_T_6065241_segment_002.wav,LA_T_6065241.flac,0,REAL,LA_0092,train,ASVspoof2019_LA,ASVspoof2019.LA.cm.train.trn.txt
processed/train/REAL/LA_T_6072502_segment_001.wav,LA_T_6072502.flac,0,REAL,LA_0093,train,ASVspoof2019_LA,ASVspoof2019.LA.cm.train.trn.txt
processed/train/REAL/LA_T_6072502_segment_002.wav,LA_T_6072502.flac,0,REAL,LA_0093,train,ASVspoof2019_LA,ASVspoof2019.LA.cm.train.trn.txt
processed/train/REAL/LA_T_6078773_segment_001.wav,LA_T_6078773.flac,0,REAL,LA_0082,train,ASVspoof2019_LA,ASVspoof2019.LA.cm.train.trn.txt
processed/train/REAL/LA_T_6078773_segment_002.wav,LA_T_6078773.flac,0,REAL,LA_0082,train,ASVspoof2019_LA,ASVspoof2019.LA.cm.train.trn.txt
processed/train/REAL/LA_T_6082136_segment_001.wav,LA_T_6082136.flac,0,REAL,LA_0091,train,ASVspoof2019_LA,ASVspoof2019.LA.cm.train.trn.txt
processed/train/REAL/LA_T_6082136_segment_002.wav,LA_T_6082136.flac,0,REAL,LA_0091,train,ASVspoof2019_LA,ASVspoof2019.LA.cm.train.trn.txt
processed/train/REAL/LA_T_6087132_segment_001.wav,LA_T_6087132.flac,0,REAL,LA_0087,train,ASVspoof2019_LA,ASVspoof2019.LA.cm.train.trn.txt
processed/train/REAL/LA_T_6087132_segment_002.wav,LA_T_6087132.flac,0,REAL,LA_0087,train,ASVspoof2019_LA,ASVspoof2019.LA.cm.train.trn.txt
processed/train/REAL/LA_T_6093520_segment_001.wav,LA_T_6093520.flac,0,REAL,LA_0093,train,ASVspoof2019_LA,ASVspoof2019.LA.cm.train.trn.txt
processed/train/REAL/LA_T_6093991_segment_001.wav,LA_T_6093991.flac,0,REAL,LA_0096,train,ASVspoof2019_LA,ASVspoof2019.LA.cm.train.trn.txt
processed/train/REAL/LA_T_6093991_segment_002.wav,LA_T_6093991.flac,0,REAL,LA_0096,train,ASVspoof2019_LA,ASVspoof2019.LA.cm.train.trn.txt
processed/train/REAL/LA_T_6105178_segment_001.wav,LA_T_6105178.flac,0,REAL,LA_0079,train,ASVspoof2019_LA,ASVspoof2019.LA.cm.train.trn.txt
processed/train/REAL/LA_T_6105178_segment_002.wav,LA_T_6105178.flac,0,REAL,LA_0079,train,ASVspoof2019_LA,ASVspoof2019.LA.cm.train.trn.txt
processed/train/REAL/LA_T_6119283_segment_001.wav,LA_T_6119283.flac,0,REAL,LA_0087,train,ASVspoof2019_LA,ASVspoof2019.LA.cm.train.trn.txt
processed/train/REAL/LA_T_6160841_segment_001.wav,LA_T_6160841.flac,0,REAL,LA_0092,train,ASVspoof2019_LA,ASVspoof2019.LA.cm.train.trn.txt
processed/train/REAL/LA_T_6160841_segment_002.wav,LA_T_6160841.flac,0,REAL,LA_0092,train,ASVspoof2019_LA,ASVspoof2019.LA.cm.train.trn.txt
processed/train/REAL/LA_T_6175341_segment_001.wav,LA_T_6175341.flac,0,REAL,LA_0097,train,ASVspoof2019_LA,ASVspoof2019.LA.cm.train.trn.txt
processed/train/REAL/LA_T_6175341_segment_002.wav,LA_T_6175341.flac,0,REAL,LA_0097,train,ASVspoof2019_LA,ASVspoof2019.LA.cm.train.trn.txt
processed/train/REAL/LA_T_6181183_segment_001.wav,LA_T_6181183.flac,0,REAL,LA_0088,train,ASVspoof2019_LA,ASVspoof2019.LA.cm.train.trn.txt
processed/train/REAL/LA_T_6212674_segment_001.wav,LA_T_6212674.flac,0,REAL,LA_0089,train,ASVspoof2019_LA,ASVspoof2019.LA.cm.train.trn.txt
processed/train/REAL/LA_T_6271185_segment_001.wav,LA_T_6271185.flac,0,REAL,LA_0088,train,ASVspoof2019_LA,ASVspoof2019.LA.cm.train.trn.txt
processed/train/REAL/LA_T_6271185_segment_002.wav,LA_T_6271185.flac,0,REAL,LA_0088,train,ASVspoof2019_LA,ASVspoof2019.LA.cm.train.trn.txt
processed/train/REAL/LA_T_6275615_segment_001.wav,LA_T_6275615.flac,0,REAL,LA_0095,train,ASVspoof2019_LA,ASVspoof2019.LA.cm.train.trn.txt
processed/train/REAL/LA_T_6287491_segment_001.wav,LA_T_6287491.flac,0,REAL,LA_0093,train,ASVspoof2019_LA,ASVspoof2019.LA.cm.train.trn.txt
processed/train/REAL/LA_T_6287491_segment_002.wav,LA_T_6287491.flac,0,REAL,LA_0093,train,ASVspoof2019_LA,ASVspoof2019.LA.cm.train.trn.txt
processed/train/REAL/LA_T_6298599_segment_001.wav,LA_T_6298599.flac,0,REAL,LA_0096,train,ASVspoof2019_LA,ASVspoof2019.LA.cm.train.trn.txt
processed/train/REAL/LA_T_6324553_segment_001.wav,LA_T_6324553.flac,0,REAL,LA_0079,train,ASVspoof2019_LA,ASVspoof2019.LA.cm.train.trn.txt
processed/train/REAL/LA_T_6324553_segment_002.wav,LA_T_6324553.flac,0,REAL,LA_0079,train,ASVspoof2019_LA,ASVspoof2019.LA.cm.train.trn.txt
processed/train/REAL/LA_T_6376473_segment_001.wav,LA_T_6376473.flac,0,REAL,LA_0094,train,ASVspoof2019_LA,ASVspoof2019.LA.cm.train.trn.txt
processed/train/REAL/LA_T_6376473_segment_002.wav,LA_T_6376473.flac,0,REAL,LA_0094,train,ASVspoof2019_LA,ASVspoof2019.LA.cm.train.trn.txt
processed/train/REAL/LA_T_6426400_segment_001.wav,LA_T_6426400.flac,0,REAL,LA_0081,train,ASVspoof2019_LA,ASVspoof2019.LA.cm.train.trn.txt
processed/train/REAL/LA_T_6426400_segment_002.wav,LA_T_6426400.flac,0,REAL,LA_0081,train,ASVspoof2019_LA,ASVspoof2019.LA.cm.train.trn.txt
processed/train/REAL/LA_T_6442486_segment_001.wav,LA_T_6442486.flac,0,REAL,LA_0091,train,ASVspoof2019_LA,ASVspoof2019.LA.cm.train.trn.txt
processed/train/REAL/LA_T_6442486_segment_002.wav,LA_T_6442486.flac,0,REAL,LA_0091,train,ASVspoof2019_LA,ASVspoof2019.LA.cm.train.trn.txt
processed/train/REAL/LA_T_6450026_segment_001.wav,LA_T_6450026.flac,0,REAL,LA_0093,train,ASVspoof2019_LA,ASVspoof2019.LA.cm.train.trn.txt
processed/train/REAL/LA_T_6450026_segment_002.wav,LA_T_6450026.flac,0,REAL,LA_0093,train,ASVspoof2019_LA,ASVspoof2019.LA.cm.train.trn.txt
processed/train/REAL/LA_T_6462285_segment_001.wav,LA_T_6462285.flac,0,REAL,LA_0080,train,ASVspoof2019_LA,ASVspoof2019.LA.cm.train.trn.txt
processed/train/REAL/LA_T_6487011_segment_001.wav,LA_T_6487011.flac,0,REAL,LA_0087,train,ASVspoof2019_LA,ASVspoof2019.LA.cm.train.trn.txt
processed/train/REAL/LA_T_6496177_segment_001.wav,LA_T_6496177.flac,0,REAL,LA_0082,train,ASVspoof2019_LA,ASVspoof2019.LA.cm.train.trn.txt
processed/train/REAL/LA_T_6499936_segment_001.wav,LA_T_6499936.flac,0,REAL,LA_0085,train,ASVspoof2019_LA,ASVspoof2019.LA.cm.train.trn.txt
processed/train/REAL/LA_T_6499936_segment_002.wav,LA_T_6499936.flac,0,REAL,LA_0085,train,ASVspoof2019_LA,ASVspoof2019.LA.cm.train.trn.txt
processed/train/REAL/LA_T_6554775_segment_001.wav,LA_T_6554775.flac,0,REAL,LA_0082,train,ASVspoof2019_LA,ASVspoof2019.LA.cm.train.trn.txt
processed/train/REAL/LA_T_6554775_segment_002.wav,LA_T_6554775.flac,0,REAL,LA_0082,train,ASVspoof2019_LA,ASVspoof2019.LA.cm.train.trn.txt
processed/train/REAL/LA_T_6594586_segment_001.wav,LA_T_6594586.flac,0,REAL,LA_0089,train,ASVspoof2019_LA,ASVspoof2019.LA.cm.train.trn.txt
processed/train/REAL/LA_T_6615690_segment_001.wav,LA_T_6615690.flac,0,REAL,LA_0094,train,ASVspoof2019_LA,ASVspoof2019.LA.cm.train.trn.txt
processed/train/REAL/LA_T_6615690_segment_002.wav,LA_T_6615690.flac,0,REAL,LA_0094,train,ASVspoof2019_LA,ASVspoof2019.LA.cm.train.trn.txt
processed/train/REAL/LA_T_6627080_segment_001.wav,LA_T_6627080.flac,0,REAL,LA_0089,train,ASVspoof2019_LA,ASVspoof2019.LA.cm.train.trn.txt
processed/train/REAL/LA_T_6630920_segment_001.wav,LA_T_6630920.flac,0,REAL,LA_0088,train,ASVspoof2019_LA,ASVspoof2019.LA.cm.train.trn.txt
processed/train/REAL/LA_T_6630920_segment_002.wav,LA_T_6630920.flac,0,REAL,LA_0088,train,ASVspoof2019_LA,ASVspoof2019.LA.cm.train.trn.txt
processed/train/REAL/LA_T_6631167_segment_001.wav,LA_T_6631167.flac,0,REAL,LA_0080,train,ASVspoof2019_LA,ASVspoof2019.LA.cm.train.trn.txt
processed/train/REAL/LA_T_6632006_segment_001.wav,LA_T_6632006.flac,0,REAL,LA_0082,train,ASVspoof2019_LA,ASVspoof2019.LA.cm.train.trn.txt
processed/train/REAL/LA_T_6636159_segment_001.wav,LA_T_6636159.flac,0,REAL,LA_0092,train,ASVspoof2019_LA,ASVspoof2019.LA.cm.train.trn.txt
processed/train/REAL/LA_T_6636159_segment_002.wav,LA_T_6636159.flac,0,REAL,LA_0092,train,ASVspoof2019_LA,ASVspoof2019.LA.cm.train.trn.txt
processed/train/REAL/LA_T_6650735_segment_001.wav,LA_T_6650735.flac,0,REAL,LA_0081,train,ASVspoof2019_LA,ASVspoof2019.LA.cm.train.trn.txt
processed/train/REAL/LA_T_6686104_segment_001.wav,LA_T_6686104.flac,0,REAL,LA_0087,train,ASVspoof2019_LA,ASVspoof2019.LA.cm.train.trn.txt
processed/train/REAL/LA_T_6688612_segment_001.wav,LA_T_6688612.flac,0,REAL,LA_0097,train,ASVspoof2019_LA,ASVspoof2019.LA.cm.train.trn.txt
processed/train/REAL/LA_T_6688612_segment_002.wav,LA_T_6688612.flac,0,REAL,LA_0097,train,ASVspoof2019_LA,ASVspoof2019.LA.cm.train.trn.txt
processed/train/REAL/LA_T_6724576_segment_001.wav,LA_T_6724576.flac,0,REAL,LA_0097,train,ASVspoof2019_LA,ASVspoof2019.LA.cm.train.trn.txt
processed/train/REAL/LA_T_6724576_segment_002.wav,LA_T_6724576.flac,0,REAL,LA_0097,train,ASVspoof2019_LA,ASVspoof2019.LA.cm.train.trn.txt
processed/train/REAL/LA_T_6742582_segment_001.wav,LA_T_6742582.flac,0,REAL,LA_0087,train,ASVspoof2019_LA,ASVspoof2019.LA.cm.train.trn.txt
processed/train/REAL/LA_T_6756969_segment_001.wav,LA_T_6756969.flac,0,REAL,LA_0087,train,ASVspoof2019_LA,ASVspoof2019.LA.cm.train.trn.txt
processed/train/REAL/LA_T_6769763_segment_001.wav,LA_T_6769763.flac,0,REAL,LA_0081,train,ASVspoof2019_LA,ASVspoof2019.LA.cm.train.trn.txt
processed/train/REAL/LA_T_6769763_segment_002.wav,LA_T_6769763.flac,0,REAL,LA_0081,train,ASVspoof2019_LA,ASVspoof2019.LA.cm.train.trn.txt
processed/train/REAL/LA_T_6774634_segment_001.wav,LA_T_6774634.flac,0,REAL,LA_0081,train,ASVspoof2019_LA,ASVspoof2019.LA.cm.train.trn.txt
processed/train/REAL/LA_T_6774634_segment_002.wav,LA_T_6774634.flac,0,REAL,LA_0081,train,ASVspoof2019_LA,ASVspoof2019.LA.cm.train.trn.txt
processed/train/REAL/LA_T_6799312_segment_001.wav,LA_T_6799312.flac,0,REAL,LA_0083,train,ASVspoof2019_LA,ASVspoof2019.LA.cm.train.trn.txt
processed/train/REAL/LA_T_6799312_segment_002.wav,LA_T_6799312.flac,0,REAL,LA_0083,train,ASVspoof2019_LA,ASVspoof2019.LA.cm.train.trn.txt
processed/train/REAL/LA_T_6856715_segment_001.wav,LA_T_6856715.flac,0,REAL,LA_0080,train,ASVspoof2019_LA,ASVspoof2019.LA.cm.train.trn.txt
processed/train/REAL/LA_T_6861216_segment_001.wav,LA_T_6861216.flac,0,REAL,LA_0087,train,ASVspoof2019_LA,ASVspoof2019.LA.cm.train.trn.txt
processed/train/REAL/LA_T_6877652_segment_001.wav,LA_T_6877652.flac,0,REAL,LA_0095,train,ASVspoof2019_LA,ASVspoof2019.LA.cm.train.trn.txt
processed/train/REAL/LA_T_6904517_segment_001.wav,LA_T_6904517.flac,0,REAL,LA_0098,train,ASVspoof2019_LA,ASVspoof2019.LA.cm.train.trn.txt
processed/train/REAL/LA_T_6946670_segment_001.wav,LA_T_6946670.flac,0,REAL,LA_0082,train,ASVspoof2019_LA,ASVspoof2019.LA.cm.train.trn.txt
processed/train/REAL/LA_T_6946670_segment_002.wav,LA_T_6946670.flac,0,REAL,LA_0082,train,ASVspoof2019_LA,ASVspoof2019.LA.cm.train.trn.txt
processed/train/REAL/LA_T_6957393_segment_001.wav,LA_T_6957393.flac,0,REAL,LA_0080,train,ASVspoof2019_LA,ASVspoof2019.LA.cm.train.trn.txt
processed/train/REAL/LA_T_6965985_segment_001.wav,LA_T_6965985.flac,0,REAL,LA_0097,train,ASVspoof2019_LA,ASVspoof2019.LA.cm.train.trn.txt
processed/train/REAL/LA_T_6965985_segment_002.wav,LA_T_6965985.flac,0,REAL,LA_0097,train,ASVspoof2019_LA,ASVspoof2019.LA.cm.train.trn.txt
processed/train/REAL/LA_T_6995687_segment_001.wav,LA_T_6995687.flac,0,REAL,LA_0083,train,ASVspoof2019_LA,ASVspoof2019.LA.cm.train.trn.txt
processed/train/REAL/LA_T_6995687_segment_002.wav,LA_T_6995687.flac,0,REAL,LA_0083,train,ASVspoof2019_LA,ASVspoof2019.LA.cm.train.trn.txt
processed/train/REAL/LA_T_7051313_segment_001.wav,LA_T_7051313.flac,0,REAL,LA_0084,train,ASVspoof2019_LA,ASVspoof2019.LA.cm.train.trn.txt
processed/train/REAL/LA_T_7075102_segment_001.wav,LA_T_7075102.flac,0,REAL,LA_0081,train,ASVspoof2019_LA,ASVspoof2019.LA.cm.train.trn.txt
processed/train/REAL/LA_T_7084634_segment_001.wav,LA_T_7084634.flac,0,REAL,LA_0089,train,ASVspoof2019_LA,ASVspoof2019.LA.cm.train.trn.txt
processed/train/REAL/LA_T_7121055_segment_001.wav,LA_T_7121055.flac,0,REAL,LA_0088,train,ASVspoof2019_LA,ASVspoof2019.LA.cm.train.trn.txt
processed/train/REAL/LA_T_7121055_segment_002.wav,LA_T_7121055.flac,0,REAL,LA_0088,train,ASVspoof2019_LA,ASVspoof2019.LA.cm.train.trn.txt
processed/train/REAL/LA_T_7144134_segment_001.wav,LA_T_7144134.flac,0,REAL,LA_0085,train,ASVspoof2019_LA,ASVspoof2019.LA.cm.train.trn.txt
processed/train/REAL/LA_T_7144134_segment_002.wav,LA_T_7144134.flac,0,REAL,LA_0085,train,ASVspoof2019_LA,ASVspoof2019.LA.cm.train.trn.txt
processed/train/REAL/LA_T_7179987_segment_001.wav,LA_T_7179987.flac,0,REAL,LA_0098,train,ASVspoof2019_LA,ASVspoof2019.LA.cm.train.trn.txt
processed/train/REAL/LA_T_7179987_segment_002.wav,LA_T_7179987.flac,0,REAL,LA_0098,train,ASVspoof2019_LA,ASVspoof2019.LA.cm.train.trn.txt
processed/train/REAL/LA_T_7182662_segment_001.wav,LA_T_7182662.flac,0,REAL,LA_0098,train,ASVspoof2019_LA,ASVspoof2019.LA.cm.train.trn.txt
processed/train/REAL/LA_T_7182662_segment_002.wav,LA_T_7182662.flac,0,REAL,LA_0098,train,ASVspoof2019_LA,ASVspoof2019.LA.cm.train.trn.txt
processed/train/REAL/LA_T_7201521_segment_001.wav,LA_T_7201521.flac,0,REAL,LA_0080,train,ASVspoof2019_LA,ASVspoof2019.LA.cm.train.trn.txt
processed/train/REAL/LA_T_7208401_segment_001.wav,LA_T_7208401.flac,0,REAL,LA_0094,train,ASVspoof2019_LA,ASVspoof2019.LA.cm.train.trn.txt
processed/train/REAL/LA_T_7214355_segment_001.wav,LA_T_7214355.flac,0,REAL,LA_0090,train,ASVspoof2019_LA,ASVspoof2019.LA.cm.train.trn.txt
processed/train/REAL/LA_T_7214355_segment_002.wav,LA_T_7214355.flac,0,REAL,LA_0090,train,ASVspoof2019_LA,ASVspoof2019.LA.cm.train.trn.txt
processed/train/REAL/LA_T_7223058_segment_001.wav,LA_T_7223058.flac,0,REAL,LA_0095,train,ASVspoof2019_LA,ASVspoof2019.LA.cm.train.trn.txt
processed/train/REAL/LA_T_7344886_segment_001.wav,LA_T_7344886.flac,0,REAL,LA_0083,train,ASVspoof2019_LA,ASVspoof2019.LA.cm.train.trn.txt
processed/train/REAL/LA_T_7344886_segment_002.wav,LA_T_7344886.flac,0,REAL,LA_0083,train,ASVspoof2019_LA,ASVspoof2019.LA.cm.train.trn.txt
processed/train/REAL/LA_T_7351960_segment_001.wav,LA_T_7351960.flac,0,REAL,LA_0081,train,ASVspoof2019_LA,ASVspoof2019.LA.cm.train.trn.txt
processed/train/REAL/LA_T_7351960_segment_002.wav,LA_T_7351960.flac,0,REAL,LA_0081,train,ASVspoof2019_LA,ASVspoof2019.LA.cm.train.trn.txt
processed/train/REAL/LA_T_7357748_segment_001.wav,LA_T_7357748.flac,0,REAL,LA_0087,train,ASVspoof2019_LA,ASVspoof2019.LA.cm.train.trn.txt
processed/train/REAL/LA_T_7374710_segment_001.wav,LA_T_7374710.flac,0,REAL,LA_0085,train,ASVspoof2019_LA,ASVspoof2019.LA.cm.train.trn.txt
processed/train/REAL/LA_T_7374710_segment_002.wav,LA_T_7374710.flac,0,REAL,LA_0085,train,ASVspoof2019_LA,ASVspoof2019.LA.cm.train.trn.txt
processed/train/REAL/LA_T_7422329_segment_001.wav,LA_T_7422329.flac,0,REAL,LA_0086,train,ASVspoof2019_LA,ASVspoof2019.LA.cm.train.trn.txt
processed/train/REAL/LA_T_7429069_segment_001.wav,LA_T_7429069.flac,0,REAL,LA_0089,train,ASVspoof2019_LA,ASVspoof2019.LA.cm.train.trn.txt
processed/train/REAL/LA_T_7429069_segment_002.wav,LA_T_7429069.flac,0,REAL,LA_0089,train,ASVspoof2019_LA,ASVspoof2019.LA.cm.train.trn.txt
processed/train/REAL/LA_T_7450091_segment_001.wav,LA_T_7450091.flac,0,REAL,LA_0080,train,ASVspoof2019_LA,ASVspoof2019.LA.cm.train.trn.txt
processed/train/REAL/LA_T_7466998_segment_001.wav,LA_T_7466998.flac,0,REAL,LA_0092,train,ASVspoof2019_LA,ASVspoof2019.LA.cm.train.trn.txt
processed/train/REAL/LA_T_7467165_segment_001.wav,LA_T_7467165.flac,0,REAL,LA_0094,train,ASVspoof2019_LA,ASVspoof2019.LA.cm.train.trn.txt
processed/train/REAL/LA_T_7467165_segment_002.wav,LA_T_7467165.flac,0,REAL,LA_0094,train,ASVspoof2019_LA,ASVspoof2019.LA.cm.train.trn.txt
processed/train/REAL/LA_T_7478780_segment_001.wav,LA_T_7478780.flac,0,REAL,LA_0085,train,ASVspoof2019_LA,ASVspoof2019.LA.cm.train.trn.txt
processed/train/REAL/LA_T_7478780_segment_002.wav,LA_T_7478780.flac,0,REAL,LA_0085,train,ASVspoof2019_LA,ASVspoof2019.LA.cm.train.trn.txt
processed/train/REAL/LA_T_7500588_segment_001.wav,LA_T_7500588.flac,0,REAL,LA_0092,train,ASVspoof2019_LA,ASVspoof2019.LA.cm.train.trn.txt
processed/train/REAL/LA_T_7514330_segment_001.wav,LA_T_7514330.flac,0,REAL,LA_0087,train,ASVspoof2019_LA,ASVspoof2019.LA.cm.train.trn.txt
processed/train/REAL/LA_T_7514330_segment_002.wav,LA_T_7514330.flac,0,REAL,LA_0087,train,ASVspoof2019_LA,ASVspoof2019.LA.cm.train.trn.txt
processed/train/REAL/LA_T_7579441_segment_001.wav,LA_T_7579441.flac,0,REAL,LA_0097,train,ASVspoof2019_LA,ASVspoof2019.LA.cm.train.trn.txt
processed/train/REAL/LA_T_7579441_segment_002.wav,LA_T_7579441.flac,0,REAL,LA_0097,train,ASVspoof2019_LA,ASVspoof2019.LA.cm.train.trn.txt
processed/train/REAL/LA_T_7601537_segment_001.wav,LA_T_7601537.flac,0,REAL,LA_0087,train,ASVspoof2019_LA,ASVspoof2019.LA.cm.train.trn.txt
processed/train/REAL/LA_T_7630574_segment_001.wav,LA_T_7630574.flac,0,REAL,LA_0091,train,ASVspoof2019_LA,ASVspoof2019.LA.cm.train.trn.txt
processed/train/REAL/LA_T_7630574_segment_002.wav,LA_T_7630574.flac,0,REAL,LA_0091,train,ASVspoof2019_LA,ASVspoof2019.LA.cm.train.trn.txt
processed/train/REAL/LA_T_7677120_segment_001.wav,LA_T_7677120.flac,0,REAL,LA_0079,train,ASVspoof2019_LA,ASVspoof2019.LA.cm.train.trn.txt
processed/train/REAL/LA_T_7677120_segment_002.wav,LA_T_7677120.flac,0,REAL,LA_0079,train,ASVspoof2019_LA,ASVspoof2019.LA.cm.train.trn.txt
processed/train/REAL/LA_T_7692745_segment_001.wav,LA_T_7692745.flac,0,REAL,LA_0096,train,ASVspoof2019_LA,ASVspoof2019.LA.cm.train.trn.txt
processed/train/REAL/LA_T_7692745_segment_002.wav,LA_T_7692745.flac,0,REAL,LA_0096,train,ASVspoof2019_LA,ASVspoof2019.LA.cm.train.trn.txt
processed/train/REAL/LA_T_7696598_segment_001.wav,LA_T_7696598.flac,0,REAL,LA_0082,train,ASVspoof2019_LA,ASVspoof2019.LA.cm.train.trn.txt
processed/train/REAL/LA_T_7696598_segment_002.wav,LA_T_7696598.flac,0,REAL,LA_0082,train,ASVspoof2019_LA,ASVspoof2019.LA.cm.train.trn.txt
processed/train/REAL/LA_T_7737217_segment_001.wav,LA_T_7737217.flac,0,REAL,LA_0089,train,ASVspoof2019_LA,ASVspoof2019.LA.cm.train.trn.txt
processed/train/REAL/LA_T_7746591_segment_001.wav,LA_T_7746591.flac,0,REAL,LA_0083,train,ASVspoof2019_LA,ASVspoof2019.LA.cm.train.trn.txt
processed/train/REAL/LA_T_7746591_segment_002.wav,LA_T_7746591.flac,0,REAL,LA_0083,train,ASVspoof2019_LA,ASVspoof2019.LA.cm.train.trn.txt
processed/train/REAL/LA_T_7755046_segment_001.wav,LA_T_7755046.flac,0,REAL,LA_0087,train,ASVspoof2019_LA,ASVspoof2019.LA.cm.train.trn.txt
processed/train/REAL/LA_T_7774011_segment_001.wav,LA_T_7774011.flac,0,REAL,LA_0087,train,ASVspoof2019_LA,ASVspoof2019.LA.cm.train.trn.txt
processed/train/REAL/LA_T_7779179_segment_001.wav,LA_T_7779179.flac,0,REAL,LA_0086,train,ASVspoof2019_LA,ASVspoof2019.LA.cm.train.trn.txt
processed/train/REAL/LA_T_7786868_segment_001.wav,LA_T_7786868.flac,0,REAL,LA_0084,train,ASVspoof2019_LA,ASVspoof2019.LA.cm.train.trn.txt
processed/train/REAL/LA_T_7786868_segment_002.wav,LA_T_7786868.flac,0,REAL,LA_0084,train,ASVspoof2019_LA,ASVspoof2019.LA.cm.train.trn.txt
processed/train/REAL/LA_T_7815754_segment_001.wav,LA_T_7815754.flac,0,REAL,LA_0082,train,ASVspoof2019_LA,ASVspoof2019.LA.cm.train.trn.txt
processed/train/REAL/LA_T_7816568_segment_001.wav,LA_T_7816568.flac,0,REAL,LA_0082,train,ASVspoof2019_LA,ASVspoof2019.LA.cm.train.trn.txt
processed/train/REAL/LA_T_7816568_segment_002.wav,LA_T_7816568.flac,0,REAL,LA_0082,train,ASVspoof2019_LA,ASVspoof2019.LA.cm.train.trn.txt
processed/train/REAL/LA_T_7826829_segment_001.wav,LA_T_7826829.flac,0,REAL,LA_0085,train,ASVspoof2019_LA,ASVspoof2019.LA.cm.train.trn.txt
processed/train/REAL/LA_T_7839297_segment_001.wav,LA_T_7839297.flac,0,REAL,LA_0096,train,ASVspoof2019_LA,ASVspoof2019.LA.cm.train.trn.txt
processed/train/REAL/LA_T_7839297_segment_002.wav,LA_T_7839297.flac,0,REAL,LA_0096,train,ASVspoof2019_LA,ASVspoof2019.LA.cm.train.trn.txt
processed/train/REAL/LA_T_7839314_segment_001.wav,LA_T_7839314.flac,0,REAL,LA_0084,train,ASVspoof2019_LA,ASVspoof2019.LA.cm.train.trn.txt
processed/train/REAL/LA_T_7839314_segment_002.wav,LA_T_7839314.flac,0,REAL,LA_0084,train,ASVspoof2019_LA,ASVspoof2019.LA.cm.train.trn.txt
processed/train/REAL/LA_T_7846284_segment_001.wav,LA_T_7846284.flac,0,REAL,LA_0096,train,ASVspoof2019_LA,ASVspoof2019.LA.cm.train.trn.txt
processed/train/REAL/LA_T_7846284_segment_002.wav,LA_T_7846284.flac,0,REAL,LA_0096,train,ASVspoof2019_LA,ASVspoof2019.LA.cm.train.trn.txt
processed/train/REAL/LA_T_7855509_segment_001.wav,LA_T_7855509.flac,0,REAL,LA_0083,train,ASVspoof2019_LA,ASVspoof2019.LA.cm.train.trn.txt
processed/train/REAL/LA_T_7855509_segment_002.wav,LA_T_7855509.flac,0,REAL,LA_0083,train,ASVspoof2019_LA,ASVspoof2019.LA.cm.train.trn.txt
processed/train/REAL/LA_T_7948400_segment_001.wav,LA_T_7948400.flac,0,REAL,LA_0080,train,ASVspoof2019_LA,ASVspoof2019.LA.cm.train.trn.txt
processed/train/REAL/LA_T_7961517_segment_001.wav,LA_T_7961517.flac,0,REAL,LA_0090,train,ASVspoof2019_LA,ASVspoof2019.LA.cm.train.trn.txt
processed/train/REAL/LA_T_7965624_segment_001.wav,LA_T_7965624.flac,0,REAL,LA_0085,train,ASVspoof2019_LA,ASVspoof2019.LA.cm.train.trn.txt
processed/train/REAL/LA_T_7965624_segment_002.wav,LA_T_7965624.flac,0,REAL,LA_0085,train,ASVspoof2019_LA,ASVspoof2019.LA.cm.train.trn.txt
processed/train/REAL/LA_T_7974459_segment_001.wav,LA_T_7974459.flac,0,REAL,LA_0083,train,ASVspoof2019_LA,ASVspoof2019.LA.cm.train.trn.txt
processed/train/REAL/LA_T_8038233_segment_001.wav,LA_T_8038233.flac,0,REAL,LA_0082,train,ASVspoof2019_LA,ASVspoof2019.LA.cm.train.trn.txt
processed/train/REAL/LA_T_8038233_segment_002.wav,LA_T_8038233.flac,0,REAL,LA_0082,train,ASVspoof2019_LA,ASVspoof2019.LA.cm.train.trn.txt
processed/train/REAL/LA_T_8052308_segment_001.wav,LA_T_8052308.flac,0,REAL,LA_0084,train,ASVspoof2019_LA,ASVspoof2019.LA.cm.train.trn.txt
processed/train/REAL/LA_T_8052308_segment_002.wav,LA_T_8052308.flac,0,REAL,LA_0084,train,ASVspoof2019_LA,ASVspoof2019.LA.cm.train.trn.txt
processed/train/REAL/LA_T_8084852_segment_001.wav,LA_T_8084852.flac,0,REAL,LA_0092,train,ASVspoof2019_LA,ASVspoof2019.LA.cm.train.trn.txt
processed/train/REAL/LA_T_8084852_segment_002.wav,LA_T_8084852.flac,0,REAL,LA_0092,train,ASVspoof2019_LA,ASVspoof2019.LA.cm.train.trn.txt
processed/train/REAL/LA_T_8086364_segment_001.wav,LA_T_8086364.flac,0,REAL,LA_0080,train,ASVspoof2019_LA,ASVspoof2019.LA.cm.train.trn.txt
processed/train/REAL/LA_T_8105555_segment_001.wav,LA_T_8105555.flac,0,REAL,LA_0084,train,ASVspoof2019_LA,ASVspoof2019.LA.cm.train.trn.txt
processed/train/REAL/LA_T_8105555_segment_002.wav,LA_T_8105555.flac,0,REAL,LA_0084,train,ASVspoof2019_LA,ASVspoof2019.LA.cm.train.trn.txt
processed/train/REAL/LA_T_8115679_segment_001.wav,LA_T_8115679.flac,0,REAL,LA_0079,train,ASVspoof2019_LA,ASVspoof2019.LA.cm.train.trn.txt
processed/train/REAL/LA_T_8115679_segment_002.wav,LA_T_8115679.flac,0,REAL,LA_0079,train,ASVspoof2019_LA,ASVspoof2019.LA.cm.train.trn.txt
processed/train/REAL/LA_T_8156237_segment_001.wav,LA_T_8156237.flac,0,REAL,LA_0083,train,ASVspoof2019_LA,ASVspoof2019.LA.cm.train.trn.txt
processed/train/REAL/LA_T_8156237_segment_002.wav,LA_T_8156237.flac,0,REAL,LA_0083,train,ASVspoof2019_LA,ASVspoof2019.LA.cm.train.trn.txt
processed/train/REAL/LA_T_8171933_segment_001.wav,LA_T_8171933.flac,0,REAL,LA_0090,train,ASVspoof2019_LA,ASVspoof2019.LA.cm.train.trn.txt
processed/train/REAL/LA_T_8171933_segment_002.wav,LA_T_8171933.flac,0,REAL,LA_0090,train,ASVspoof2019_LA,ASVspoof2019.LA.cm.train.trn.txt
processed/train/REAL/LA_T_8172146_segment_001.wav,LA_T_8172146.flac,0,REAL,LA_0089,train,ASVspoof2019_LA,ASVspoof2019.LA.cm.train.trn.txt
processed/train/REAL/LA_T_8172146_segment_002.wav,LA_T_8172146.flac,0,REAL,LA_0089,train,ASVspoof2019_LA,ASVspoof2019.LA.cm.train.trn.txt
processed/train/REAL/LA_T_8173514_segment_001.wav,LA_T_8173514.flac,0,REAL,LA_0081,train,ASVspoof2019_LA,ASVspoof2019.LA.cm.train.trn.txt
processed/train/REAL/LA_T_8173514_segment_002.wav,LA_T_8173514.flac,0,REAL,LA_0081,train,ASVspoof2019_LA,ASVspoof2019.LA.cm.train.trn.txt
processed/train/REAL/LA_T_8178089_segment_001.wav,LA_T_8178089.flac,0,REAL,LA_0085,train,ASVspoof2019_LA,ASVspoof2019.LA.cm.train.trn.txt
processed/train/REAL/LA_T_8178089_segment_002.wav,LA_T_8178089.flac,0,REAL,LA_0085,train,ASVspoof2019_LA,ASVspoof2019.LA.cm.train.trn.txt
processed/train/REAL/LA_T_8193150_segment_001.wav,LA_T_8193150.flac,0,REAL,LA_0082,train,ASVspoof2019_LA,ASVspoof2019.LA.cm.train.trn.txt
processed/train/REAL/LA_T_8193150_segment_002.wav,LA_T_8193150.flac,0,REAL,LA_0082,train,ASVspoof2019_LA,ASVspoof2019.LA.cm.train.trn.txt
processed/train/REAL/LA_T_8208951_segment_001.wav,LA_T_8208951.flac,0,REAL,LA_0096,train,ASVspoof2019_LA,ASVspoof2019.LA.cm.train.trn.txt
processed/train/REAL/LA_T_8209686_segment_001.wav,LA_T_8209686.flac,0,REAL,LA_0085,train,ASVspoof2019_LA,ASVspoof2019.LA.cm.train.trn.txt
processed/train/REAL/LA_T_8209686_segment_002.wav,LA_T_8209686.flac,0,REAL,LA_0085,train,ASVspoof2019_LA,ASVspoof2019.LA.cm.train.trn.txt
processed/train/REAL/LA_T_8214917_segment_001.wav,LA_T_8214917.flac,0,REAL,LA_0083,train,ASVspoof2019_LA,ASVspoof2019.LA.cm.train.trn.txt
processed/train/REAL/LA_T_8214917_segment_002.wav,LA_T_8214917.flac,0,REAL,LA_0083,train,ASVspoof2019_LA,ASVspoof2019.LA.cm.train.trn.txt
processed/train/REAL/LA_T_8219979_segment_001.wav,LA_T_8219979.flac,0,REAL,LA_0082,train,ASVspoof2019_LA,ASVspoof2019.LA.cm.train.trn.txt
processed/train/REAL/LA_T_8234497_segment_001.wav,LA_T_8234497.flac,0,REAL,LA_0090,train,ASVspoof2019_LA,ASVspoof2019.LA.cm.train.trn.txt
processed/train/REAL/LA_T_8234497_segment_002.wav,LA_T_8234497.flac,0,REAL,LA_0090,train,ASVspoof2019_LA,ASVspoof2019.LA.cm.train.trn.txt
processed/train/REAL/LA_T_8275432_segment_001.wav,LA_T_8275432.flac,0,REAL,LA_0088,train,ASVspoof2019_LA,ASVspoof2019.LA.cm.train.trn.txt
processed/train/REAL/LA_T_8275432_segment_002.wav,LA_T_8275432.flac,0,REAL,LA_0088,train,ASVspoof2019_LA,ASVspoof2019.LA.cm.train.trn.txt
processed/train/REAL/LA_T_8344139_segment_001.wav,LA_T_8344139.flac,0,REAL,LA_0081,train,ASVspoof2019_LA,ASVspoof2019.LA.cm.train.trn.txt
processed/train/REAL/LA_T_8344139_segment_002.wav,LA_T_8344139.flac,0,REAL,LA_0081,train,ASVspoof2019_LA,ASVspoof2019.LA.cm.train.trn.txt
processed/train/REAL/LA_T_8363647_segment_001.wav,LA_T_8363647.flac,0,REAL,LA_0080,train,ASVspoof2019_LA,ASVspoof2019.LA.cm.train.trn.txt
processed/train/REAL/LA_T_8363647_segment_002.wav,LA_T_8363647.flac,0,REAL,LA_0080,train,ASVspoof2019_LA,ASVspoof2019.LA.cm.train.trn.txt
processed/train/REAL/LA_T_8388870_segment_001.wav,LA_T_8388870.flac,0,REAL,LA_0081,train,ASVspoof2019_LA,ASVspoof2019.LA.cm.train.trn.txt
processed/train/REAL/LA_T_8388870_segment_002.wav,LA_T_8388870.flac,0,REAL,LA_0081,train,ASVspoof2019_LA,ASVspoof2019.LA.cm.train.trn.txt
processed/train/REAL/LA_T_8419713_segment_001.wav,LA_T_8419713.flac,0,REAL,LA_0092,train,ASVspoof2019_LA,ASVspoof2019.LA.cm.train.trn.txt
processed/train/REAL/LA_T_8448770_segment_001.wav,LA_T_8448770.flac,0,REAL,LA_0091,train,ASVspoof2019_LA,ASVspoof2019.LA.cm.train.trn.txt
processed/train/REAL/LA_T_8448770_segment_002.wav,LA_T_8448770.flac,0,REAL,LA_0091,train,ASVspoof2019_LA,ASVspoof2019.LA.cm.train.trn.txt
processed/train/REAL/LA_T_8458654_segment_001.wav,LA_T_8458654.flac,0,REAL,LA_0079,train,ASVspoof2019_LA,ASVspoof2019.LA.cm.train.trn.txt
processed/train/REAL/LA_T_8458654_segment_002.wav,LA_T_8458654.flac,0,REAL,LA_0079,train,ASVspoof2019_LA,ASVspoof2019.LA.cm.train.trn.txt
processed/train/REAL/LA_T_8482694_segment_001.wav,LA_T_8482694.flac,0,REAL,LA_0096,train,ASVspoof2019_LA,ASVspoof2019.LA.cm.train.trn.txt
processed/train/REAL/LA_T_8482694_segment_002.wav,LA_T_8482694.flac,0,REAL,LA_0096,train,ASVspoof2019_LA,ASVspoof2019.LA.cm.train.trn.txt
processed/train/REAL/LA_T_8490726_segment_001.wav,LA_T_8490726.flac,0,REAL,LA_0091,train,ASVspoof2019_LA,ASVspoof2019.LA.cm.train.trn.txt
processed/train/REAL/LA_T_8490726_segment_002.wav,LA_T_8490726.flac,0,REAL,LA_0091,train,ASVspoof2019_LA,ASVspoof2019.LA.cm.train.trn.txt
processed/train/REAL/LA_T_8583125_segment_001.wav,LA_T_8583125.flac,0,REAL,LA_0091,train,ASVspoof2019_LA,ASVspoof2019.LA.cm.train.trn.txt
processed/train/REAL/LA_T_8589988_segment_001.wav,LA_T_8589988.flac,0,REAL,LA_0084,train,ASVspoof2019_LA,ASVspoof2019.LA.cm.train.trn.txt
processed/train/REAL/LA_T_8589988_segment_002.wav,LA_T_8589988.flac,0,REAL,LA_0084,train,ASVspoof2019_LA,ASVspoof2019.LA.cm.train.trn.txt
processed/train/REAL/LA_T_8639228_segment_001.wav,LA_T_8639228.flac,0,REAL,LA_0092,train,ASVspoof2019_LA,ASVspoof2019.LA.cm.train.trn.txt
processed/train/REAL/LA_T_8639228_segment_002.wav,LA_T_8639228.flac,0,REAL,LA_0092,train,ASVspoof2019_LA,ASVspoof2019.LA.cm.train.trn.txt
processed/train/REAL/LA_T_8651042_segment_001.wav,LA_T_8651042.flac,0,REAL,LA_0080,train,ASVspoof2019_LA,ASVspoof2019.LA.cm.train.trn.txt
processed/train/REAL/LA_T_8651978_segment_001.wav,LA_T_8651978.flac,0,REAL,LA_0087,train,ASVspoof2019_LA,ASVspoof2019.LA.cm.train.trn.txt
processed/train/REAL/LA_T_8665775_segment_001.wav,LA_T_8665775.flac,0,REAL,LA_0085,train,ASVspoof2019_LA,ASVspoof2019.LA.cm.train.trn.txt
processed/train/REAL/LA_T_8683526_segment_001.wav,LA_T_8683526.flac,0,REAL,LA_0080,train,ASVspoof2019_LA,ASVspoof2019.LA.cm.train.trn.txt
processed/train/REAL/LA_T_8705208_segment_001.wav,LA_T_8705208.flac,0,REAL,LA_0082,train,ASVspoof2019_LA,ASVspoof2019.LA.cm.train.trn.txt
processed/train/REAL/LA_T_8705208_segment_002.wav,LA_T_8705208.flac,0,REAL,LA_0082,train,ASVspoof2019_LA,ASVspoof2019.LA.cm.train.trn.txt
processed/train/REAL/LA_T_8707487_segment_001.wav,LA_T_8707487.flac,0,REAL,LA_0097,train,ASVspoof2019_LA,ASVspoof2019.LA.cm.train.trn.txt
processed/train/REAL/LA_T_8707487_segment_002.wav,LA_T_8707487.flac,0,REAL,LA_0097,train,ASVspoof2019_LA,ASVspoof2019.LA.cm.train.trn.txt
processed/train/REAL/LA_T_8710866_segment_001.wav,LA_T_8710866.flac,0,REAL,LA_0088,train,ASVspoof2019_LA,ASVspoof2019.LA.cm.train.trn.txt
processed/train/REAL/LA_T_8710866_segment_002.wav,LA_T_8710866.flac,0,REAL,LA_0088,train,ASVspoof2019_LA,ASVspoof2019.LA.cm.train.trn.txt
processed/train/REAL/LA_T_8726287_segment_001.wav,LA_T_8726287.flac,0,REAL,LA_0088,train,ASVspoof2019_LA,ASVspoof2019.LA.cm.train.trn.txt
processed/train/REAL/LA_T_8726287_segment_002.wav,LA_T_8726287.flac,0,REAL,LA_0088,train,ASVspoof2019_LA,ASVspoof2019.LA.cm.train.trn.txt
processed/train/REAL/LA_T_8758984_segment_001.wav,LA_T_8758984.flac,0,REAL,LA_0090,train,ASVspoof2019_LA,ASVspoof2019.LA.cm.train.trn.txt
processed/train/REAL/LA_T_8758984_segment_002.wav,LA_T_8758984.flac,0,REAL,LA_0090,train,ASVspoof2019_LA,ASVspoof2019.LA.cm.train.trn.txt
processed/train/REAL/LA_T_8778911_segment_001.wav,LA_T_8778911.flac,0,REAL,LA_0096,train,ASVspoof2019_LA,ASVspoof2019.LA.cm.train.trn.txt
processed/train/REAL/LA_T_8778911_segment_002.wav,LA_T_8778911.flac,0,REAL,LA_0096,train,ASVspoof2019_LA,ASVspoof2019.LA.cm.train.trn.txt
processed/train/REAL/LA_T_8841091_segment_001.wav,LA_T_8841091.flac,0,REAL,LA_0090,train,ASVspoof2019_LA,ASVspoof2019.LA.cm.train.trn.txt
processed/train/REAL/LA_T_8847275_segment_001.wav,LA_T_8847275.flac,0,REAL,LA_0094,train,ASVspoof2019_LA,ASVspoof2019.LA.cm.train.trn.txt
processed/train/REAL/LA_T_8847275_segment_002.wav,LA_T_8847275.flac,0,REAL,LA_0094,train,ASVspoof2019_LA,ASVspoof2019.LA.cm.train.trn.txt
processed/train/REAL/LA_T_8849210_segment_001.wav,LA_T_8849210.flac,0,REAL,LA_0095,train,ASVspoof2019_LA,ASVspoof2019.LA.cm.train.trn.txt
processed/train/REAL/LA_T_8864733_segment_001.wav,LA_T_8864733.flac,0,REAL,LA_0086,train,ASVspoof2019_LA,ASVspoof2019.LA.cm.train.trn.txt
processed/train/REAL/LA_T_8864733_segment_002.wav,LA_T_8864733.flac,0,REAL,LA_0086,train,ASVspoof2019_LA,ASVspoof2019.LA.cm.train.trn.txt
processed/train/REAL/LA_T_8874328_segment_001.wav,LA_T_8874328.flac,0,REAL,LA_0087,train,ASVspoof2019_LA,ASVspoof2019.LA.cm.train.trn.txt
processed/train/REAL/LA_T_8880327_segment_001.wav,LA_T_8880327.flac,0,REAL,LA_0088,train,ASVspoof2019_LA,ASVspoof2019.LA.cm.train.trn.txt
processed/train/REAL/LA_T_8880327_segment_002.wav,LA_T_8880327.flac,0,REAL,LA_0088,train,ASVspoof2019_LA,ASVspoof2019.LA.cm.train.trn.txt
processed/train/REAL/LA_T_8887502_segment_001.wav,LA_T_8887502.flac,0,REAL,LA_0093,train,ASVspoof2019_LA,ASVspoof2019.LA.cm.train.trn.txt
processed/train/REAL/LA_T_8887502_segment_002.wav,LA_T_8887502.flac,0,REAL,LA_0093,train,ASVspoof2019_LA,ASVspoof2019.LA.cm.train.trn.txt
processed/train/REAL/LA_T_8898922_segment_001.wav,LA_T_8898922.flac,0,REAL,LA_0087,train,ASVspoof2019_LA,ASVspoof2019.LA.cm.train.trn.txt
processed/train/REAL/LA_T_8898922_segment_002.wav,LA_T_8898922.flac,0,REAL,LA_0087,train,ASVspoof2019_LA,ASVspoof2019.LA.cm.train.trn.txt
processed/train/REAL/LA_T_8919107_segment_001.wav,LA_T_8919107.flac,0,REAL,LA_0084,train,ASVspoof2019_LA,ASVspoof2019.LA.cm.train.trn.txt
processed/train/REAL/LA_T_8925615_segment_001.wav,LA_T_8925615.flac,0,REAL,LA_0096,train,ASVspoof2019_LA,ASVspoof2019.LA.cm.train.trn.txt
processed/train/REAL/LA_T_8944180_segment_001.wav,LA_T_8944180.flac,0,REAL,LA_0096,train,ASVspoof2019_LA,ASVspoof2019.LA.cm.train.trn.txt
processed/train/REAL/LA_T_8944180_segment_002.wav,LA_T_8944180.flac,0,REAL,LA_0096,train,ASVspoof2019_LA,ASVspoof2019.LA.cm.train.trn.txt
processed/train/REAL/LA_T_8947818_segment_001.wav,LA_T_8947818.flac,0,REAL,LA_0090,train,ASVspoof2019_LA,ASVspoof2019.LA.cm.train.trn.txt
processed/train/REAL/LA_T_8947818_segment_002.wav,LA_T_8947818.flac,0,REAL,LA_0090,train,ASVspoof2019_LA,ASVspoof2019.LA.cm.train.trn.txt
processed/train/REAL/LA_T_8955767_segment_001.wav,LA_T_8955767.flac,0,REAL,LA_0089,train,ASVspoof2019_LA,ASVspoof2019.LA.cm.train.trn.txt
processed/train/REAL/LA_T_8970804_segment_001.wav,LA_T_8970804.flac,0,REAL,LA_0082,train,ASVspoof2019_LA,ASVspoof2019.LA.cm.train.trn.txt
processed/train/REAL/LA_T_8970804_segment_002.wav,LA_T_8970804.flac,0,REAL,LA_0082,train,ASVspoof2019_LA,ASVspoof2019.LA.cm.train.trn.txt
processed/train/REAL/LA_T_9032022_segment_001.wav,LA_T_9032022.flac,0,REAL,LA_0085,train,ASVspoof2019_LA,ASVspoof2019.LA.cm.train.trn.txt
processed/train/REAL/LA_T_9032022_segment_002.wav,LA_T_9032022.flac,0,REAL,LA_0085,train,ASVspoof2019_LA,ASVspoof2019.LA.cm.train.trn.txt
processed/train/REAL/LA_T_9048990_segment_001.wav,LA_T_9048990.flac,0,REAL,LA_0092,train,ASVspoof2019_LA,ASVspoof2019.LA.cm.train.trn.txt
processed/train/REAL/LA_T_9048990_segment_002.wav,LA_T_9048990.flac,0,REAL,LA_0092,train,ASVspoof2019_LA,ASVspoof2019.LA.cm.train.trn.txt
processed/train/REAL/LA_T_9074017_segment_001.wav,LA_T_9074017.flac,0,REAL,LA_0096,train,ASVspoof2019_LA,ASVspoof2019.LA.cm.train.trn.txt
processed/train/REAL/LA_T_9079590_segment_001.wav,LA_T_9079590.flac,0,REAL,LA_0086,train,ASVspoof2019_LA,ASVspoof2019.LA.cm.train.trn.txt
processed/train/REAL/LA_T_9079590_segment_002.wav,LA_T_9079590.flac,0,REAL,LA_0086,train,ASVspoof2019_LA,ASVspoof2019.LA.cm.train.trn.txt
processed/train/REAL/LA_T_9102017_segment_001.wav,LA_T_9102017.flac,0,REAL,LA_0080,train,ASVspoof2019_LA,ASVspoof2019.LA.cm.train.trn.txt
processed/train/REAL/LA_T_9108411_segment_001.wav,LA_T_9108411.flac,0,REAL,LA_0090,train,ASVspoof2019_LA,ASVspoof2019.LA.cm.train.trn.txt
processed/train/REAL/LA_T_9108411_segment_002.wav,LA_T_9108411.flac,0,REAL,LA_0090,train,ASVspoof2019_LA,ASVspoof2019.LA.cm.train.trn.txt
processed/train/REAL/LA_T_9110555_segment_001.wav,LA_T_9110555.flac,0,REAL,LA_0091,train,ASVspoof2019_LA,ASVspoof2019.LA.cm.train.trn.txt
processed/train/REAL/LA_T_9110555_segment_002.wav,LA_T_9110555.flac,0,REAL,LA_0091,train,ASVspoof2019_LA,ASVspoof2019.LA.cm.train.trn.txt
processed/train/REAL/LA_T_9120168_segment_001.wav,LA_T_9120168.flac,0,REAL,LA_0080,train,ASVspoof2019_LA,ASVspoof2019.LA.cm.train.trn.txt
processed/train/REAL/LA_T_9132181_segment_001.wav,LA_T_9132181.flac,0,REAL,LA_0098,train,ASVspoof2019_LA,ASVspoof2019.LA.cm.train.trn.txt
processed/train/REAL/LA_T_9132181_segment_002.wav,LA_T_9132181.flac,0,REAL,LA_0098,train,ASVspoof2019_LA,ASVspoof2019.LA.cm.train.trn.txt
processed/train/REAL/LA_T_9145540_segment_001.wav,LA_T_9145540.flac,0,REAL,LA_0090,train,ASVspoof2019_LA,ASVspoof2019.LA.cm.train.trn.txt
processed/train/REAL/LA_T_9145540_segment_002.wav,LA_T_9145540.flac,0,REAL,LA_0090,train,ASVspoof2019_LA,ASVspoof2019.LA.cm.train.trn.txt
processed/train/REAL/LA_T_9166813_segment_001.wav,LA_T_9166813.flac,0,REAL,LA_0086,train,ASVspoof2019_LA,ASVspoof2019.LA.cm.train.trn.txt
processed/train/REAL/LA_T_9166813_segment_002.wav,LA_T_9166813.flac,0,REAL,LA_0086,train,ASVspoof2019_LA,ASVspoof2019.LA.cm.train.trn.txt
processed/train/REAL/LA_T_9189420_segment_001.wav,LA_T_9189420.flac,0,REAL,LA_0083,train,ASVspoof2019_LA,ASVspoof2019.LA.cm.train.trn.txt
processed/train/REAL/LA_T_9190599_segment_001.wav,LA_T_9190599.flac,0,REAL,LA_0085,train,ASVspoof2019_LA,ASVspoof2019.LA.cm.train.trn.txt
processed/train/REAL/LA_T_9190599_segment_002.wav,LA_T_9190599.flac,0,REAL,LA_0085,train,ASVspoof2019_LA,ASVspoof2019.LA.cm.train.trn.txt
processed/train/REAL/LA_T_9206457_segment_001.wav,LA_T_9206457.flac,0,REAL,LA_0097,train,ASVspoof2019_LA,ASVspoof2019.LA.cm.train.trn.txt
processed/train/REAL/LA_T_9206457_segment_002.wav,LA_T_9206457.flac,0,REAL,LA_0097,train,ASVspoof2019_LA,ASVspoof2019.LA.cm.train.trn.txt
processed/train/REAL/LA_T_9206457_segment_003.wav,LA_T_9206457.flac,0,REAL,LA_0097,train,ASVspoof2019_LA,ASVspoof2019.LA.cm.train.trn.txt
processed/train/REAL/LA_T_9213454_segment_001.wav,LA_T_9213454.flac,0,REAL,LA_0081,train,ASVspoof2019_LA,ASVspoof2019.LA.cm.train.trn.txt
processed/train/REAL/LA_T_9234278_segment_001.wav,LA_T_9234278.flac,0,REAL,LA_0088,train,ASVspoof2019_LA,ASVspoof2019.LA.cm.train.trn.txt
processed/train/REAL/LA_T_9234278_segment_002.wav,LA_T_9234278.flac,0,REAL,LA_0088,train,ASVspoof2019_LA,ASVspoof2019.LA.cm.train.trn.txt
processed/train/REAL/LA_T_9251617_segment_001.wav,LA_T_9251617.flac,0,REAL,LA_0092,train,ASVspoof2019_LA,ASVspoof2019.LA.cm.train.trn.txt
processed/train/REAL/LA_T_9251617_segment_002.wav,LA_T_9251617.flac,0,REAL,LA_0092,train,ASVspoof2019_LA,ASVspoof2019.LA.cm.train.trn.txt
processed/train/REAL/LA_T_9265598_segment_001.wav,LA_T_9265598.flac,0,REAL,LA_0084,train,ASVspoof2019_LA,ASVspoof2019.LA.cm.train.trn.txt
processed/train/REAL/LA_T_9276467_segment_001.wav,LA_T_9276467.flac,0,REAL,LA_0091,train,ASVspoof2019_LA,ASVspoof2019.LA.cm.train.trn.txt
processed/train/REAL/LA_T_9276467_segment_002.wav,LA_T_9276467.flac,0,REAL,LA_0091,train,ASVspoof2019_LA,ASVspoof2019.LA.cm.train.trn.txt
processed/train/REAL/LA_T_9322055_segment_001.wav,LA_T_9322055.flac,0,REAL,LA_0095,train,ASVspoof2019_LA,ASVspoof2019.LA.cm.train.trn.txt
processed/train/REAL/LA_T_9329650_segment_001.wav,LA_T_9329650.flac,0,REAL,LA_0093,train,ASVspoof2019_LA,ASVspoof2019.LA.cm.train.trn.txt
processed/train/REAL/LA_T_9358107_segment_001.wav,LA_T_9358107.flac,0,REAL,LA_0081,train,ASVspoof2019_LA,ASVspoof2019.LA.cm.train.trn.txt
processed/train/REAL/LA_T_9358107_segment_002.wav,LA_T_9358107.flac,0,REAL,LA_0081,train,ASVspoof2019_LA,ASVspoof2019.LA.cm.train.trn.txt
processed/train/REAL/LA_T_9378967_segment_001.wav,LA_T_9378967.flac,0,REAL,LA_0098,train,ASVspoof2019_LA,ASVspoof2019.LA.cm.train.trn.txt
processed/train/REAL/LA_T_9378967_segment_002.wav,LA_T_9378967.flac,0,REAL,LA_0098,train,ASVspoof2019_LA,ASVspoof2019.LA.cm.train.trn.txt
processed/train/REAL/LA_T_9382795_segment_001.wav,LA_T_9382795.flac,0,REAL,LA_0091,train,ASVspoof2019_LA,ASVspoof2019.LA.cm.train.trn.txt
processed/train/REAL/LA_T_9398797_segment_001.wav,LA_T_9398797.flac,0,REAL,LA_0094,train,ASVspoof2019_LA,ASVspoof2019.LA.cm.train.trn.txt
processed/train/REAL/LA_T_9398797_segment_002.wav,LA_T_9398797.flac,0,REAL,LA_0094,train,ASVspoof2019_LA,ASVspoof2019.LA.cm.train.trn.txt
processed/train/REAL/LA_T_9431341_segment_001.wav,LA_T_9431341.flac,0,REAL,LA_0079,train,ASVspoof2019_LA,ASVspoof2019.LA.cm.train.trn.txt
processed/train/REAL/LA_T_9431341_segment_002.wav,LA_T_9431341.flac,0,REAL,LA_0079,train,ASVspoof2019_LA,ASVspoof2019.LA.cm.train.trn.txt
processed/train/REAL/LA_T_9456128_segment_001.wav,LA_T_9456128.flac,0,REAL,LA_0079,train,ASVspoof2019_LA,ASVspoof2019.LA.cm.train.trn.txt
processed/train/REAL/LA_T_9456128_segment_002.wav,LA_T_9456128.flac,0,REAL,LA_0079,train,ASVspoof2019_LA,ASVspoof2019.LA.cm.train.trn.txt
processed/train/REAL/LA_T_9457505_segment_001.wav,LA_T_9457505.flac,0,REAL,LA_0091,train,ASVspoof2019_LA,ASVspoof2019.LA.cm.train.trn.txt
processed/train/REAL/LA_T_9457505_segment_002.wav,LA_T_9457505.flac,0,REAL,LA_0091,train,ASVspoof2019_LA,ASVspoof2019.LA.cm.train.trn.txt
processed/train/REAL/LA_T_9460886_segment_001.wav,LA_T_9460886.flac,0,REAL,LA_0089,train,ASVspoof2019_LA,ASVspoof2019.LA.cm.train.trn.txt
processed/train/REAL/LA_T_9460886_segment_002.wav,LA_T_9460886.flac,0,REAL,LA_0089,train,ASVspoof2019_LA,ASVspoof2019.LA.cm.train.trn.txt
processed/train/REAL/LA_T_9469062_segment_001.wav,LA_T_9469062.flac,0,REAL,LA_0088,train,ASVspoof2019_LA,ASVspoof2019.LA.cm.train.trn.txt
processed/train/REAL/LA_T_9469062_segment_002.wav,LA_T_9469062.flac,0,REAL,LA_0088,train,ASVspoof2019_LA,ASVspoof2019.LA.cm.train.trn.txt
processed/train/REAL/LA_T_9474664_segment_001.wav,LA_T_9474664.flac,0,REAL,LA_0088,train,ASVspoof2019_LA,ASVspoof2019.LA.cm.train.trn.txt
processed/train/REAL/LA_T_9474664_segment_002.wav,LA_T_9474664.flac,0,REAL,LA_0088,train,ASVspoof2019_LA,ASVspoof2019.LA.cm.train.trn.txt
processed/train/REAL/LA_T_9478659_segment_001.wav,LA_T_9478659.flac,0,REAL,LA_0080,train,ASVspoof2019_LA,ASVspoof2019.LA.cm.train.trn.txt
processed/train/REAL/LA_T_9483901_segment_001.wav,LA_T_9483901.flac,0,REAL,LA_0090,train,ASVspoof2019_LA,ASVspoof2019.LA.cm.train.trn.txt
processed/train/REAL/LA_T_9483901_segment_002.wav,LA_T_9483901.flac,0,REAL,LA_0090,train,ASVspoof2019_LA,ASVspoof2019.LA.cm.train.trn.txt
processed/train/REAL/LA_T_9506168_segment_001.wav,LA_T_9506168.flac,0,REAL,LA_0097,train,ASVspoof2019_LA,ASVspoof2019.LA.cm.train.trn.txt
processed/train/REAL/LA_T_9506168_segment_002.wav,LA_T_9506168.flac,0,REAL,LA_0097,train,ASVspoof2019_LA,ASVspoof2019.LA.cm.train.trn.txt
processed/train/REAL/LA_T_9513704_segment_001.wav,LA_T_9513704.flac,0,REAL,LA_0086,train,ASVspoof2019_LA,ASVspoof2019.LA.cm.train.trn.txt
processed/train/REAL/LA_T_9527200_segment_001.wav,LA_T_9527200.flac,0,REAL,LA_0095,train,ASVspoof2019_LA,ASVspoof2019.LA.cm.train.trn.txt
processed/train/REAL/LA_T_9536026_segment_001.wav,LA_T_9536026.flac,0,REAL,LA_0097,train,ASVspoof2019_LA,ASVspoof2019.LA.cm.train.trn.txt
processed/train/REAL/LA_T_9536026_segment_002.wav,LA_T_9536026.flac,0,REAL,LA_0097,train,ASVspoof2019_LA,ASVspoof2019.LA.cm.train.trn.txt
processed/train/REAL/LA_T_9549153_segment_001.wav,LA_T_9549153.flac,0,REAL,LA_0095,train,ASVspoof2019_LA,ASVspoof2019.LA.cm.train.trn.txt
processed/train/REAL/LA_T_9553112_segment_001.wav,LA_T_9553112.flac,0,REAL,LA_0095,train,ASVspoof2019_LA,ASVspoof2019.LA.cm.train.trn.txt
processed/train/REAL/LA_T_9573877_segment_001.wav,LA_T_9573877.flac,0,REAL,LA_0089,train,ASVspoof2019_LA,ASVspoof2019.LA.cm.train.trn.txt
processed/train/REAL/LA_T_9593260_segment_001.wav,LA_T_9593260.flac,0,REAL,LA_0084,train,ASVspoof2019_LA,ASVspoof2019.LA.cm.train.trn.txt
processed/train/REAL/LA_T_9593260_segment_002.wav,LA_T_9593260.flac,0,REAL,LA_0084,train,ASVspoof2019_LA,ASVspoof2019.LA.cm.train.trn.txt
processed/train/REAL/LA_T_9595433_segment_001.wav,LA_T_9595433.flac,0,REAL,LA_0090,train,ASVspoof2019_LA,ASVspoof2019.LA.cm.train.trn.txt
processed/train/REAL/LA_T_9595433_segment_002.wav,LA_T_9595433.flac,0,REAL,LA_0090,train,ASVspoof2019_LA,ASVspoof2019.LA.cm.train.trn.txt
processed/train/REAL/LA_T_9608821_segment_001.wav,LA_T_9608821.flac,0,REAL,LA_0093,train,ASVspoof2019_LA,ASVspoof2019.LA.cm.train.trn.txt
processed/train/REAL/LA_T_9608821_segment_002.wav,LA_T_9608821.flac,0,REAL,LA_0093,train,ASVspoof2019_LA,ASVspoof2019.LA.cm.train.trn.txt
processed/train/REAL/LA_T_9622854_segment_001.wav,LA_T_9622854.flac,0,REAL,LA_0091,train,ASVspoof2019_LA,ASVspoof2019.LA.cm.train.trn.txt
processed/train/REAL/LA_T_9628936_segment_001.wav,LA_T_9628936.flac,0,REAL,LA_0080,train,ASVspoof2019_LA,ASVspoof2019.LA.cm.train.trn.txt
processed/train/REAL/LA_T_9670904_segment_001.wav,LA_T_9670904.flac,0,REAL,LA_0094,train,ASVspoof2019_LA,ASVspoof2019.LA.cm.train.trn.txt
processed/train/REAL/LA_T_9717737_segment_001.wav,LA_T_9717737.flac,0,REAL,LA_0083,train,ASVspoof2019_LA,ASVspoof2019.LA.cm.train.trn.txt
processed/train/REAL/LA_T_9717737_segment_002.wav,LA_T_9717737.flac,0,REAL,LA_0083,train,ASVspoof2019_LA,ASVspoof2019.LA.cm.train.trn.txt
processed/train/REAL/LA_T_9728429_segment_001.wav,LA_T_9728429.flac,0,REAL,LA_0082,train,ASVspoof2019_LA,ASVspoof2019.LA.cm.train.trn.txt
processed/train/REAL/LA_T_9737995_segment_001.wav,LA_T_9737995.flac,0,REAL,LA_0098,train,ASVspoof2019_LA,ASVspoof2019.LA.cm.train.trn.txt
processed/train/REAL/LA_T_9737995_segment_002.wav,LA_T_9737995.flac,0,REAL,LA_0098,train,ASVspoof2019_LA,ASVspoof2019.LA.cm.train.trn.txt
processed/train/REAL/LA_T_9772981_segment_001.wav,LA_T_9772981.flac,0,REAL,LA_0082,train,ASVspoof2019_LA,ASVspoof2019.LA.cm.train.trn.txt
processed/train/REAL/LA_T_9778924_segment_001.wav,LA_T_9778924.flac,0,REAL,LA_0082,train,ASVspoof2019_LA,ASVspoof2019.LA.cm.train.trn.txt
processed/train/REAL/LA_T_9779411_segment_001.wav,LA_T_9779411.flac,0,REAL,LA_0087,train,ASVspoof2019_LA,ASVspoof2019.LA.cm.train.trn.txt
processed/train/REAL/LA_T_9854823_segment_001.wav,LA_T_9854823.flac,0,REAL,LA_0097,train,ASVspoof2019_LA,ASVspoof2019.LA.cm.train.trn.txt
processed/train/REAL/LA_T_9854823_segment_002.wav,LA_T_9854823.flac,0,REAL,LA_0097,train,ASVspoof2019_LA,ASVspoof2019.LA.cm.train.trn.txt
processed/train/REAL/LA_T_9863654_segment_001.wav,LA_T_9863654.flac,0,REAL,LA_0087,train,ASVspoof2019_LA,ASVspoof2019.LA.cm.train.trn.txt
processed/train/REAL/LA_T_9949256_segment_001.wav,LA_T_9949256.flac,0,REAL,LA_0094,train,ASVspoof2019_LA,ASVspoof2019.LA.cm.train.trn.txt
processed/train/REAL/LA_T_9958393_segment_001.wav,LA_T_9958393.flac,0,REAL,LA_0093,train,ASVspoof2019_LA,ASVspoof2019.LA.cm.train.trn.txt
processed/train/REAL/LA_T_9969620_segment_001.wav,LA_T_9969620.flac,0,REAL,LA_0089,train,ASVspoof2019_LA,ASVspoof2019.LA.cm.train.trn.txt
processed/train/REAL/LA_T_9969620_segment_002.wav,LA_T_9969620.flac,0,REAL,LA_0089,train,ASVspoof2019_LA,ASVspoof2019.LA.cm.train.trn.txt
processed/validation/FAKE/LA_D_1062092_segment_001.wav,LA_D_1062092.flac,1,FAKE,LA_0075,validation,ASVspoof2019_LA,ASVspoof2019.LA.cm.dev.trl.txt
processed/validation/FAKE/LA_D_1071228_segment_001.wav,LA_D_1071228.flac,1,FAKE,LA_0077,validation,ASVspoof2019_LA,ASVspoof2019.LA.cm.dev.trl.txt
processed/validation/FAKE/LA_D_1071228_segment_002.wav,LA_D_1071228.flac,1,FAKE,LA_0077,validation,ASVspoof2019_LA,ASVspoof2019.LA.cm.dev.trl.txt
processed/validation/FAKE/LA_D_1127112_segment_001.wav,LA_D_1127112.flac,1,FAKE,LA_0073,validation,ASVspoof2019_LA,ASVspoof2019.LA.cm.dev.trl.txt
processed/validation/FAKE/LA_D_1232730_segment_001.wav,LA_D_1232730.flac,1,FAKE,LA_0070,validation,ASVspoof2019_LA,ASVspoof2019.LA.cm.dev.trl.txt
processed/validation/FAKE/LA_D_1232730_segment_002.wav,LA_D_1232730.flac,1,FAKE,LA_0070,validation,ASVspoof2019_LA,ASVspoof2019.LA.cm.dev.trl.txt
processed/validation/FAKE/LA_D_1251682_segment_001.wav,LA_D_1251682.flac,1,FAKE,LA_0074,validation,ASVspoof2019_LA,ASVspoof2019.LA.cm.dev.trl.txt
processed/validation/FAKE/LA_D_1301926_segment_001.wav,LA_D_1301926.flac,1,FAKE,LA_0070,validation,ASVspoof2019_LA,ASVspoof2019.LA.cm.dev.trl.txt
processed/validation/FAKE/LA_D_1301926_segment_002.wav,LA_D_1301926.flac,1,FAKE,LA_0070,validation,ASVspoof2019_LA,ASVspoof2019.LA.cm.dev.trl.txt
processed/validation/FAKE/LA_D_1345832_segment_001.wav,LA_D_1345832.flac,1,FAKE,LA_0076,validation,ASVspoof2019_LA,ASVspoof2019.LA.cm.dev.trl.txt
processed/validation/FAKE/LA_D_1345832_segment_002.wav,LA_D_1345832.flac,1,FAKE,LA_0076,validation,ASVspoof2019_LA,ASVspoof2019.LA.cm.dev.trl.txt
processed/validation/FAKE/LA_D_1399230_segment_001.wav,LA_D_1399230.flac,1,FAKE,LA_0077,validation,ASVspoof2019_LA,ASVspoof2019.LA.cm.dev.trl.txt
processed/validation/FAKE/LA_D_1399230_segment_002.wav,LA_D_1399230.flac,1,FAKE,LA_0077,validation,ASVspoof2019_LA,ASVspoof2019.LA.cm.dev.trl.txt
processed/validation/FAKE/LA_D_1412931_segment_001.wav,LA_D_1412931.flac,1,FAKE,LA_0076,validation,ASVspoof2019_LA,ASVspoof2019.LA.cm.dev.trl.txt
processed/validation/FAKE/LA_D_1412931_segment_002.wav,LA_D_1412931.flac,1,FAKE,LA_0076,validation,ASVspoof2019_LA,ASVspoof2019.LA.cm.dev.trl.txt
processed/validation/FAKE/LA_D_1463624_segment_001.wav,LA_D_1463624.flac,1,FAKE,LA_0071,validation,ASVspoof2019_LA,ASVspoof2019.LA.cm.dev.trl.txt
processed/validation/FAKE/LA_D_1611669_segment_001.wav,LA_D_1611669.flac,1,FAKE,LA_0075,validation,ASVspoof2019_LA,ASVspoof2019.LA.cm.dev.trl.txt
processed/validation/FAKE/LA_D_1616269_segment_001.wav,LA_D_1616269.flac,1,FAKE,LA_0078,validation,ASVspoof2019_LA,ASVspoof2019.LA.cm.dev.trl.txt
processed/validation/FAKE/LA_D_1823585_segment_001.wav,LA_D_1823585.flac,1,FAKE,LA_0071,validation,ASVspoof2019_LA,ASVspoof2019.LA.cm.dev.trl.txt
processed/validation/FAKE/LA_D_1823585_segment_002.wav,LA_D_1823585.flac,1,FAKE,LA_0071,validation,ASVspoof2019_LA,ASVspoof2019.LA.cm.dev.trl.txt
processed/validation/FAKE/LA_D_1853874_segment_001.wav,LA_D_1853874.flac,1,FAKE,LA_0077,validation,ASVspoof2019_LA,ASVspoof2019.LA.cm.dev.trl.txt
processed/validation/FAKE/LA_D_1853874_segment_002.wav,LA_D_1853874.flac,1,FAKE,LA_0077,validation,ASVspoof2019_LA,ASVspoof2019.LA.cm.dev.trl.txt
processed/validation/FAKE/LA_D_2076833_segment_001.wav,LA_D_2076833.flac,1,FAKE,LA_0077,validation,ASVspoof2019_LA,ASVspoof2019.LA.cm.dev.trl.txt
processed/validation/FAKE/LA_D_2076833_segment_002.wav,LA_D_2076833.flac,1,FAKE,LA_0077,validation,ASVspoof2019_LA,ASVspoof2019.LA.cm.dev.trl.txt
processed/validation/FAKE/LA_D_2103892_segment_001.wav,LA_D_2103892.flac,1,FAKE,LA_0074,validation,ASVspoof2019_LA,ASVspoof2019.LA.cm.dev.trl.txt
processed/validation/FAKE/LA_D_2194998_segment_001.wav,LA_D_2194998.flac,1,FAKE,LA_0069,validation,ASVspoof2019_LA,ASVspoof2019.LA.cm.dev.trl.txt
processed/validation/FAKE/LA_D_2349350_segment_001.wav,LA_D_2349350.flac,1,FAKE,LA_0070,validation,ASVspoof2019_LA,ASVspoof2019.LA.cm.dev.trl.txt
processed/validation/FAKE/LA_D_2383414_segment_001.wav,LA_D_2383414.flac,1,FAKE,LA_0078,validation,ASVspoof2019_LA,ASVspoof2019.LA.cm.dev.trl.txt
processed/validation/FAKE/LA_D_2417651_segment_001.wav,LA_D_2417651.flac,1,FAKE,LA_0073,validation,ASVspoof2019_LA,ASVspoof2019.LA.cm.dev.trl.txt
processed/validation/FAKE/LA_D_2473777_segment_001.wav,LA_D_2473777.flac,1,FAKE,LA_0074,validation,ASVspoof2019_LA,ASVspoof2019.LA.cm.dev.trl.txt
processed/validation/FAKE/LA_D_2473777_segment_002.wav,LA_D_2473777.flac,1,FAKE,LA_0074,validation,ASVspoof2019_LA,ASVspoof2019.LA.cm.dev.trl.txt
processed/validation/FAKE/LA_D_2496133_segment_001.wav,LA_D_2496133.flac,1,FAKE,LA_0075,validation,ASVspoof2019_LA,ASVspoof2019.LA.cm.dev.trl.txt
processed/validation/FAKE/LA_D_2496133_segment_002.wav,LA_D_2496133.flac,1,FAKE,LA_0075,validation,ASVspoof2019_LA,ASVspoof2019.LA.cm.dev.trl.txt
processed/validation/FAKE/LA_D_2672793_segment_001.wav,LA_D_2672793.flac,1,FAKE,LA_0069,validation,ASVspoof2019_LA,ASVspoof2019.LA.cm.dev.trl.txt
processed/validation/FAKE/LA_D_2672793_segment_002.wav,LA_D_2672793.flac,1,FAKE,LA_0069,validation,ASVspoof2019_LA,ASVspoof2019.LA.cm.dev.trl.txt
processed/validation/FAKE/LA_D_2689521_segment_001.wav,LA_D_2689521.flac,1,FAKE,LA_0070,validation,ASVspoof2019_LA,ASVspoof2019.LA.cm.dev.trl.txt
processed/validation/FAKE/LA_D_2689521_segment_002.wav,LA_D_2689521.flac,1,FAKE,LA_0070,validation,ASVspoof2019_LA,ASVspoof2019.LA.cm.dev.trl.txt
processed/validation/FAKE/LA_D_2740410_segment_001.wav,LA_D_2740410.flac,1,FAKE,LA_0070,validation,ASVspoof2019_LA,ASVspoof2019.LA.cm.dev.trl.txt
processed/validation/FAKE/LA_D_2875382_segment_001.wav,LA_D_2875382.flac,1,FAKE,LA_0077,validation,ASVspoof2019_LA,ASVspoof2019.LA.cm.dev.trl.txt
processed/validation/FAKE/LA_D_2875382_segment_002.wav,LA_D_2875382.flac,1,FAKE,LA_0077,validation,ASVspoof2019_LA,ASVspoof2019.LA.cm.dev.trl.txt
processed/validation/FAKE/LA_D_2875382_segment_003.wav,LA_D_2875382.flac,1,FAKE,LA_0077,validation,ASVspoof2019_LA,ASVspoof2019.LA.cm.dev.trl.txt
processed/validation/FAKE/LA_D_2963073_segment_001.wav,LA_D_2963073.flac,1,FAKE,LA_0070,validation,ASVspoof2019_LA,ASVspoof2019.LA.cm.dev.trl.txt
processed/validation/FAKE/LA_D_2963073_segment_002.wav,LA_D_2963073.flac,1,FAKE,LA_0070,validation,ASVspoof2019_LA,ASVspoof2019.LA.cm.dev.trl.txt
processed/validation/FAKE/LA_D_3170088_segment_001.wav,LA_D_3170088.flac,1,FAKE,LA_0070,validation,ASVspoof2019_LA,ASVspoof2019.LA.cm.dev.trl.txt
processed/validation/FAKE/LA_D_3240744_segment_001.wav,LA_D_3240744.flac,1,FAKE,LA_0077,validation,ASVspoof2019_LA,ASVspoof2019.LA.cm.dev.trl.txt
processed/validation/FAKE/LA_D_3240744_segment_002.wav,LA_D_3240744.flac,1,FAKE,LA_0077,validation,ASVspoof2019_LA,ASVspoof2019.LA.cm.dev.trl.txt
processed/validation/FAKE/LA_D_3525678_segment_001.wav,LA_D_3525678.flac,1,FAKE,LA_0070,validation,ASVspoof2019_LA,ASVspoof2019.LA.cm.dev.trl.txt
processed/validation/FAKE/LA_D_3589733_segment_001.wav,LA_D_3589733.flac,1,FAKE,LA_0071,validation,ASVspoof2019_LA,ASVspoof2019.LA.cm.dev.trl.txt
processed/validation/FAKE/LA_D_3619292_segment_001.wav,LA_D_3619292.flac,1,FAKE,LA_0074,validation,ASVspoof2019_LA,ASVspoof2019.LA.cm.dev.trl.txt
processed/validation/FAKE/LA_D_3619292_segment_002.wav,LA_D_3619292.flac,1,FAKE,LA_0074,validation,ASVspoof2019_LA,ASVspoof2019.LA.cm.dev.trl.txt
processed/validation/FAKE/LA_D_3733676_segment_001.wav,LA_D_3733676.flac,1,FAKE,LA_0070,validation,ASVspoof2019_LA,ASVspoof2019.LA.cm.dev.trl.txt
processed/validation/FAKE/LA_D_3733676_segment_002.wav,LA_D_3733676.flac,1,FAKE,LA_0070,validation,ASVspoof2019_LA,ASVspoof2019.LA.cm.dev.trl.txt
processed/validation/FAKE/LA_D_3741865_segment_001.wav,LA_D_3741865.flac,1,FAKE,LA_0073,validation,ASVspoof2019_LA,ASVspoof2019.LA.cm.dev.trl.txt
processed/validation/FAKE/LA_D_3741865_segment_002.wav,LA_D_3741865.flac,1,FAKE,LA_0073,validation,ASVspoof2019_LA,ASVspoof2019.LA.cm.dev.trl.txt
processed/validation/FAKE/LA_D_3889704_segment_001.wav,LA_D_3889704.flac,1,FAKE,LA_0070,validation,ASVspoof2019_LA,ASVspoof2019.LA.cm.dev.trl.txt
processed/validation/FAKE/LA_D_4099396_segment_001.wav,LA_D_4099396.flac,1,FAKE,LA_0072,validation,ASVspoof2019_LA,ASVspoof2019.LA.cm.dev.trl.txt
processed/validation/FAKE/LA_D_4114991_segment_001.wav,LA_D_4114991.flac,1,FAKE,LA_0078,validation,ASVspoof2019_LA,ASVspoof2019.LA.cm.dev.trl.txt
processed/validation/FAKE/LA_D_4114991_segment_002.wav,LA_D_4114991.flac,1,FAKE,LA_0078,validation,ASVspoof2019_LA,ASVspoof2019.LA.cm.dev.trl.txt
processed/validation/FAKE/LA_D_4230212_segment_001.wav,LA_D_4230212.flac,1,FAKE,LA_0076,validation,ASVspoof2019_LA,ASVspoof2019.LA.cm.dev.trl.txt
processed/validation/FAKE/LA_D_4313608_segment_001.wav,LA_D_4313608.flac,1,FAKE,LA_0078,validation,ASVspoof2019_LA,ASVspoof2019.LA.cm.dev.trl.txt
processed/validation/FAKE/LA_D_4313608_segment_002.wav,LA_D_4313608.flac,1,FAKE,LA_0078,validation,ASVspoof2019_LA,ASVspoof2019.LA.cm.dev.trl.txt
processed/validation/FAKE/LA_D_4363843_segment_001.wav,LA_D_4363843.flac,1,FAKE,LA_0078,validation,ASVspoof2019_LA,ASVspoof2019.LA.cm.dev.trl.txt
processed/validation/FAKE/LA_D_4363843_segment_002.wav,LA_D_4363843.flac,1,FAKE,LA_0078,validation,ASVspoof2019_LA,ASVspoof2019.LA.cm.dev.trl.txt
processed/validation/FAKE/LA_D_4451377_segment_001.wav,LA_D_4451377.flac,1,FAKE,LA_0069,validation,ASVspoof2019_LA,ASVspoof2019.LA.cm.dev.trl.txt
processed/validation/FAKE/LA_D_4451377_segment_002.wav,LA_D_4451377.flac,1,FAKE,LA_0069,validation,ASVspoof2019_LA,ASVspoof2019.LA.cm.dev.trl.txt
processed/validation/FAKE/LA_D_4542962_segment_001.wav,LA_D_4542962.flac,1,FAKE,LA_0076,validation,ASVspoof2019_LA,ASVspoof2019.LA.cm.dev.trl.txt
processed/validation/FAKE/LA_D_4553437_segment_001.wav,LA_D_4553437.flac,1,FAKE,LA_0069,validation,ASVspoof2019_LA,ASVspoof2019.LA.cm.dev.trl.txt
processed/validation/FAKE/LA_D_4553437_segment_002.wav,LA_D_4553437.flac,1,FAKE,LA_0069,validation,ASVspoof2019_LA,ASVspoof2019.LA.cm.dev.trl.txt
processed/validation/FAKE/LA_D_4663964_segment_001.wav,LA_D_4663964.flac,1,FAKE,LA_0070,validation,ASVspoof2019_LA,ASVspoof2019.LA.cm.dev.trl.txt
processed/validation/FAKE/LA_D_4666650_segment_001.wav,LA_D_4666650.flac,1,FAKE,LA_0075,validation,ASVspoof2019_LA,ASVspoof2019.LA.cm.dev.trl.txt
processed/validation/FAKE/LA_D_4666650_segment_002.wav,LA_D_4666650.flac,1,FAKE,LA_0075,validation,ASVspoof2019_LA,ASVspoof2019.LA.cm.dev.trl.txt
processed/validation/FAKE/LA_D_4683194_segment_001.wav,LA_D_4683194.flac,1,FAKE,LA_0074,validation,ASVspoof2019_LA,ASVspoof2019.LA.cm.dev.trl.txt
processed/validation/FAKE/LA_D_4683194_segment_002.wav,LA_D_4683194.flac,1,FAKE,LA_0074,validation,ASVspoof2019_LA,ASVspoof2019.LA.cm.dev.trl.txt
processed/validation/FAKE/LA_D_4765138_segment_001.wav,LA_D_4765138.flac,1,FAKE,LA_0073,validation,ASVspoof2019_LA,ASVspoof2019.LA.cm.dev.trl.txt
processed/validation/FAKE/LA_D_4851657_segment_001.wav,LA_D_4851657.flac,1,FAKE,LA_0074,validation,ASVspoof2019_LA,ASVspoof2019.LA.cm.dev.trl.txt
processed/validation/FAKE/LA_D_4851657_segment_002.wav,LA_D_4851657.flac,1,FAKE,LA_0074,validation,ASVspoof2019_LA,ASVspoof2019.LA.cm.dev.trl.txt
processed/validation/FAKE/LA_D_4851657_segment_003.wav,LA_D_4851657.flac,1,FAKE,LA_0074,validation,ASVspoof2019_LA,ASVspoof2019.LA.cm.dev.trl.txt
processed/validation/FAKE/LA_D_4928888_segment_001.wav,LA_D_4928888.flac,1,FAKE,LA_0069,validation,ASVspoof2019_LA,ASVspoof2019.LA.cm.dev.trl.txt
processed/validation/FAKE/LA_D_4928888_segment_002.wav,LA_D_4928888.flac,1,FAKE,LA_0069,validation,ASVspoof2019_LA,ASVspoof2019.LA.cm.dev.trl.txt
processed/validation/FAKE/LA_D_5028697_segment_001.wav,LA_D_5028697.flac,1,FAKE,LA_0072,validation,ASVspoof2019_LA,ASVspoof2019.LA.cm.dev.trl.txt
processed/validation/FAKE/LA_D_5028697_segment_002.wav,LA_D_5028697.flac,1,FAKE,LA_0072,validation,ASVspoof2019_LA,ASVspoof2019.LA.cm.dev.trl.txt
processed/validation/FAKE/LA_D_5188309_segment_001.wav,LA_D_5188309.flac,1,FAKE,LA_0078,validation,ASVspoof2019_LA,ASVspoof2019.LA.cm.dev.trl.txt
processed/validation/FAKE/LA_D_5188309_segment_002.wav,LA_D_5188309.flac,1,FAKE,LA_0078,validation,ASVspoof2019_LA,ASVspoof2019.LA.cm.dev.trl.txt
processed/validation/FAKE/LA_D_5194315_segment_001.wav,LA_D_5194315.flac,1,FAKE,LA_0077,validation,ASVspoof2019_LA,ASVspoof2019.LA.cm.dev.trl.txt
processed/validation/FAKE/LA_D_5261718_segment_001.wav,LA_D_5261718.flac,1,FAKE,LA_0074,validation,ASVspoof2019_LA,ASVspoof2019.LA.cm.dev.trl.txt
processed/validation/FAKE/LA_D_5261718_segment_002.wav,LA_D_5261718.flac,1,FAKE,LA_0074,validation,ASVspoof2019_LA,ASVspoof2019.LA.cm.dev.trl.txt
processed/validation/FAKE/LA_D_5261718_segment_003.wav,LA_D_5261718.flac,1,FAKE,LA_0074,validation,ASVspoof2019_LA,ASVspoof2019.LA.cm.dev.trl.txt
processed/validation/FAKE/LA_D_5285970_segment_001.wav,LA_D_5285970.flac,1,FAKE,LA_0076,validation,ASVspoof2019_LA,ASVspoof2019.LA.cm.dev.trl.txt
processed/validation/FAKE/LA_D_5314825_segment_001.wav,LA_D_5314825.flac,1,FAKE,LA_0071,validation,ASVspoof2019_LA,ASVspoof2019.LA.cm.dev.trl.txt
processed/validation/FAKE/LA_D_5472628_segment_001.wav,LA_D_5472628.flac,1,FAKE,LA_0071,validation,ASVspoof2019_LA,ASVspoof2019.LA.cm.dev.trl.txt
processed/validation/FAKE/LA_D_5472628_segment_002.wav,LA_D_5472628.flac,1,FAKE,LA_0071,validation,ASVspoof2019_LA,ASVspoof2019.LA.cm.dev.trl.txt
processed/validation/FAKE/LA_D_5893651_segment_001.wav,LA_D_5893651.flac,1,FAKE,LA_0074,validation,ASVspoof2019_LA,ASVspoof2019.LA.cm.dev.trl.txt
processed/validation/FAKE/LA_D_6007363_segment_001.wav,LA_D_6007363.flac,1,FAKE,LA_0069,validation,ASVspoof2019_LA,ASVspoof2019.LA.cm.dev.trl.txt
processed/validation/FAKE/LA_D_6037279_segment_001.wav,LA_D_6037279.flac,1,FAKE,LA_0073,validation,ASVspoof2019_LA,ASVspoof2019.LA.cm.dev.trl.txt
processed/validation/FAKE/LA_D_6037279_segment_002.wav,LA_D_6037279.flac,1,FAKE,LA_0073,validation,ASVspoof2019_LA,ASVspoof2019.LA.cm.dev.trl.txt
processed/validation/FAKE/LA_D_6127270_segment_001.wav,LA_D_6127270.flac,1,FAKE,LA_0074,validation,ASVspoof2019_LA,ASVspoof2019.LA.cm.dev.trl.txt
processed/validation/FAKE/LA_D_6127270_segment_002.wav,LA_D_6127270.flac,1,FAKE,LA_0074,validation,ASVspoof2019_LA,ASVspoof2019.LA.cm.dev.trl.txt
processed/validation/FAKE/LA_D_6127270_segment_003.wav,LA_D_6127270.flac,1,FAKE,LA_0074,validation,ASVspoof2019_LA,ASVspoof2019.LA.cm.dev.trl.txt
processed/validation/FAKE/LA_D_6127270_segment_004.wav,LA_D_6127270.flac,1,FAKE,LA_0074,validation,ASVspoof2019_LA,ASVspoof2019.LA.cm.dev.trl.txt
processed/validation/FAKE/LA_D_6288186_segment_001.wav,LA_D_6288186.flac,1,FAKE,LA_0072,validation,ASVspoof2019_LA,ASVspoof2019.LA.cm.dev.trl.txt
processed/validation/FAKE/LA_D_6288186_segment_002.wav,LA_D_6288186.flac,1,FAKE,LA_0072,validation,ASVspoof2019_LA,ASVspoof2019.LA.cm.dev.trl.txt
processed/validation/FAKE/LA_D_6316737_segment_001.wav,LA_D_6316737.flac,1,FAKE,LA_0074,validation,ASVspoof2019_LA,ASVspoof2019.LA.cm.dev.trl.txt
processed/validation/FAKE/LA_D_6327399_segment_001.wav,LA_D_6327399.flac,1,FAKE,LA_0074,validation,ASVspoof2019_LA,ASVspoof2019.LA.cm.dev.trl.txt
processed/validation/FAKE/LA_D_6327399_segment_002.wav,LA_D_6327399.flac,1,FAKE,LA_0074,validation,ASVspoof2019_LA,ASVspoof2019.LA.cm.dev.trl.txt
processed/validation/FAKE/LA_D_6502788_segment_001.wav,LA_D_6502788.flac,1,FAKE,LA_0077,validation,ASVspoof2019_LA,ASVspoof2019.LA.cm.dev.trl.txt
processed/validation/FAKE/LA_D_6518794_segment_001.wav,LA_D_6518794.flac,1,FAKE,LA_0071,validation,ASVspoof2019_LA,ASVspoof2019.LA.cm.dev.trl.txt
processed/validation/FAKE/LA_D_6518794_segment_002.wav,LA_D_6518794.flac,1,FAKE,LA_0071,validation,ASVspoof2019_LA,ASVspoof2019.LA.cm.dev.trl.txt
processed/validation/FAKE/LA_D_6518794_segment_003.wav,LA_D_6518794.flac,1,FAKE,LA_0071,validation,ASVspoof2019_LA,ASVspoof2019.LA.cm.dev.trl.txt
processed/validation/FAKE/LA_D_6518794_segment_004.wav,LA_D_6518794.flac,1,FAKE,LA_0071,validation,ASVspoof2019_LA,ASVspoof2019.LA.cm.dev.trl.txt
processed/validation/FAKE/LA_D_6599472_segment_001.wav,LA_D_6599472.flac,1,FAKE,LA_0069,validation,ASVspoof2019_LA,ASVspoof2019.LA.cm.dev.trl.txt
processed/validation/FAKE/LA_D_6690758_segment_001.wav,LA_D_6690758.flac,1,FAKE,LA_0070,validation,ASVspoof2019_LA,ASVspoof2019.LA.cm.dev.trl.txt
processed/validation/FAKE/LA_D_6693826_segment_001.wav,LA_D_6693826.flac,1,FAKE,LA_0069,validation,ASVspoof2019_LA,ASVspoof2019.LA.cm.dev.trl.txt
processed/validation/FAKE/LA_D_6693826_segment_002.wav,LA_D_6693826.flac,1,FAKE,LA_0069,validation,ASVspoof2019_LA,ASVspoof2019.LA.cm.dev.trl.txt
processed/validation/FAKE/LA_D_6720664_segment_001.wav,LA_D_6720664.flac,1,FAKE,LA_0069,validation,ASVspoof2019_LA,ASVspoof2019.LA.cm.dev.trl.txt
processed/validation/FAKE/LA_D_6720664_segment_002.wav,LA_D_6720664.flac,1,FAKE,LA_0069,validation,ASVspoof2019_LA,ASVspoof2019.LA.cm.dev.trl.txt
processed/validation/FAKE/LA_D_6759403_segment_001.wav,LA_D_6759403.flac,1,FAKE,LA_0074,validation,ASVspoof2019_LA,ASVspoof2019.LA.cm.dev.trl.txt
processed/validation/FAKE/LA_D_6948502_segment_001.wav,LA_D_6948502.flac,1,FAKE,LA_0075,validation,ASVspoof2019_LA,ASVspoof2019.LA.cm.dev.trl.txt
processed/validation/FAKE/LA_D_6948502_segment_002.wav,LA_D_6948502.flac,1,FAKE,LA_0075,validation,ASVspoof2019_LA,ASVspoof2019.LA.cm.dev.trl.txt
processed/validation/FAKE/LA_D_7030273_segment_001.wav,LA_D_7030273.flac,1,FAKE,LA_0073,validation,ASVspoof2019_LA,ASVspoof2019.LA.cm.dev.trl.txt
processed/validation/FAKE/LA_D_7030273_segment_002.wav,LA_D_7030273.flac,1,FAKE,LA_0073,validation,ASVspoof2019_LA,ASVspoof2019.LA.cm.dev.trl.txt
processed/validation/FAKE/LA_D_7031980_segment_001.wav,LA_D_7031980.flac,1,FAKE,LA_0075,validation,ASVspoof2019_LA,ASVspoof2019.LA.cm.dev.trl.txt
processed/validation/FAKE/LA_D_7248953_segment_001.wav,LA_D_7248953.flac,1,FAKE,LA_0071,validation,ASVspoof2019_LA,ASVspoof2019.LA.cm.dev.trl.txt
processed/validation/FAKE/LA_D_7395983_segment_001.wav,LA_D_7395983.flac,1,FAKE,LA_0074,validation,ASVspoof2019_LA,ASVspoof2019.LA.cm.dev.trl.txt
processed/validation/FAKE/LA_D_7664721_segment_001.wav,LA_D_7664721.flac,1,FAKE,LA_0076,validation,ASVspoof2019_LA,ASVspoof2019.LA.cm.dev.trl.txt
processed/validation/FAKE/LA_D_7874319_segment_001.wav,LA_D_7874319.flac,1,FAKE,LA_0078,validation,ASVspoof2019_LA,ASVspoof2019.LA.cm.dev.trl.txt
processed/validation/FAKE/LA_D_7874319_segment_002.wav,LA_D_7874319.flac,1,FAKE,LA_0078,validation,ASVspoof2019_LA,ASVspoof2019.LA.cm.dev.trl.txt
processed/validation/FAKE/LA_D_7997330_segment_001.wav,LA_D_7997330.flac,1,FAKE,LA_0074,validation,ASVspoof2019_LA,ASVspoof2019.LA.cm.dev.trl.txt
processed/validation/FAKE/LA_D_7997330_segment_002.wav,LA_D_7997330.flac,1,FAKE,LA_0074,validation,ASVspoof2019_LA,ASVspoof2019.LA.cm.dev.trl.txt
processed/validation/FAKE/LA_D_8228654_segment_001.wav,LA_D_8228654.flac,1,FAKE,LA_0069,validation,ASVspoof2019_LA,ASVspoof2019.LA.cm.dev.trl.txt
processed/validation/FAKE/LA_D_8228654_segment_002.wav,LA_D_8228654.flac,1,FAKE,LA_0069,validation,ASVspoof2019_LA,ASVspoof2019.LA.cm.dev.trl.txt
processed/validation/FAKE/LA_D_8232967_segment_001.wav,LA_D_8232967.flac,1,FAKE,LA_0077,validation,ASVspoof2019_LA,ASVspoof2019.LA.cm.dev.trl.txt
processed/validation/FAKE/LA_D_8232967_segment_002.wav,LA_D_8232967.flac,1,FAKE,LA_0077,validation,ASVspoof2019_LA,ASVspoof2019.LA.cm.dev.trl.txt
processed/validation/FAKE/LA_D_8350907_segment_001.wav,LA_D_8350907.flac,1,FAKE,LA_0076,validation,ASVspoof2019_LA,ASVspoof2019.LA.cm.dev.trl.txt
processed/validation/FAKE/LA_D_8454223_segment_001.wav,LA_D_8454223.flac,1,FAKE,LA_0072,validation,ASVspoof2019_LA,ASVspoof2019.LA.cm.dev.trl.txt
processed/validation/FAKE/LA_D_8454223_segment_002.wav,LA_D_8454223.flac,1,FAKE,LA_0072,validation,ASVspoof2019_LA,ASVspoof2019.LA.cm.dev.trl.txt
processed/validation/FAKE/LA_D_8454223_segment_003.wav,LA_D_8454223.flac,1,FAKE,LA_0072,validation,ASVspoof2019_LA,ASVspoof2019.LA.cm.dev.trl.txt
processed/validation/FAKE/LA_D_8560239_segment_001.wav,LA_D_8560239.flac,1,FAKE,LA_0071,validation,ASVspoof2019_LA,ASVspoof2019.LA.cm.dev.trl.txt
processed/validation/FAKE/LA_D_8560239_segment_002.wav,LA_D_8560239.flac,1,FAKE,LA_0071,validation,ASVspoof2019_LA,ASVspoof2019.LA.cm.dev.trl.txt
processed/validation/FAKE/LA_D_8623253_segment_001.wav,LA_D_8623253.flac,1,FAKE,LA_0074,validation,ASVspoof2019_LA,ASVspoof2019.LA.cm.dev.trl.txt
processed/validation/FAKE/LA_D_8751875_segment_001.wav,LA_D_8751875.flac,1,FAKE,LA_0077,validation,ASVspoof2019_LA,ASVspoof2019.LA.cm.dev.trl.txt
processed/validation/FAKE/LA_D_8751875_segment_002.wav,LA_D_8751875.flac,1,FAKE,LA_0077,validation,ASVspoof2019_LA,ASVspoof2019.LA.cm.dev.trl.txt
processed/validation/FAKE/LA_D_8878329_segment_001.wav,LA_D_8878329.flac,1,FAKE,LA_0070,validation,ASVspoof2019_LA,ASVspoof2019.LA.cm.dev.trl.txt
processed/validation/FAKE/LA_D_8878329_segment_002.wav,LA_D_8878329.flac,1,FAKE,LA_0070,validation,ASVspoof2019_LA,ASVspoof2019.LA.cm.dev.trl.txt
processed/validation/FAKE/LA_D_9162826_segment_001.wav,LA_D_9162826.flac,1,FAKE,LA_0077,validation,ASVspoof2019_LA,ASVspoof2019.LA.cm.dev.trl.txt
processed/validation/FAKE/LA_D_9162826_segment_002.wav,LA_D_9162826.flac,1,FAKE,LA_0077,validation,ASVspoof2019_LA,ASVspoof2019.LA.cm.dev.trl.txt
processed/validation/FAKE/LA_D_9171276_segment_001.wav,LA_D_9171276.flac,1,FAKE,LA_0076,validation,ASVspoof2019_LA,ASVspoof2019.LA.cm.dev.trl.txt
processed/validation/FAKE/LA_D_9180251_segment_001.wav,LA_D_9180251.flac,1,FAKE,LA_0076,validation,ASVspoof2019_LA,ASVspoof2019.LA.cm.dev.trl.txt
processed/validation/FAKE/LA_D_9238626_segment_001.wav,LA_D_9238626.flac,1,FAKE,LA_0076,validation,ASVspoof2019_LA,ASVspoof2019.LA.cm.dev.trl.txt
processed/validation/FAKE/LA_D_9238626_segment_002.wav,LA_D_9238626.flac,1,FAKE,LA_0076,validation,ASVspoof2019_LA,ASVspoof2019.LA.cm.dev.trl.txt
processed/validation/FAKE/LA_D_9266761_segment_001.wav,LA_D_9266761.flac,1,FAKE,LA_0074,validation,ASVspoof2019_LA,ASVspoof2019.LA.cm.dev.trl.txt
processed/validation/FAKE/LA_D_9266761_segment_002.wav,LA_D_9266761.flac,1,FAKE,LA_0074,validation,ASVspoof2019_LA,ASVspoof2019.LA.cm.dev.trl.txt
processed/validation/FAKE/LA_D_9268984_segment_001.wav,LA_D_9268984.flac,1,FAKE,LA_0077,validation,ASVspoof2019_LA,ASVspoof2019.LA.cm.dev.trl.txt
processed/validation/FAKE/LA_D_9332063_segment_001.wav,LA_D_9332063.flac,1,FAKE,LA_0069,validation,ASVspoof2019_LA,ASVspoof2019.LA.cm.dev.trl.txt
processed/validation/FAKE/LA_D_9332063_segment_002.wav,LA_D_9332063.flac,1,FAKE,LA_0069,validation,ASVspoof2019_LA,ASVspoof2019.LA.cm.dev.trl.txt
processed/validation/FAKE/LA_D_9491351_segment_001.wav,LA_D_9491351.flac,1,FAKE,LA_0078,validation,ASVspoof2019_LA,ASVspoof2019.LA.cm.dev.trl.txt
processed/validation/FAKE/LA_D_9491351_segment_002.wav,LA_D_9491351.flac,1,FAKE,LA_0078,validation,ASVspoof2019_LA,ASVspoof2019.LA.cm.dev.trl.txt
processed/validation/FAKE/LA_D_9626068_segment_001.wav,LA_D_9626068.flac,1,FAKE,LA_0073,validation,ASVspoof2019_LA,ASVspoof2019.LA.cm.dev.trl.txt
processed/validation/FAKE/LA_D_9864384_segment_001.wav,LA_D_9864384.flac,1,FAKE,LA_0076,validation,ASVspoof2019_LA,ASVspoof2019.LA.cm.dev.trl.txt
processed/validation/FAKE/LA_D_9897842_segment_001.wav,LA_D_9897842.flac,1,FAKE,LA_0075,validation,ASVspoof2019_LA,ASVspoof2019.LA.cm.dev.trl.txt
processed/validation/FAKE/LA_D_9897842_segment_002.wav,LA_D_9897842.flac,1,FAKE,LA_0075,validation,ASVspoof2019_LA,ASVspoof2019.LA.cm.dev.trl.txt
processed/validation/FAKE/LA_D_9935628_segment_001.wav,LA_D_9935628.flac,1,FAKE,LA_0071,validation,ASVspoof2019_LA,ASVspoof2019.LA.cm.dev.trl.txt
processed/validation/FAKE/LA_D_9965150_segment_001.wav,LA_D_9965150.flac,1,FAKE,LA_0075,validation,ASVspoof2019_LA,ASVspoof2019.LA.cm.dev.trl.txt
processed/validation/FAKE/LA_D_9965150_segment_002.wav,LA_D_9965150.flac,1,FAKE,LA_0075,validation,ASVspoof2019_LA,ASVspoof2019.LA.cm.dev.trl.txt
processed/validation/FAKE/LA_D_9973328_segment_001.wav,LA_D_9973328.flac,1,FAKE,LA_0074,validation,ASVspoof2019_LA,ASVspoof2019.LA.cm.dev.trl.txt
processed/validation/FAKE/LA_D_9973328_segment_002.wav,LA_D_9973328.flac,1,FAKE,LA_0074,validation,ASVspoof2019_LA,ASVspoof2019.LA.cm.dev.trl.txt
processed/validation/REAL/LA_D_1130470_segment_001.wav,LA_D_1130470.flac,0,REAL,LA_0072,validation,ASVspoof2019_LA,ASVspoof2019.LA.cm.dev.trl.txt
processed/validation/REAL/LA_D_1130470_segment_002.wav,LA_D_1130470.flac,0,REAL,LA_0072,validation,ASVspoof2019_LA,ASVspoof2019.LA.cm.dev.trl.txt
processed/validation/REAL/LA_D_1156906_segment_001.wav,LA_D_1156906.flac,0,REAL,LA_0072,validation,ASVspoof2019_LA,ASVspoof2019.LA.cm.dev.trl.txt
processed/validation/REAL/LA_D_1156906_segment_002.wav,LA_D_1156906.flac,0,REAL,LA_0072,validation,ASVspoof2019_LA,ASVspoof2019.LA.cm.dev.trl.txt
processed/validation/REAL/LA_D_1245754_segment_001.wav,LA_D_1245754.flac,0,REAL,LA_0099,validation,ASVspoof2019_LA,ASVspoof2019.LA.cm.dev.trl.txt
processed/validation/REAL/LA_D_1274098_segment_001.wav,LA_D_1274098.flac,0,REAL,LA_0075,validation,ASVspoof2019_LA,ASVspoof2019.LA.cm.dev.trl.txt
processed/validation/REAL/LA_D_1336215_segment_001.wav,LA_D_1336215.flac,0,REAL,LA_0103,validation,ASVspoof2019_LA,ASVspoof2019.LA.cm.dev.trl.txt
processed/validation/REAL/LA_D_1410704_segment_001.wav,LA_D_1410704.flac,0,REAL,LA_0101,validation,ASVspoof2019_LA,ASVspoof2019.LA.cm.dev.trl.txt
processed/validation/REAL/LA_D_1431487_segment_001.wav,LA_D_1431487.flac,0,REAL,LA_0078,validation,ASVspoof2019_LA,ASVspoof2019.LA.cm.dev.trl.txt
processed/validation/REAL/LA_D_1431487_segment_002.wav,LA_D_1431487.flac,0,REAL,LA_0078,validation,ASVspoof2019_LA,ASVspoof2019.LA.cm.dev.trl.txt
processed/validation/REAL/LA_D_1467031_segment_001.wav,LA_D_1467031.flac,0,REAL,LA_0104,validation,ASVspoof2019_LA,ASVspoof2019.LA.cm.dev.trl.txt
processed/validation/REAL/LA_D_1467031_segment_002.wav,LA_D_1467031.flac,0,REAL,LA_0104,validation,ASVspoof2019_LA,ASVspoof2019.LA.cm.dev.trl.txt
processed/validation/REAL/LA_D_1793763_segment_001.wav,LA_D_1793763.flac,0,REAL,LA_0107,validation,ASVspoof2019_LA,ASVspoof2019.LA.cm.dev.trl.txt
processed/validation/REAL/LA_D_1838177_segment_001.wav,LA_D_1838177.flac,0,REAL,LA_0103,validation,ASVspoof2019_LA,ASVspoof2019.LA.cm.dev.trl.txt
processed/validation/REAL/LA_D_1838177_segment_002.wav,LA_D_1838177.flac,0,REAL,LA_0103,validation,ASVspoof2019_LA,ASVspoof2019.LA.cm.dev.trl.txt
processed/validation/REAL/LA_D_1954410_segment_001.wav,LA_D_1954410.flac,0,REAL,LA_0100,validation,ASVspoof2019_LA,ASVspoof2019.LA.cm.dev.trl.txt
processed/validation/REAL/LA_D_1954410_segment_002.wav,LA_D_1954410.flac,0,REAL,LA_0100,validation,ASVspoof2019_LA,ASVspoof2019.LA.cm.dev.trl.txt
processed/validation/REAL/LA_D_1964638_segment_001.wav,LA_D_1964638.flac,0,REAL,LA_0074,validation,ASVspoof2019_LA,ASVspoof2019.LA.cm.dev.trl.txt
processed/validation/REAL/LA_D_1964638_segment_002.wav,LA_D_1964638.flac,0,REAL,LA_0074,validation,ASVspoof2019_LA,ASVspoof2019.LA.cm.dev.trl.txt
processed/validation/REAL/LA_D_1982159_segment_001.wav,LA_D_1982159.flac,0,REAL,LA_0100,validation,ASVspoof2019_LA,ASVspoof2019.LA.cm.dev.trl.txt
processed/validation/REAL/LA_D_1982159_segment_002.wav,LA_D_1982159.flac,0,REAL,LA_0100,validation,ASVspoof2019_LA,ASVspoof2019.LA.cm.dev.trl.txt
processed/validation/REAL/LA_D_1993949_segment_001.wav,LA_D_1993949.flac,0,REAL,LA_0070,validation,ASVspoof2019_LA,ASVspoof2019.LA.cm.dev.trl.txt
processed/validation/REAL/LA_D_1993949_segment_002.wav,LA_D_1993949.flac,0,REAL,LA_0070,validation,ASVspoof2019_LA,ASVspoof2019.LA.cm.dev.trl.txt
processed/validation/REAL/LA_D_2014243_segment_001.wav,LA_D_2014243.flac,0,REAL,LA_0078,validation,ASVspoof2019_LA,ASVspoof2019.LA.cm.dev.trl.txt
processed/validation/REAL/LA_D_2014243_segment_002.wav,LA_D_2014243.flac,0,REAL,LA_0078,validation,ASVspoof2019_LA,ASVspoof2019.LA.cm.dev.trl.txt
processed/validation/REAL/LA_D_2149963_segment_001.wav,LA_D_2149963.flac,0,REAL,LA_0070,validation,ASVspoof2019_LA,ASVspoof2019.LA.cm.dev.trl.txt
processed/validation/REAL/LA_D_2149963_segment_002.wav,LA_D_2149963.flac,0,REAL,LA_0070,validation,ASVspoof2019_LA,ASVspoof2019.LA.cm.dev.trl.txt
processed/validation/REAL/LA_D_2209839_segment_001.wav,LA_D_2209839.flac,0,REAL,LA_0077,validation,ASVspoof2019_LA,ASVspoof2019.LA.cm.dev.trl.txt
processed/validation/REAL/LA_D_2265315_segment_001.wav,LA_D_2265315.flac,0,REAL,LA_0106,validation,ASVspoof2019_LA,ASVspoof2019.LA.cm.dev.trl.txt
processed/validation/REAL/LA_D_2265315_segment_002.wav,LA_D_2265315.flac,0,REAL,LA_0106,validation,ASVspoof2019_LA,ASVspoof2019.LA.cm.dev.trl.txt
processed/validation/REAL/LA_D_2303609_segment_001.wav,LA_D_2303609.flac,0,REAL,LA_0073,validation,ASVspoof2019_LA,ASVspoof2019.LA.cm.dev.trl.txt
processed/validation/REAL/LA_D_2658188_segment_001.wav,LA_D_2658188.flac,0,REAL,LA_0077,validation,ASVspoof2019_LA,ASVspoof2019.LA.cm.dev.trl.txt
processed/validation/REAL/LA_D_2780780_segment_001.wav,LA_D_2780780.flac,0,REAL,LA_0099,validation,ASVspoof2019_LA,ASVspoof2019.LA.cm.dev.trl.txt
processed/validation/REAL/LA_D_2813154_segment_001.wav,LA_D_2813154.flac,0,REAL,LA_0100,validation,ASVspoof2019_LA,ASVspoof2019.LA.cm.dev.trl.txt
processed/validation/REAL/LA_D_2813154_segment_002.wav,LA_D_2813154.flac,0,REAL,LA_0100,validation,ASVspoof2019_LA,ASVspoof2019.LA.cm.dev.trl.txt
processed/validation/REAL/LA_D_2927307_segment_001.wav,LA_D_2927307.flac,0,REAL,LA_0103,validation,ASVspoof2019_LA,ASVspoof2019.LA.cm.dev.trl.txt
processed/validation/REAL/LA_D_2928658_segment_001.wav,LA_D_2928658.flac,0,REAL,LA_0077,validation,ASVspoof2019_LA,ASVspoof2019.LA.cm.dev.trl.txt
processed/validation/REAL/LA_D_2934981_segment_001.wav,LA_D_2934981.flac,0,REAL,LA_0071,validation,ASVspoof2019_LA,ASVspoof2019.LA.cm.dev.trl.txt
processed/validation/REAL/LA_D_2934981_segment_002.wav,LA_D_2934981.flac,0,REAL,LA_0071,validation,ASVspoof2019_LA,ASVspoof2019.LA.cm.dev.trl.txt
processed/validation/REAL/LA_D_2977892_segment_001.wav,LA_D_2977892.flac,0,REAL,LA_0101,validation,ASVspoof2019_LA,ASVspoof2019.LA.cm.dev.trl.txt
processed/validation/REAL/LA_D_2977892_segment_002.wav,LA_D_2977892.flac,0,REAL,LA_0101,validation,ASVspoof2019_LA,ASVspoof2019.LA.cm.dev.trl.txt
processed/validation/REAL/LA_D_2979011_segment_001.wav,LA_D_2979011.flac,0,REAL,LA_0101,validation,ASVspoof2019_LA,ASVspoof2019.LA.cm.dev.trl.txt
processed/validation/REAL/LA_D_2991667_segment_001.wav,LA_D_2991667.flac,0,REAL,LA_0073,validation,ASVspoof2019_LA,ASVspoof2019.LA.cm.dev.trl.txt
processed/validation/REAL/LA_D_2991667_segment_002.wav,LA_D_2991667.flac,0,REAL,LA_0073,validation,ASVspoof2019_LA,ASVspoof2019.LA.cm.dev.trl.txt
processed/validation/REAL/LA_D_3088159_segment_001.wav,LA_D_3088159.flac,0,REAL,LA_0075,validation,ASVspoof2019_LA,ASVspoof2019.LA.cm.dev.trl.txt
processed/validation/REAL/LA_D_3088159_segment_002.wav,LA_D_3088159.flac,0,REAL,LA_0075,validation,ASVspoof2019_LA,ASVspoof2019.LA.cm.dev.trl.txt
processed/validation/REAL/LA_D_3154368_segment_001.wav,LA_D_3154368.flac,0,REAL,LA_0072,validation,ASVspoof2019_LA,ASVspoof2019.LA.cm.dev.trl.txt
processed/validation/REAL/LA_D_3222569_segment_001.wav,LA_D_3222569.flac,0,REAL,LA_0103,validation,ASVspoof2019_LA,ASVspoof2019.LA.cm.dev.trl.txt
processed/validation/REAL/LA_D_3264952_segment_001.wav,LA_D_3264952.flac,0,REAL,LA_0070,validation,ASVspoof2019_LA,ASVspoof2019.LA.cm.dev.trl.txt
processed/validation/REAL/LA_D_3443703_segment_001.wav,LA_D_3443703.flac,0,REAL,LA_0073,validation,ASVspoof2019_LA,ASVspoof2019.LA.cm.dev.trl.txt
processed/validation/REAL/LA_D_3459809_segment_001.wav,LA_D_3459809.flac,0,REAL,LA_0070,validation,ASVspoof2019_LA,ASVspoof2019.LA.cm.dev.trl.txt
processed/validation/REAL/LA_D_3459809_segment_002.wav,LA_D_3459809.flac,0,REAL,LA_0070,validation,ASVspoof2019_LA,ASVspoof2019.LA.cm.dev.trl.txt
processed/validation/REAL/LA_D_3547565_segment_001.wav,LA_D_3547565.flac,0,REAL,LA_0069,validation,ASVspoof2019_LA,ASVspoof2019.LA.cm.dev.trl.txt
processed/validation/REAL/LA_D_3547565_segment_002.wav,LA_D_3547565.flac,0,REAL,LA_0069,validation,ASVspoof2019_LA,ASVspoof2019.LA.cm.dev.trl.txt
processed/validation/REAL/LA_D_3548515_segment_001.wav,LA_D_3548515.flac,0,REAL,LA_0076,validation,ASVspoof2019_LA,ASVspoof2019.LA.cm.dev.trl.txt
processed/validation/REAL/LA_D_3552967_segment_001.wav,LA_D_3552967.flac,0,REAL,LA_0069,validation,ASVspoof2019_LA,ASVspoof2019.LA.cm.dev.trl.txt
processed/validation/REAL/LA_D_3552967_segment_002.wav,LA_D_3552967.flac,0,REAL,LA_0069,validation,ASVspoof2019_LA,ASVspoof2019.LA.cm.dev.trl.txt
processed/validation/REAL/LA_D_3567303_segment_001.wav,LA_D_3567303.flac,0,REAL,LA_0078,validation,ASVspoof2019_LA,ASVspoof2019.LA.cm.dev.trl.txt
processed/validation/REAL/LA_D_3567303_segment_002.wav,LA_D_3567303.flac,0,REAL,LA_0078,validation,ASVspoof2019_LA,ASVspoof2019.LA.cm.dev.trl.txt
processed/validation/REAL/LA_D_3652642_segment_001.wav,LA_D_3652642.flac,0,REAL,LA_0099,validation,ASVspoof2019_LA,ASVspoof2019.LA.cm.dev.trl.txt
processed/validation/REAL/LA_D_3652642_segment_002.wav,LA_D_3652642.flac,0,REAL,LA_0099,validation,ASVspoof2019_LA,ASVspoof2019.LA.cm.dev.trl.txt
processed/validation/REAL/LA_D_3669578_segment_001.wav,LA_D_3669578.flac,0,REAL,LA_0105,validation,ASVspoof2019_LA,ASVspoof2019.LA.cm.dev.trl.txt
processed/validation/REAL/LA_D_3727888_segment_001.wav,LA_D_3727888.flac,0,REAL,LA_0078,validation,ASVspoof2019_LA,ASVspoof2019.LA.cm.dev.trl.txt
processed/validation/REAL/LA_D_3727888_segment_002.wav,LA_D_3727888.flac,0,REAL,LA_0078,validation,ASVspoof2019_LA,ASVspoof2019.LA.cm.dev.trl.txt
processed/validation/REAL/LA_D_3761724_segment_001.wav,LA_D_3761724.flac,0,REAL,LA_0103,validation,ASVspoof2019_LA,ASVspoof2019.LA.cm.dev.trl.txt
processed/validation/REAL/LA_D_3761724_segment_002.wav,LA_D_3761724.flac,0,REAL,LA_0103,validation,ASVspoof2019_LA,ASVspoof2019.LA.cm.dev.trl.txt
processed/validation/REAL/LA_D_3765509_segment_001.wav,LA_D_3765509.flac,0,REAL,LA_0100,validation,ASVspoof2019_LA,ASVspoof2019.LA.cm.dev.trl.txt
processed/validation/REAL/LA_D_3765509_segment_002.wav,LA_D_3765509.flac,0,REAL,LA_0100,validation,ASVspoof2019_LA,ASVspoof2019.LA.cm.dev.trl.txt
processed/validation/REAL/LA_D_4235390_segment_001.wav,LA_D_4235390.flac,0,REAL,LA_0108,validation,ASVspoof2019_LA,ASVspoof2019.LA.cm.dev.trl.txt
processed/validation/REAL/LA_D_4235390_segment_002.wav,LA_D_4235390.flac,0,REAL,LA_0108,validation,ASVspoof2019_LA,ASVspoof2019.LA.cm.dev.trl.txt
processed/validation/REAL/LA_D_4331249_segment_001.wav,LA_D_4331249.flac,0,REAL,LA_0099,validation,ASVspoof2019_LA,ASVspoof2019.LA.cm.dev.trl.txt
processed/validation/REAL/LA_D_4331249_segment_002.wav,LA_D_4331249.flac,0,REAL,LA_0099,validation,ASVspoof2019_LA,ASVspoof2019.LA.cm.dev.trl.txt
processed/validation/REAL/LA_D_4371142_segment_001.wav,LA_D_4371142.flac,0,REAL,LA_0072,validation,ASVspoof2019_LA,ASVspoof2019.LA.cm.dev.trl.txt
processed/validation/REAL/LA_D_4411754_segment_001.wav,LA_D_4411754.flac,0,REAL,LA_0074,validation,ASVspoof2019_LA,ASVspoof2019.LA.cm.dev.trl.txt
processed/validation/REAL/LA_D_4411754_segment_002.wav,LA_D_4411754.flac,0,REAL,LA_0074,validation,ASVspoof2019_LA,ASVspoof2019.LA.cm.dev.trl.txt
processed/validation/REAL/LA_D_4433602_segment_001.wav,LA_D_4433602.flac,0,REAL,LA_0102,validation,ASVspoof2019_LA,ASVspoof2019.LA.cm.dev.trl.txt
processed/validation/REAL/LA_D_4433602_segment_002.wav,LA_D_4433602.flac,0,REAL,LA_0102,validation,ASVspoof2019_LA,ASVspoof2019.LA.cm.dev.trl.txt
processed/validation/REAL/LA_D_4511951_segment_001.wav,LA_D_4511951.flac,0,REAL,LA_0069,validation,ASVspoof2019_LA,ASVspoof2019.LA.cm.dev.trl.txt
processed/validation/REAL/LA_D_4511951_segment_002.wav,LA_D_4511951.flac,0,REAL,LA_0069,validation,ASVspoof2019_LA,ASVspoof2019.LA.cm.dev.trl.txt
processed/validation/REAL/LA_D_4552327_segment_001.wav,LA_D_4552327.flac,0,REAL,LA_0074,validation,ASVspoof2019_LA,ASVspoof2019.LA.cm.dev.trl.txt
processed/validation/REAL/LA_D_4631592_segment_001.wav,LA_D_4631592.flac,0,REAL,LA_0077,validation,ASVspoof2019_LA,ASVspoof2019.LA.cm.dev.trl.txt
processed/validation/REAL/LA_D_4631592_segment_002.wav,LA_D_4631592.flac,0,REAL,LA_0077,validation,ASVspoof2019_LA,ASVspoof2019.LA.cm.dev.trl.txt
processed/validation/REAL/LA_D_4675196_segment_001.wav,LA_D_4675196.flac,0,REAL,LA_0075,validation,ASVspoof2019_LA,ASVspoof2019.LA.cm.dev.trl.txt
processed/validation/REAL/LA_D_4675196_segment_002.wav,LA_D_4675196.flac,0,REAL,LA_0075,validation,ASVspoof2019_LA,ASVspoof2019.LA.cm.dev.trl.txt
processed/validation/REAL/LA_D_4789150_segment_001.wav,LA_D_4789150.flac,0,REAL,LA_0070,validation,ASVspoof2019_LA,ASVspoof2019.LA.cm.dev.trl.txt
processed/validation/REAL/LA_D_4789150_segment_002.wav,LA_D_4789150.flac,0,REAL,LA_0070,validation,ASVspoof2019_LA,ASVspoof2019.LA.cm.dev.trl.txt
processed/validation/REAL/LA_D_4811625_segment_001.wav,LA_D_4811625.flac,0,REAL,LA_0105,validation,ASVspoof2019_LA,ASVspoof2019.LA.cm.dev.trl.txt
processed/validation/REAL/LA_D_4811625_segment_002.wav,LA_D_4811625.flac,0,REAL,LA_0105,validation,ASVspoof2019_LA,ASVspoof2019.LA.cm.dev.trl.txt
processed/validation/REAL/LA_D_4813520_segment_001.wav,LA_D_4813520.flac,0,REAL,LA_0071,validation,ASVspoof2019_LA,ASVspoof2019.LA.cm.dev.trl.txt
processed/validation/REAL/LA_D_4814376_segment_001.wav,LA_D_4814376.flac,0,REAL,LA_0104,validation,ASVspoof2019_LA,ASVspoof2019.LA.cm.dev.trl.txt
processed/validation/REAL/LA_D_4814376_segment_002.wav,LA_D_4814376.flac,0,REAL,LA_0104,validation,ASVspoof2019_LA,ASVspoof2019.LA.cm.dev.trl.txt
processed/validation/REAL/LA_D_4876634_segment_001.wav,LA_D_4876634.flac,0,REAL,LA_0102,validation,ASVspoof2019_LA,ASVspoof2019.LA.cm.dev.trl.txt
processed/validation/REAL/LA_D_4876634_segment_002.wav,LA_D_4876634.flac,0,REAL,LA_0102,validation,ASVspoof2019_LA,ASVspoof2019.LA.cm.dev.trl.txt
processed/validation/REAL/LA_D_4962492_segment_001.wav,LA_D_4962492.flac,0,REAL,LA_0076,validation,ASVspoof2019_LA,ASVspoof2019.LA.cm.dev.trl.txt
processed/validation/REAL/LA_D_4962492_segment_002.wav,LA_D_4962492.flac,0,REAL,LA_0076,validation,ASVspoof2019_LA,ASVspoof2019.LA.cm.dev.trl.txt
processed/validation/REAL/LA_D_5037208_segment_001.wav,LA_D_5037208.flac,0,REAL,LA_0102,validation,ASVspoof2019_LA,ASVspoof2019.LA.cm.dev.trl.txt
processed/validation/REAL/LA_D_5037208_segment_002.wav,LA_D_5037208.flac,0,REAL,LA_0102,validation,ASVspoof2019_LA,ASVspoof2019.LA.cm.dev.trl.txt
processed/validation/REAL/LA_D_5158638_segment_001.wav,LA_D_5158638.flac,0,REAL,LA_0073,validation,ASVspoof2019_LA,ASVspoof2019.LA.cm.dev.trl.txt
processed/validation/REAL/LA_D_5158638_segment_002.wav,LA_D_5158638.flac,0,REAL,LA_0073,validation,ASVspoof2019_LA,ASVspoof2019.LA.cm.dev.trl.txt
processed/validation/REAL/LA_D_5185995_segment_001.wav,LA_D_5185995.flac,0,REAL,LA_0103,validation,ASVspoof2019_LA,ASVspoof2019.LA.cm.dev.trl.txt
processed/validation/REAL/LA_D_5197000_segment_001.wav,LA_D_5197000.flac,0,REAL,LA_0105,validation,ASVspoof2019_LA,ASVspoof2019.LA.cm.dev.trl.txt
processed/validation/REAL/LA_D_5255870_segment_001.wav,LA_D_5255870.flac,0,REAL,LA_0069,validation,ASVspoof2019_LA,ASVspoof2019.LA.cm.dev.trl.txt
processed/validation/REAL/LA_D_5255870_segment_002.wav,LA_D_5255870.flac,0,REAL,LA_0069,validation,ASVspoof2019_LA,ASVspoof2019.LA.cm.dev.trl.txt
processed/validation/REAL/LA_D_5260084_segment_001.wav,LA_D_5260084.flac,0,REAL,LA_0076,validation,ASVspoof2019_LA,ASVspoof2019.LA.cm.dev.trl.txt
processed/validation/REAL/LA_D_5260084_segment_002.wav,LA_D_5260084.flac,0,REAL,LA_0076,validation,ASVspoof2019_LA,ASVspoof2019.LA.cm.dev.trl.txt
processed/validation/REAL/LA_D_5324608_segment_001.wav,LA_D_5324608.flac,0,REAL,LA_0069,validation,ASVspoof2019_LA,ASVspoof2019.LA.cm.dev.trl.txt
processed/validation/REAL/LA_D_5324608_segment_002.wav,LA_D_5324608.flac,0,REAL,LA_0069,validation,ASVspoof2019_LA,ASVspoof2019.LA.cm.dev.trl.txt
processed/validation/REAL/LA_D_5734480_segment_001.wav,LA_D_5734480.flac,0,REAL,LA_0074,validation,ASVspoof2019_LA,ASVspoof2019.LA.cm.dev.trl.txt
processed/validation/REAL/LA_D_5734480_segment_002.wav,LA_D_5734480.flac,0,REAL,LA_0074,validation,ASVspoof2019_LA,ASVspoof2019.LA.cm.dev.trl.txt
processed/validation/REAL/LA_D_5759383_segment_001.wav,LA_D_5759383.flac,0,REAL,LA_0073,validation,ASVspoof2019_LA,ASVspoof2019.LA.cm.dev.trl.txt
processed/validation/REAL/LA_D_5759383_segment_002.wav,LA_D_5759383.flac,0,REAL,LA_0073,validation,ASVspoof2019_LA,ASVspoof2019.LA.cm.dev.trl.txt
processed/validation/REAL/LA_D_6150120_segment_001.wav,LA_D_6150120.flac,0,REAL,LA_0070,validation,ASVspoof2019_LA,ASVspoof2019.LA.cm.dev.trl.txt
processed/validation/REAL/LA_D_6211330_segment_001.wav,LA_D_6211330.flac,0,REAL,LA_0072,validation,ASVspoof2019_LA,ASVspoof2019.LA.cm.dev.trl.txt
processed/validation/REAL/LA_D_6458898_segment_001.wav,LA_D_6458898.flac,0,REAL,LA_0070,validation,ASVspoof2019_LA,ASVspoof2019.LA.cm.dev.trl.txt
processed/validation/REAL/LA_D_6458898_segment_002.wav,LA_D_6458898.flac,0,REAL,LA_0070,validation,ASVspoof2019_LA,ASVspoof2019.LA.cm.dev.trl.txt
processed/validation/REAL/LA_D_6499603_segment_001.wav,LA_D_6499603.flac,0,REAL,LA_0073,validation,ASVspoof2019_LA,ASVspoof2019.LA.cm.dev.trl.txt
processed/validation/REAL/LA_D_6499603_segment_002.wav,LA_D_6499603.flac,0,REAL,LA_0073,validation,ASVspoof2019_LA,ASVspoof2019.LA.cm.dev.trl.txt
processed/validation/REAL/LA_D_6716159_segment_001.wav,LA_D_6716159.flac,0,REAL,LA_0106,validation,ASVspoof2019_LA,ASVspoof2019.LA.cm.dev.trl.txt
processed/validation/REAL/LA_D_6716159_segment_002.wav,LA_D_6716159.flac,0,REAL,LA_0106,validation,ASVspoof2019_LA,ASVspoof2019.LA.cm.dev.trl.txt
processed/validation/REAL/LA_D_6787225_segment_001.wav,LA_D_6787225.flac,0,REAL,LA_0075,validation,ASVspoof2019_LA,ASVspoof2019.LA.cm.dev.trl.txt
processed/validation/REAL/LA_D_6787225_segment_002.wav,LA_D_6787225.flac,0,REAL,LA_0075,validation,ASVspoof2019_LA,ASVspoof2019.LA.cm.dev.trl.txt
processed/validation/REAL/LA_D_6795264_segment_001.wav,LA_D_6795264.flac,0,REAL,LA_0106,validation,ASVspoof2019_LA,ASVspoof2019.LA.cm.dev.trl.txt
processed/validation/REAL/LA_D_6795264_segment_002.wav,LA_D_6795264.flac,0,REAL,LA_0106,validation,ASVspoof2019_LA,ASVspoof2019.LA.cm.dev.trl.txt
processed/validation/REAL/LA_D_6818564_segment_001.wav,LA_D_6818564.flac,0,REAL,LA_0070,validation,ASVspoof2019_LA,ASVspoof2019.LA.cm.dev.trl.txt
processed/validation/REAL/LA_D_6818564_segment_002.wav,LA_D_6818564.flac,0,REAL,LA_0070,validation,ASVspoof2019_LA,ASVspoof2019.LA.cm.dev.trl.txt
processed/validation/REAL/LA_D_6831922_segment_001.wav,LA_D_6831922.flac,0,REAL,LA_0078,validation,ASVspoof2019_LA,ASVspoof2019.LA.cm.dev.trl.txt
processed/validation/REAL/LA_D_7123406_segment_001.wav,LA_D_7123406.flac,0,REAL,LA_0073,validation,ASVspoof2019_LA,ASVspoof2019.LA.cm.dev.trl.txt
processed/validation/REAL/LA_D_7123406_segment_002.wav,LA_D_7123406.flac,0,REAL,LA_0073,validation,ASVspoof2019_LA,ASVspoof2019.LA.cm.dev.trl.txt
processed/validation/REAL/LA_D_7164376_segment_001.wav,LA_D_7164376.flac,0,REAL,LA_0071,validation,ASVspoof2019_LA,ASVspoof2019.LA.cm.dev.trl.txt
processed/validation/REAL/LA_D_7164376_segment_002.wav,LA_D_7164376.flac,0,REAL,LA_0071,validation,ASVspoof2019_LA,ASVspoof2019.LA.cm.dev.trl.txt
processed/validation/REAL/LA_D_7172970_segment_001.wav,LA_D_7172970.flac,0,REAL,LA_0070,validation,ASVspoof2019_LA,ASVspoof2019.LA.cm.dev.trl.txt
processed/validation/REAL/LA_D_7172970_segment_002.wav,LA_D_7172970.flac,0,REAL,LA_0070,validation,ASVspoof2019_LA,ASVspoof2019.LA.cm.dev.trl.txt
processed/validation/REAL/LA_D_7534463_segment_001.wav,LA_D_7534463.flac,0,REAL,LA_0070,validation,ASVspoof2019_LA,ASVspoof2019.LA.cm.dev.trl.txt
processed/validation/REAL/LA_D_7534463_segment_002.wav,LA_D_7534463.flac,0,REAL,LA_0070,validation,ASVspoof2019_LA,ASVspoof2019.LA.cm.dev.trl.txt
processed/validation/REAL/LA_D_7718050_segment_001.wav,LA_D_7718050.flac,0,REAL,LA_0105,validation,ASVspoof2019_LA,ASVspoof2019.LA.cm.dev.trl.txt
processed/validation/REAL/LA_D_7718050_segment_002.wav,LA_D_7718050.flac,0,REAL,LA_0105,validation,ASVspoof2019_LA,ASVspoof2019.LA.cm.dev.trl.txt
processed/validation/REAL/LA_D_7730769_segment_001.wav,LA_D_7730769.flac,0,REAL,LA_0102,validation,ASVspoof2019_LA,ASVspoof2019.LA.cm.dev.trl.txt
processed/validation/REAL/LA_D_7730769_segment_002.wav,LA_D_7730769.flac,0,REAL,LA_0102,validation,ASVspoof2019_LA,ASVspoof2019.LA.cm.dev.trl.txt
processed/validation/REAL/LA_D_8008117_segment_001.wav,LA_D_8008117.flac,0,REAL,LA_0107,validation,ASVspoof2019_LA,ASVspoof2019.LA.cm.dev.trl.txt
processed/validation/REAL/LA_D_8008117_segment_002.wav,LA_D_8008117.flac,0,REAL,LA_0107,validation,ASVspoof2019_LA,ASVspoof2019.LA.cm.dev.trl.txt
processed/validation/REAL/LA_D_8043080_segment_001.wav,LA_D_8043080.flac,0,REAL,LA_0073,validation,ASVspoof2019_LA,ASVspoof2019.LA.cm.dev.trl.txt
processed/validation/REAL/LA_D_8061400_segment_001.wav,LA_D_8061400.flac,0,REAL,LA_0108,validation,ASVspoof2019_LA,ASVspoof2019.LA.cm.dev.trl.txt
processed/validation/REAL/LA_D_8061400_segment_002.wav,LA_D_8061400.flac,0,REAL,LA_0108,validation,ASVspoof2019_LA,ASVspoof2019.LA.cm.dev.trl.txt
processed/validation/REAL/LA_D_8110718_segment_001.wav,LA_D_8110718.flac,0,REAL,LA_0104,validation,ASVspoof2019_LA,ASVspoof2019.LA.cm.dev.trl.txt
processed/validation/REAL/LA_D_8110718_segment_002.wav,LA_D_8110718.flac,0,REAL,LA_0104,validation,ASVspoof2019_LA,ASVspoof2019.LA.cm.dev.trl.txt
processed/validation/REAL/LA_D_8197621_segment_001.wav,LA_D_8197621.flac,0,REAL,LA_0075,validation,ASVspoof2019_LA,ASVspoof2019.LA.cm.dev.trl.txt
processed/validation/REAL/LA_D_8633579_segment_001.wav,LA_D_8633579.flac,0,REAL,LA_0078,validation,ASVspoof2019_LA,ASVspoof2019.LA.cm.dev.trl.txt
processed/validation/REAL/LA_D_8633579_segment_002.wav,LA_D_8633579.flac,0,REAL,LA_0078,validation,ASVspoof2019_LA,ASVspoof2019.LA.cm.dev.trl.txt
processed/validation/REAL/LA_D_8672684_segment_001.wav,LA_D_8672684.flac,0,REAL,LA_0071,validation,ASVspoof2019_LA,ASVspoof2019.LA.cm.dev.trl.txt
processed/validation/REAL/LA_D_8688425_segment_001.wav,LA_D_8688425.flac,0,REAL,LA_0078,validation,ASVspoof2019_LA,ASVspoof2019.LA.cm.dev.trl.txt
processed/validation/REAL/LA_D_8688425_segment_002.wav,LA_D_8688425.flac,0,REAL,LA_0078,validation,ASVspoof2019_LA,ASVspoof2019.LA.cm.dev.trl.txt
processed/validation/REAL/LA_D_8892065_segment_001.wav,LA_D_8892065.flac,0,REAL,LA_0075,validation,ASVspoof2019_LA,ASVspoof2019.LA.cm.dev.trl.txt
processed/validation/REAL/LA_D_8986360_segment_001.wav,LA_D_8986360.flac,0,REAL,LA_0106,validation,ASVspoof2019_LA,ASVspoof2019.LA.cm.dev.trl.txt
processed/validation/REAL/LA_D_8986360_segment_002.wav,LA_D_8986360.flac,0,REAL,LA_0106,validation,ASVspoof2019_LA,ASVspoof2019.LA.cm.dev.trl.txt
processed/validation/REAL/LA_D_9026368_segment_001.wav,LA_D_9026368.flac,0,REAL,LA_0104,validation,ASVspoof2019_LA,ASVspoof2019.LA.cm.dev.trl.txt
processed/validation/REAL/LA_D_9026368_segment_002.wav,LA_D_9026368.flac,0,REAL,LA_0104,validation,ASVspoof2019_LA,ASVspoof2019.LA.cm.dev.trl.txt
processed/validation/REAL/LA_D_9159907_segment_001.wav,LA_D_9159907.flac,0,REAL,LA_0074,validation,ASVspoof2019_LA,ASVspoof2019.LA.cm.dev.trl.txt
processed/validation/REAL/LA_D_9159907_segment_002.wav,LA_D_9159907.flac,0,REAL,LA_0074,validation,ASVspoof2019_LA,ASVspoof2019.LA.cm.dev.trl.txt
processed/validation/REAL/LA_D_9184655_segment_001.wav,LA_D_9184655.flac,0,REAL,LA_0076,validation,ASVspoof2019_LA,ASVspoof2019.LA.cm.dev.trl.txt
processed/validation/REAL/LA_D_9184655_segment_002.wav,LA_D_9184655.flac,0,REAL,LA_0076,validation,ASVspoof2019_LA,ASVspoof2019.LA.cm.dev.trl.txt
processed/validation/REAL/LA_D_9429134_segment_001.wav,LA_D_9429134.flac,0,REAL,LA_0075,validation,ASVspoof2019_LA,ASVspoof2019.LA.cm.dev.trl.txt
processed/validation/REAL/LA_D_9460592_segment_001.wav,LA_D_9460592.flac,0,REAL,LA_0074,validation,ASVspoof2019_LA,ASVspoof2019.LA.cm.dev.trl.txt
processed/validation/REAL/LA_D_9460592_segment_002.wav,LA_D_9460592.flac,0,REAL,LA_0074,validation,ASVspoof2019_LA,ASVspoof2019.LA.cm.dev.trl.txt
processed/validation/REAL/LA_D_9706957_segment_001.wav,LA_D_9706957.flac,0,REAL,LA_0102,validation,ASVspoof2019_LA,ASVspoof2019.LA.cm.dev.trl.txt
processed/validation/REAL/LA_D_9706957_segment_002.wav,LA_D_9706957.flac,0,REAL,LA_0102,validation,ASVspoof2019_LA,ASVspoof2019.LA.cm.dev.trl.txt
processed/validation/REAL/LA_D_9780696_segment_001.wav,LA_D_9780696.flac,0,REAL,LA_0071,validation,ASVspoof2019_LA,ASVspoof2019.LA.cm.dev.trl.txt
processed/validation/REAL/LA_D_9837717_segment_001.wav,LA_D_9837717.flac,0,REAL,LA_0075,validation,ASVspoof2019_LA,ASVspoof2019.LA.cm.dev.trl.txt
processed/test/FAKE/LA_E_1009640_segment_001.wav,LA_E_1009640.flac,1,FAKE,LA_0037,test,ASVspoof2019_LA,ASVspoof2019.LA.cm.eval.trl.txt
processed/test/FAKE/LA_E_1019903_segment_001.wav,LA_E_1019903.flac,1,FAKE,LA_0035,test,ASVspoof2019_LA,ASVspoof2019.LA.cm.eval.trl.txt
processed/test/FAKE/LA_E_1019903_segment_002.wav,LA_E_1019903.flac,1,FAKE,LA_0035,test,ASVspoof2019_LA,ASVspoof2019.LA.cm.eval.trl.txt
processed/test/FAKE/LA_E_1068487_segment_001.wav,LA_E_1068487.flac,1,FAKE,LA_0016,test,ASVspoof2019_LA,ASVspoof2019.LA.cm.eval.trl.txt
processed/test/FAKE/LA_E_1120396_segment_001.wav,LA_E_1120396.flac,1,FAKE,LA_0037,test,ASVspoof2019_LA,ASVspoof2019.LA.cm.eval.trl.txt
processed/test/FAKE/LA_E_1120396_segment_002.wav,LA_E_1120396.flac,1,FAKE,LA_0037,test,ASVspoof2019_LA,ASVspoof2019.LA.cm.eval.trl.txt
processed/test/FAKE/LA_E_1125899_segment_001.wav,LA_E_1125899.flac,1,FAKE,LA_0014,test,ASVspoof2019_LA,ASVspoof2019.LA.cm.eval.trl.txt
processed/test/FAKE/LA_E_1125899_segment_002.wav,LA_E_1125899.flac,1,FAKE,LA_0014,test,ASVspoof2019_LA,ASVspoof2019.LA.cm.eval.trl.txt
processed/test/FAKE/LA_E_1251195_segment_001.wav,LA_E_1251195.flac,1,FAKE,LA_0006,test,ASVspoof2019_LA,ASVspoof2019.LA.cm.eval.trl.txt
processed/test/FAKE/LA_E_1290731_segment_001.wav,LA_E_1290731.flac,1,FAKE,LA_0011,test,ASVspoof2019_LA,ASVspoof2019.LA.cm.eval.trl.txt
processed/test/FAKE/LA_E_1290731_segment_002.wav,LA_E_1290731.flac,1,FAKE,LA_0011,test,ASVspoof2019_LA,ASVspoof2019.LA.cm.eval.trl.txt
processed/test/FAKE/LA_E_1330013_segment_001.wav,LA_E_1330013.flac,1,FAKE,LA_0022,test,ASVspoof2019_LA,ASVspoof2019.LA.cm.eval.trl.txt
processed/test/FAKE/LA_E_1359779_segment_001.wav,LA_E_1359779.flac,1,FAKE,LA_0017,test,ASVspoof2019_LA,ASVspoof2019.LA.cm.eval.trl.txt
processed/test/FAKE/LA_E_1359779_segment_002.wav,LA_E_1359779.flac,1,FAKE,LA_0017,test,ASVspoof2019_LA,ASVspoof2019.LA.cm.eval.trl.txt
processed/test/FAKE/LA_E_1381992_segment_001.wav,LA_E_1381992.flac,1,FAKE,LA_0020,test,ASVspoof2019_LA,ASVspoof2019.LA.cm.eval.trl.txt
processed/test/FAKE/LA_E_1381992_segment_002.wav,LA_E_1381992.flac,1,FAKE,LA_0020,test,ASVspoof2019_LA,ASVspoof2019.LA.cm.eval.trl.txt
processed/test/FAKE/LA_E_1439706_segment_001.wav,LA_E_1439706.flac,1,FAKE,LA_0011,test,ASVspoof2019_LA,ASVspoof2019.LA.cm.eval.trl.txt
processed/test/FAKE/LA_E_1439706_segment_002.wav,LA_E_1439706.flac,1,FAKE,LA_0011,test,ASVspoof2019_LA,ASVspoof2019.LA.cm.eval.trl.txt
processed/test/FAKE/LA_E_1631584_segment_001.wav,LA_E_1631584.flac,1,FAKE,LA_0046,test,ASVspoof2019_LA,ASVspoof2019.LA.cm.eval.trl.txt
processed/test/FAKE/LA_E_1760881_segment_001.wav,LA_E_1760881.flac,1,FAKE,LA_0035,test,ASVspoof2019_LA,ASVspoof2019.LA.cm.eval.trl.txt
processed/test/FAKE/LA_E_1839822_segment_001.wav,LA_E_1839822.flac,1,FAKE,LA_0002,test,ASVspoof2019_LA,ASVspoof2019.LA.cm.eval.trl.txt
processed/test/FAKE/LA_E_1839822_segment_002.wav,LA_E_1839822.flac,1,FAKE,LA_0002,test,ASVspoof2019_LA,ASVspoof2019.LA.cm.eval.trl.txt
processed/test/FAKE/LA_E_1839822_segment_003.wav,LA_E_1839822.flac,1,FAKE,LA_0002,test,ASVspoof2019_LA,ASVspoof2019.LA.cm.eval.trl.txt
processed/test/FAKE/LA_E_2222897_segment_001.wav,LA_E_2222897.flac,1,FAKE,LA_0039,test,ASVspoof2019_LA,ASVspoof2019.LA.cm.eval.trl.txt
processed/test/FAKE/LA_E_2252611_segment_001.wav,LA_E_2252611.flac,1,FAKE,LA_0022,test,ASVspoof2019_LA,ASVspoof2019.LA.cm.eval.trl.txt
processed/test/FAKE/LA_E_2252611_segment_002.wav,LA_E_2252611.flac,1,FAKE,LA_0022,test,ASVspoof2019_LA,ASVspoof2019.LA.cm.eval.trl.txt
processed/test/FAKE/LA_E_2300971_segment_001.wav,LA_E_2300971.flac,1,FAKE,LA_0011,test,ASVspoof2019_LA,ASVspoof2019.LA.cm.eval.trl.txt
processed/test/FAKE/LA_E_2300971_segment_002.wav,LA_E_2300971.flac,1,FAKE,LA_0011,test,ASVspoof2019_LA,ASVspoof2019.LA.cm.eval.trl.txt
processed/test/FAKE/LA_E_2342346_segment_001.wav,LA_E_2342346.flac,1,FAKE,LA_0014,test,ASVspoof2019_LA,ASVspoof2019.LA.cm.eval.trl.txt
processed/test/FAKE/LA_E_2375508_segment_001.wav,LA_E_2375508.flac,1,FAKE,LA_0020,test,ASVspoof2019_LA,ASVspoof2019.LA.cm.eval.trl.txt
processed/test/FAKE/LA_E_2387062_segment_001.wav,LA_E_2387062.flac,1,FAKE,LA_0014,test,ASVspoof2019_LA,ASVspoof2019.LA.cm.eval.trl.txt
processed/test/FAKE/LA_E_2434372_segment_001.wav,LA_E_2434372.flac,1,FAKE,LA_0002,test,ASVspoof2019_LA,ASVspoof2019.LA.cm.eval.trl.txt
processed/test/FAKE/LA_E_2434372_segment_002.wav,LA_E_2434372.flac,1,FAKE,LA_0002,test,ASVspoof2019_LA,ASVspoof2019.LA.cm.eval.trl.txt
processed/test/FAKE/LA_E_2796337_segment_001.wav,LA_E_2796337.flac,1,FAKE,LA_0004,test,ASVspoof2019_LA,ASVspoof2019.LA.cm.eval.trl.txt
processed/test/FAKE/LA_E_2796337_segment_002.wav,LA_E_2796337.flac,1,FAKE,LA_0004,test,ASVspoof2019_LA,ASVspoof2019.LA.cm.eval.trl.txt
processed/test/FAKE/LA_E_3158386_segment_001.wav,LA_E_3158386.flac,1,FAKE,LA_0039,test,ASVspoof2019_LA,ASVspoof2019.LA.cm.eval.trl.txt
processed/test/FAKE/LA_E_3158386_segment_002.wav,LA_E_3158386.flac,1,FAKE,LA_0039,test,ASVspoof2019_LA,ASVspoof2019.LA.cm.eval.trl.txt
processed/test/FAKE/LA_E_3255325_segment_001.wav,LA_E_3255325.flac,1,FAKE,LA_0020,test,ASVspoof2019_LA,ASVspoof2019.LA.cm.eval.trl.txt
processed/test/FAKE/LA_E_3258852_segment_001.wav,LA_E_3258852.flac,1,FAKE,LA_0016,test,ASVspoof2019_LA,ASVspoof2019.LA.cm.eval.trl.txt
processed/test/FAKE/LA_E_3498655_segment_001.wav,LA_E_3498655.flac,1,FAKE,LA_0035,test,ASVspoof2019_LA,ASVspoof2019.LA.cm.eval.trl.txt
processed/test/FAKE/LA_E_3675565_segment_001.wav,LA_E_3675565.flac,1,FAKE,LA_0043,test,ASVspoof2019_LA,ASVspoof2019.LA.cm.eval.trl.txt
processed/test/FAKE/LA_E_3675565_segment_002.wav,LA_E_3675565.flac,1,FAKE,LA_0043,test,ASVspoof2019_LA,ASVspoof2019.LA.cm.eval.trl.txt
processed/test/FAKE/LA_E_3675565_segment_003.wav,LA_E_3675565.flac,1,FAKE,LA_0043,test,ASVspoof2019_LA,ASVspoof2019.LA.cm.eval.trl.txt
processed/test/FAKE/LA_E_3819623_segment_001.wav,LA_E_3819623.flac,1,FAKE,LA_0020,test,ASVspoof2019_LA,ASVspoof2019.LA.cm.eval.trl.txt
processed/test/FAKE/LA_E_3837364_segment_001.wav,LA_E_3837364.flac,1,FAKE,LA_0041,test,ASVspoof2019_LA,ASVspoof2019.LA.cm.eval.trl.txt
processed/test/FAKE/LA_E_3837364_segment_002.wav,LA_E_3837364.flac,1,FAKE,LA_0041,test,ASVspoof2019_LA,ASVspoof2019.LA.cm.eval.trl.txt
processed/test/FAKE/LA_E_3837880_segment_001.wav,LA_E_3837880.flac,1,FAKE,LA_0009,test,ASVspoof2019_LA,ASVspoof2019.LA.cm.eval.trl.txt
processed/test/FAKE/LA_E_3932423_segment_001.wav,LA_E_3932423.flac,1,FAKE,LA_0033,test,ASVspoof2019_LA,ASVspoof2019.LA.cm.eval.trl.txt
processed/test/FAKE/LA_E_3984224_segment_001.wav,LA_E_3984224.flac,1,FAKE,LA_0022,test,ASVspoof2019_LA,ASVspoof2019.LA.cm.eval.trl.txt
processed/test/FAKE/LA_E_3984224_segment_002.wav,LA_E_3984224.flac,1,FAKE,LA_0022,test,ASVspoof2019_LA,ASVspoof2019.LA.cm.eval.trl.txt
processed/test/FAKE/LA_E_4007361_segment_001.wav,LA_E_4007361.flac,1,FAKE,LA_0035,test,ASVspoof2019_LA,ASVspoof2019.LA.cm.eval.trl.txt
processed/test/FAKE/LA_E_4120647_segment_001.wav,LA_E_4120647.flac,1,FAKE,LA_0046,test,ASVspoof2019_LA,ASVspoof2019.LA.cm.eval.trl.txt
processed/test/FAKE/LA_E_4120647_segment_002.wav,LA_E_4120647.flac,1,FAKE,LA_0046,test,ASVspoof2019_LA,ASVspoof2019.LA.cm.eval.trl.txt
processed/test/FAKE/LA_E_4157205_segment_001.wav,LA_E_4157205.flac,1,FAKE,LA_0015,test,ASVspoof2019_LA,ASVspoof2019.LA.cm.eval.trl.txt
processed/test/FAKE/LA_E_4157205_segment_002.wav,LA_E_4157205.flac,1,FAKE,LA_0015,test,ASVspoof2019_LA,ASVspoof2019.LA.cm.eval.trl.txt
processed/test/FAKE/LA_E_4226873_segment_001.wav,LA_E_4226873.flac,1,FAKE,LA_0045,test,ASVspoof2019_LA,ASVspoof2019.LA.cm.eval.trl.txt
processed/test/FAKE/LA_E_4245663_segment_001.wav,LA_E_4245663.flac,1,FAKE,LA_0014,test,ASVspoof2019_LA,ASVspoof2019.LA.cm.eval.trl.txt
processed/test/FAKE/LA_E_4408825_segment_001.wav,LA_E_4408825.flac,1,FAKE,LA_0004,test,ASVspoof2019_LA,ASVspoof2019.LA.cm.eval.trl.txt
processed/test/FAKE/LA_E_4497015_segment_001.wav,LA_E_4497015.flac,1,FAKE,LA_0003,test,ASVspoof2019_LA,ASVspoof2019.LA.cm.eval.trl.txt
processed/test/FAKE/LA_E_4511907_segment_001.wav,LA_E_4511907.flac,1,FAKE,LA_0041,test,ASVspoof2019_LA,ASVspoof2019.LA.cm.eval.trl.txt
processed/test/FAKE/LA_E_4511907_segment_002.wav,LA_E_4511907.flac,1,FAKE,LA_0041,test,ASVspoof2019_LA,ASVspoof2019.LA.cm.eval.trl.txt
processed/test/FAKE/LA_E_4553648_segment_001.wav,LA_E_4553648.flac,1,FAKE,LA_0041,test,ASVspoof2019_LA,ASVspoof2019.LA.cm.eval.trl.txt
processed/test/FAKE/LA_E_4553648_segment_002.wav,LA_E_4553648.flac,1,FAKE,LA_0041,test,ASVspoof2019_LA,ASVspoof2019.LA.cm.eval.trl.txt
processed/test/FAKE/LA_E_4664197_segment_001.wav,LA_E_4664197.flac,1,FAKE,LA_0027,test,ASVspoof2019_LA,ASVspoof2019.LA.cm.eval.trl.txt
processed/test/FAKE/LA_E_4664197_segment_002.wav,LA_E_4664197.flac,1,FAKE,LA_0027,test,ASVspoof2019_LA,ASVspoof2019.LA.cm.eval.trl.txt
processed/test/FAKE/LA_E_4664197_segment_003.wav,LA_E_4664197.flac,1,FAKE,LA_0027,test,ASVspoof2019_LA,ASVspoof2019.LA.cm.eval.trl.txt
processed/test/FAKE/LA_E_4741993_segment_001.wav,LA_E_4741993.flac,1,FAKE,LA_0011,test,ASVspoof2019_LA,ASVspoof2019.LA.cm.eval.trl.txt
processed/test/FAKE/LA_E_4741993_segment_002.wav,LA_E_4741993.flac,1,FAKE,LA_0011,test,ASVspoof2019_LA,ASVspoof2019.LA.cm.eval.trl.txt
processed/test/FAKE/LA_E_4972083_segment_001.wav,LA_E_4972083.flac,1,FAKE,LA_0023,test,ASVspoof2019_LA,ASVspoof2019.LA.cm.eval.trl.txt
processed/test/FAKE/LA_E_5008274_segment_001.wav,LA_E_5008274.flac,1,FAKE,LA_0022,test,ASVspoof2019_LA,ASVspoof2019.LA.cm.eval.trl.txt
processed/test/FAKE/LA_E_5422573_segment_001.wav,LA_E_5422573.flac,1,FAKE,LA_0020,test,ASVspoof2019_LA,ASVspoof2019.LA.cm.eval.trl.txt
processed/test/FAKE/LA_E_5469597_segment_001.wav,LA_E_5469597.flac,1,FAKE,LA_0039,test,ASVspoof2019_LA,ASVspoof2019.LA.cm.eval.trl.txt
processed/test/FAKE/LA_E_5707367_segment_001.wav,LA_E_5707367.flac,1,FAKE,LA_0027,test,ASVspoof2019_LA,ASVspoof2019.LA.cm.eval.trl.txt
processed/test/FAKE/LA_E_5707367_segment_002.wav,LA_E_5707367.flac,1,FAKE,LA_0027,test,ASVspoof2019_LA,ASVspoof2019.LA.cm.eval.trl.txt
processed/test/FAKE/LA_E_5748987_segment_001.wav,LA_E_5748987.flac,1,FAKE,LA_0014,test,ASVspoof2019_LA,ASVspoof2019.LA.cm.eval.trl.txt
processed/test/FAKE/LA_E_5748987_segment_002.wav,LA_E_5748987.flac,1,FAKE,LA_0014,test,ASVspoof2019_LA,ASVspoof2019.LA.cm.eval.trl.txt
processed/test/FAKE/LA_E_5862272_segment_001.wav,LA_E_5862272.flac,1,FAKE,LA_0033,test,ASVspoof2019_LA,ASVspoof2019.LA.cm.eval.trl.txt
processed/test/FAKE/LA_E_5862272_segment_002.wav,LA_E_5862272.flac,1,FAKE,LA_0033,test,ASVspoof2019_LA,ASVspoof2019.LA.cm.eval.trl.txt
processed/test/FAKE/LA_E_5921569_segment_001.wav,LA_E_5921569.flac,1,FAKE,LA_0017,test,ASVspoof2019_LA,ASVspoof2019.LA.cm.eval.trl.txt
processed/test/FAKE/LA_E_5921569_segment_002.wav,LA_E_5921569.flac,1,FAKE,LA_0017,test,ASVspoof2019_LA,ASVspoof2019.LA.cm.eval.trl.txt
processed/test/FAKE/LA_E_5921569_segment_003.wav,LA_E_5921569.flac,1,FAKE,LA_0017,test,ASVspoof2019_LA,ASVspoof2019.LA.cm.eval.trl.txt
processed/test/FAKE/LA_E_5929285_segment_001.wav,LA_E_5929285.flac,1,FAKE,LA_0013,test,ASVspoof2019_LA,ASVspoof2019.LA.cm.eval.trl.txt
processed/test/FAKE/LA_E_5929285_segment_002.wav,LA_E_5929285.flac,1,FAKE,LA_0013,test,ASVspoof2019_LA,ASVspoof2019.LA.cm.eval.trl.txt
processed/test/FAKE/LA_E_5929285_segment_003.wav,LA_E_5929285.flac,1,FAKE,LA_0013,test,ASVspoof2019_LA,ASVspoof2019.LA.cm.eval.trl.txt
processed/test/FAKE/LA_E_5980083_segment_001.wav,LA_E_5980083.flac,1,FAKE,LA_0020,test,ASVspoof2019_LA,ASVspoof2019.LA.cm.eval.trl.txt
processed/test/FAKE/LA_E_6021027_segment_001.wav,LA_E_6021027.flac,1,FAKE,LA_0043,test,ASVspoof2019_LA,ASVspoof2019.LA.cm.eval.trl.txt
processed/test/FAKE/LA_E_6126706_segment_001.wav,LA_E_6126706.flac,1,FAKE,LA_0017,test,ASVspoof2019_LA,ASVspoof2019.LA.cm.eval.trl.txt
processed/test/FAKE/LA_E_6126706_segment_002.wav,LA_E_6126706.flac,1,FAKE,LA_0017,test,ASVspoof2019_LA,ASVspoof2019.LA.cm.eval.trl.txt
processed/test/FAKE/LA_E_6126706_segment_003.wav,LA_E_6126706.flac,1,FAKE,LA_0017,test,ASVspoof2019_LA,ASVspoof2019.LA.cm.eval.trl.txt
processed/test/FAKE/LA_E_6167002_segment_001.wav,LA_E_6167002.flac,1,FAKE,LA_0013,test,ASVspoof2019_LA,ASVspoof2019.LA.cm.eval.trl.txt
processed/test/FAKE/LA_E_6192712_segment_001.wav,LA_E_6192712.flac,1,FAKE,LA_0035,test,ASVspoof2019_LA,ASVspoof2019.LA.cm.eval.trl.txt
processed/test/FAKE/LA_E_6212470_segment_001.wav,LA_E_6212470.flac,1,FAKE,LA_0032,test,ASVspoof2019_LA,ASVspoof2019.LA.cm.eval.trl.txt
processed/test/FAKE/LA_E_6212470_segment_002.wav,LA_E_6212470.flac,1,FAKE,LA_0032,test,ASVspoof2019_LA,ASVspoof2019.LA.cm.eval.trl.txt
processed/test/FAKE/LA_E_6225729_segment_001.wav,LA_E_6225729.flac,1,FAKE,LA_0035,test,ASVspoof2019_LA,ASVspoof2019.LA.cm.eval.trl.txt
processed/test/FAKE/LA_E_6225729_segment_002.wav,LA_E_6225729.flac,1,FAKE,LA_0035,test,ASVspoof2019_LA,ASVspoof2019.LA.cm.eval.trl.txt
processed/test/FAKE/LA_E_6266185_segment_001.wav,LA_E_6266185.flac,1,FAKE,LA_0024,test,ASVspoof2019_LA,ASVspoof2019.LA.cm.eval.trl.txt
processed/test/FAKE/LA_E_6266185_segment_002.wav,LA_E_6266185.flac,1,FAKE,LA_0024,test,ASVspoof2019_LA,ASVspoof2019.LA.cm.eval.trl.txt
processed/test/FAKE/LA_E_6279016_segment_001.wav,LA_E_6279016.flac,1,FAKE,LA_0006,test,ASVspoof2019_LA,ASVspoof2019.LA.cm.eval.trl.txt
processed/test/FAKE/LA_E_6300618_segment_001.wav,LA_E_6300618.flac,1,FAKE,LA_0041,test,ASVspoof2019_LA,ASVspoof2019.LA.cm.eval.trl.txt
processed/test/FAKE/LA_E_6324052_segment_001.wav,LA_E_6324052.flac,1,FAKE,LA_0045,test,ASVspoof2019_LA,ASVspoof2019.LA.cm.eval.trl.txt
processed/test/FAKE/LA_E_6324052_segment_002.wav,LA_E_6324052.flac,1,FAKE,LA_0045,test,ASVspoof2019_LA,ASVspoof2019.LA.cm.eval.trl.txt
processed/test/FAKE/LA_E_6324052_segment_003.wav,LA_E_6324052.flac,1,FAKE,LA_0045,test,ASVspoof2019_LA,ASVspoof2019.LA.cm.eval.trl.txt
processed/test/FAKE/LA_E_6334492_segment_001.wav,LA_E_6334492.flac,1,FAKE,LA_0002,test,ASVspoof2019_LA,ASVspoof2019.LA.cm.eval.trl.txt
processed/test/FAKE/LA_E_6468342_segment_001.wav,LA_E_6468342.flac,1,FAKE,LA_0021,test,ASVspoof2019_LA,ASVspoof2019.LA.cm.eval.trl.txt
processed/test/FAKE/LA_E_6616034_segment_001.wav,LA_E_6616034.flac,1,FAKE,LA_0048,test,ASVspoof2019_LA,ASVspoof2019.LA.cm.eval.trl.txt
processed/test/FAKE/LA_E_6860497_segment_001.wav,LA_E_6860497.flac,1,FAKE,LA_0023,test,ASVspoof2019_LA,ASVspoof2019.LA.cm.eval.trl.txt
processed/test/FAKE/LA_E_6860497_segment_002.wav,LA_E_6860497.flac,1,FAKE,LA_0023,test,ASVspoof2019_LA,ASVspoof2019.LA.cm.eval.trl.txt
processed/test/FAKE/LA_E_6936076_segment_001.wav,LA_E_6936076.flac,1,FAKE,LA_0001,test,ASVspoof2019_LA,ASVspoof2019.LA.cm.eval.trl.txt
processed/test/FAKE/LA_E_6936076_segment_002.wav,LA_E_6936076.flac,1,FAKE,LA_0001,test,ASVspoof2019_LA,ASVspoof2019.LA.cm.eval.trl.txt
processed/test/FAKE/LA_E_7036499_segment_001.wav,LA_E_7036499.flac,1,FAKE,LA_0048,test,ASVspoof2019_LA,ASVspoof2019.LA.cm.eval.trl.txt
processed/test/FAKE/LA_E_7278246_segment_001.wav,LA_E_7278246.flac,1,FAKE,LA_0017,test,ASVspoof2019_LA,ASVspoof2019.LA.cm.eval.trl.txt
processed/test/FAKE/LA_E_7322638_segment_001.wav,LA_E_7322638.flac,1,FAKE,LA_0014,test,ASVspoof2019_LA,ASVspoof2019.LA.cm.eval.trl.txt
processed/test/FAKE/LA_E_7322638_segment_002.wav,LA_E_7322638.flac,1,FAKE,LA_0014,test,ASVspoof2019_LA,ASVspoof2019.LA.cm.eval.trl.txt
processed/test/FAKE/LA_E_7352456_segment_001.wav,LA_E_7352456.flac,1,FAKE,LA_0029,test,ASVspoof2019_LA,ASVspoof2019.LA.cm.eval.trl.txt
processed/test/FAKE/LA_E_7352456_segment_002.wav,LA_E_7352456.flac,1,FAKE,LA_0029,test,ASVspoof2019_LA,ASVspoof2019.LA.cm.eval.trl.txt
processed/test/FAKE/LA_E_7462205_segment_001.wav,LA_E_7462205.flac,1,FAKE,LA_0003,test,ASVspoof2019_LA,ASVspoof2019.LA.cm.eval.trl.txt
processed/test/FAKE/LA_E_7462205_segment_002.wav,LA_E_7462205.flac,1,FAKE,LA_0003,test,ASVspoof2019_LA,ASVspoof2019.LA.cm.eval.trl.txt
processed/test/FAKE/LA_E_7533772_segment_001.wav,LA_E_7533772.flac,1,FAKE,LA_0014,test,ASVspoof2019_LA,ASVspoof2019.LA.cm.eval.trl.txt
processed/test/FAKE/LA_E_7592843_segment_001.wav,LA_E_7592843.flac,1,FAKE,LA_0004,test,ASVspoof2019_LA,ASVspoof2019.LA.cm.eval.trl.txt
processed/test/FAKE/LA_E_7611723_segment_001.wav,LA_E_7611723.flac,1,FAKE,LA_0032,test,ASVspoof2019_LA,ASVspoof2019.LA.cm.eval.trl.txt
processed/test/FAKE/LA_E_7634666_segment_001.wav,LA_E_7634666.flac,1,FAKE,LA_0015,test,ASVspoof2019_LA,ASVspoof2019.LA.cm.eval.trl.txt
processed/test/FAKE/LA_E_7634666_segment_002.wav,LA_E_7634666.flac,1,FAKE,LA_0015,test,ASVspoof2019_LA,ASVspoof2019.LA.cm.eval.trl.txt
processed/test/FAKE/LA_E_7677282_segment_001.wav,LA_E_7677282.flac,1,FAKE,LA_0031,test,ASVspoof2019_LA,ASVspoof2019.LA.cm.eval.trl.txt
processed/test/FAKE/LA_E_7783675_segment_001.wav,LA_E_7783675.flac,1,FAKE,LA_0029,test,ASVspoof2019_LA,ASVspoof2019.LA.cm.eval.trl.txt
processed/test/FAKE/LA_E_8264854_segment_001.wav,LA_E_8264854.flac,1,FAKE,LA_0020,test,ASVspoof2019_LA,ASVspoof2019.LA.cm.eval.trl.txt
processed/test/FAKE/LA_E_8279567_segment_001.wav,LA_E_8279567.flac,1,FAKE,LA_0017,test,ASVspoof2019_LA,ASVspoof2019.LA.cm.eval.trl.txt
processed/test/FAKE/LA_E_8279567_segment_002.wav,LA_E_8279567.flac,1,FAKE,LA_0017,test,ASVspoof2019_LA,ASVspoof2019.LA.cm.eval.trl.txt
processed/test/FAKE/LA_E_8545192_segment_001.wav,LA_E_8545192.flac,1,FAKE,LA_0020,test,ASVspoof2019_LA,ASVspoof2019.LA.cm.eval.trl.txt
processed/test/FAKE/LA_E_8545888_segment_001.wav,LA_E_8545888.flac,1,FAKE,LA_0012,test,ASVspoof2019_LA,ASVspoof2019.LA.cm.eval.trl.txt
processed/test/FAKE/LA_E_8545888_segment_002.wav,LA_E_8545888.flac,1,FAKE,LA_0012,test,ASVspoof2019_LA,ASVspoof2019.LA.cm.eval.trl.txt
processed/test/FAKE/LA_E_8551226_segment_001.wav,LA_E_8551226.flac,1,FAKE,LA_0047,test,ASVspoof2019_LA,ASVspoof2019.LA.cm.eval.trl.txt
processed/test/FAKE/LA_E_8551226_segment_002.wav,LA_E_8551226.flac,1,FAKE,LA_0047,test,ASVspoof2019_LA,ASVspoof2019.LA.cm.eval.trl.txt
processed/test/FAKE/LA_E_8746865_segment_001.wav,LA_E_8746865.flac,1,FAKE,LA_0037,test,ASVspoof2019_LA,ASVspoof2019.LA.cm.eval.trl.txt
processed/test/FAKE/LA_E_8751912_segment_001.wav,LA_E_8751912.flac,1,FAKE,LA_0005,test,ASVspoof2019_LA,ASVspoof2019.LA.cm.eval.trl.txt
processed/test/FAKE/LA_E_8808068_segment_001.wav,LA_E_8808068.flac,1,FAKE,LA_0005,test,ASVspoof2019_LA,ASVspoof2019.LA.cm.eval.trl.txt
processed/test/FAKE/LA_E_8888975_segment_001.wav,LA_E_8888975.flac,1,FAKE,LA_0018,test,ASVspoof2019_LA,ASVspoof2019.LA.cm.eval.trl.txt
processed/test/FAKE/LA_E_9043201_segment_001.wav,LA_E_9043201.flac,1,FAKE,LA_0016,test,ASVspoof2019_LA,ASVspoof2019.LA.cm.eval.trl.txt
processed/test/FAKE/LA_E_9079888_segment_001.wav,LA_E_9079888.flac,1,FAKE,LA_0045,test,ASVspoof2019_LA,ASVspoof2019.LA.cm.eval.trl.txt
processed/test/FAKE/LA_E_9242358_segment_001.wav,LA_E_9242358.flac,1,FAKE,LA_0025,test,ASVspoof2019_LA,ASVspoof2019.LA.cm.eval.trl.txt
processed/test/FAKE/LA_E_9242358_segment_002.wav,LA_E_9242358.flac,1,FAKE,LA_0025,test,ASVspoof2019_LA,ASVspoof2019.LA.cm.eval.trl.txt
processed/test/FAKE/LA_E_9285491_segment_001.wav,LA_E_9285491.flac,1,FAKE,LA_0013,test,ASVspoof2019_LA,ASVspoof2019.LA.cm.eval.trl.txt
processed/test/FAKE/LA_E_9285491_segment_002.wav,LA_E_9285491.flac,1,FAKE,LA_0013,test,ASVspoof2019_LA,ASVspoof2019.LA.cm.eval.trl.txt
processed/test/FAKE/LA_E_9339157_segment_001.wav,LA_E_9339157.flac,1,FAKE,LA_0016,test,ASVspoof2019_LA,ASVspoof2019.LA.cm.eval.trl.txt
processed/test/FAKE/LA_E_9339157_segment_002.wav,LA_E_9339157.flac,1,FAKE,LA_0016,test,ASVspoof2019_LA,ASVspoof2019.LA.cm.eval.trl.txt
processed/test/FAKE/LA_E_9394007_segment_001.wav,LA_E_9394007.flac,1,FAKE,LA_0033,test,ASVspoof2019_LA,ASVspoof2019.LA.cm.eval.trl.txt
processed/test/FAKE/LA_E_9394007_segment_002.wav,LA_E_9394007.flac,1,FAKE,LA_0033,test,ASVspoof2019_LA,ASVspoof2019.LA.cm.eval.trl.txt
processed/test/FAKE/LA_E_9529847_segment_001.wav,LA_E_9529847.flac,1,FAKE,LA_0042,test,ASVspoof2019_LA,ASVspoof2019.LA.cm.eval.trl.txt
processed/test/FAKE/LA_E_9551279_segment_001.wav,LA_E_9551279.flac,1,FAKE,LA_0035,test,ASVspoof2019_LA,ASVspoof2019.LA.cm.eval.trl.txt
processed/test/FAKE/LA_E_9648847_segment_001.wav,LA_E_9648847.flac,1,FAKE,LA_0012,test,ASVspoof2019_LA,ASVspoof2019.LA.cm.eval.trl.txt
processed/test/FAKE/LA_E_9670886_segment_001.wav,LA_E_9670886.flac,1,FAKE,LA_0047,test,ASVspoof2019_LA,ASVspoof2019.LA.cm.eval.trl.txt
processed/test/FAKE/LA_E_9671924_segment_001.wav,LA_E_9671924.flac,1,FAKE,LA_0011,test,ASVspoof2019_LA,ASVspoof2019.LA.cm.eval.trl.txt
processed/test/FAKE/LA_E_9671924_segment_002.wav,LA_E_9671924.flac,1,FAKE,LA_0011,test,ASVspoof2019_LA,ASVspoof2019.LA.cm.eval.trl.txt
processed/test/FAKE/LA_E_9671924_segment_003.wav,LA_E_9671924.flac,1,FAKE,LA_0011,test,ASVspoof2019_LA,ASVspoof2019.LA.cm.eval.trl.txt
processed/test/FAKE/LA_E_9789812_segment_001.wav,LA_E_9789812.flac,1,FAKE,LA_0042,test,ASVspoof2019_LA,ASVspoof2019.LA.cm.eval.trl.txt
processed/test/REAL/LA_E_1070252_segment_001.wav,LA_E_1070252.flac,0,REAL,LA_0009,test,ASVspoof2019_LA,ASVspoof2019.LA.cm.eval.trl.txt
processed/test/REAL/LA_E_1070252_segment_002.wav,LA_E_1070252.flac,0,REAL,LA_0009,test,ASVspoof2019_LA,ASVspoof2019.LA.cm.eval.trl.txt
processed/test/REAL/LA_E_1125558_segment_001.wav,LA_E_1125558.flac,0,REAL,LA_0023,test,ASVspoof2019_LA,ASVspoof2019.LA.cm.eval.trl.txt
processed/test/REAL/LA_E_1125558_segment_002.wav,LA_E_1125558.flac,0,REAL,LA_0023,test,ASVspoof2019_LA,ASVspoof2019.LA.cm.eval.trl.txt
processed/test/REAL/LA_E_1357107_segment_001.wav,LA_E_1357107.flac,0,REAL,LA_0031,test,ASVspoof2019_LA,ASVspoof2019.LA.cm.eval.trl.txt
processed/test/REAL/LA_E_1382043_segment_001.wav,LA_E_1382043.flac,0,REAL,LA_0053,test,ASVspoof2019_LA,ASVspoof2019.LA.cm.eval.trl.txt
processed/test/REAL/LA_E_1409215_segment_001.wav,LA_E_1409215.flac,0,REAL,LA_0056,test,ASVspoof2019_LA,ASVspoof2019.LA.cm.eval.trl.txt
processed/test/REAL/LA_E_1409215_segment_002.wav,LA_E_1409215.flac,0,REAL,LA_0056,test,ASVspoof2019_LA,ASVspoof2019.LA.cm.eval.trl.txt
processed/test/REAL/LA_E_1584651_segment_001.wav,LA_E_1584651.flac,0,REAL,LA_0006,test,ASVspoof2019_LA,ASVspoof2019.LA.cm.eval.trl.txt
processed/test/REAL/LA_E_1584651_segment_002.wav,LA_E_1584651.flac,0,REAL,LA_0006,test,ASVspoof2019_LA,ASVspoof2019.LA.cm.eval.trl.txt
processed/test/REAL/LA_E_1697236_segment_001.wav,LA_E_1697236.flac,0,REAL,LA_0039,test,ASVspoof2019_LA,ASVspoof2019.LA.cm.eval.trl.txt
processed/test/REAL/LA_E_1921321_segment_001.wav,LA_E_1921321.flac,0,REAL,LA_0001,test,ASVspoof2019_LA,ASVspoof2019.LA.cm.eval.trl.txt
processed/test/REAL/LA_E_1952883_segment_001.wav,LA_E_1952883.flac,0,REAL,LA_0031,test,ASVspoof2019_LA,ASVspoof2019.LA.cm.eval.trl.txt
processed/test/REAL/LA_E_2224946_segment_001.wav,LA_E_2224946.flac,0,REAL,LA_0036,test,ASVspoof2019_LA,ASVspoof2019.LA.cm.eval.trl.txt
processed/test/REAL/LA_E_2224946_segment_002.wav,LA_E_2224946.flac,0,REAL,LA_0036,test,ASVspoof2019_LA,ASVspoof2019.LA.cm.eval.trl.txt
processed/test/REAL/LA_E_2368562_segment_001.wav,LA_E_2368562.flac,0,REAL,LA_0022,test,ASVspoof2019_LA,ASVspoof2019.LA.cm.eval.trl.txt
processed/test/REAL/LA_E_2368562_segment_002.wav,LA_E_2368562.flac,0,REAL,LA_0022,test,ASVspoof2019_LA,ASVspoof2019.LA.cm.eval.trl.txt
processed/test/REAL/LA_E_2400438_segment_001.wav,LA_E_2400438.flac,0,REAL,LA_0004,test,ASVspoof2019_LA,ASVspoof2019.LA.cm.eval.trl.txt
processed/test/REAL/LA_E_2462935_segment_001.wav,LA_E_2462935.flac,0,REAL,LA_0024,test,ASVspoof2019_LA,ASVspoof2019.LA.cm.eval.trl.txt
processed/test/REAL/LA_E_2462935_segment_002.wav,LA_E_2462935.flac,0,REAL,LA_0024,test,ASVspoof2019_LA,ASVspoof2019.LA.cm.eval.trl.txt
processed/test/REAL/LA_E_2541984_segment_001.wav,LA_E_2541984.flac,0,REAL,LA_0014,test,ASVspoof2019_LA,ASVspoof2019.LA.cm.eval.trl.txt
processed/test/REAL/LA_E_2601033_segment_001.wav,LA_E_2601033.flac,0,REAL,LA_0026,test,ASVspoof2019_LA,ASVspoof2019.LA.cm.eval.trl.txt
processed/test/REAL/LA_E_2601033_segment_002.wav,LA_E_2601033.flac,0,REAL,LA_0026,test,ASVspoof2019_LA,ASVspoof2019.LA.cm.eval.trl.txt
processed/test/REAL/LA_E_2613546_segment_001.wav,LA_E_2613546.flac,0,REAL,LA_0011,test,ASVspoof2019_LA,ASVspoof2019.LA.cm.eval.trl.txt
processed/test/REAL/LA_E_2613546_segment_002.wav,LA_E_2613546.flac,0,REAL,LA_0011,test,ASVspoof2019_LA,ASVspoof2019.LA.cm.eval.trl.txt
processed/test/REAL/LA_E_2638344_segment_001.wav,LA_E_2638344.flac,0,REAL,LA_0060,test,ASVspoof2019_LA,ASVspoof2019.LA.cm.eval.trl.txt
processed/test/REAL/LA_E_2662600_segment_001.wav,LA_E_2662600.flac,0,REAL,LA_0004,test,ASVspoof2019_LA,ASVspoof2019.LA.cm.eval.trl.txt
processed/test/REAL/LA_E_2668417_segment_001.wav,LA_E_2668417.flac,0,REAL,LA_0056,test,ASVspoof2019_LA,ASVspoof2019.LA.cm.eval.trl.txt
processed/test/REAL/LA_E_2668417_segment_002.wav,LA_E_2668417.flac,0,REAL,LA_0056,test,ASVspoof2019_LA,ASVspoof2019.LA.cm.eval.trl.txt
processed/test/REAL/LA_E_2714189_segment_001.wav,LA_E_2714189.flac,0,REAL,LA_0063,test,ASVspoof2019_LA,ASVspoof2019.LA.cm.eval.trl.txt
processed/test/REAL/LA_E_2714189_segment_002.wav,LA_E_2714189.flac,0,REAL,LA_0063,test,ASVspoof2019_LA,ASVspoof2019.LA.cm.eval.trl.txt
processed/test/REAL/LA_E_2776838_segment_001.wav,LA_E_2776838.flac,0,REAL,LA_0066,test,ASVspoof2019_LA,ASVspoof2019.LA.cm.eval.trl.txt
processed/test/REAL/LA_E_2776838_segment_002.wav,LA_E_2776838.flac,0,REAL,LA_0066,test,ASVspoof2019_LA,ASVspoof2019.LA.cm.eval.trl.txt
processed/test/REAL/LA_E_2899956_segment_001.wav,LA_E_2899956.flac,0,REAL,LA_0054,test,ASVspoof2019_LA,ASVspoof2019.LA.cm.eval.trl.txt
processed/test/REAL/LA_E_2899956_segment_002.wav,LA_E_2899956.flac,0,REAL,LA_0054,test,ASVspoof2019_LA,ASVspoof2019.LA.cm.eval.trl.txt
processed/test/REAL/LA_E_2927167_segment_001.wav,LA_E_2927167.flac,0,REAL,LA_0050,test,ASVspoof2019_LA,ASVspoof2019.LA.cm.eval.trl.txt
processed/test/REAL/LA_E_2927167_segment_002.wav,LA_E_2927167.flac,0,REAL,LA_0050,test,ASVspoof2019_LA,ASVspoof2019.LA.cm.eval.trl.txt
processed/test/REAL/LA_E_2929931_segment_001.wav,LA_E_2929931.flac,0,REAL,LA_0012,test,ASVspoof2019_LA,ASVspoof2019.LA.cm.eval.trl.txt
processed/test/REAL/LA_E_3212084_segment_001.wav,LA_E_3212084.flac,0,REAL,LA_0058,test,ASVspoof2019_LA,ASVspoof2019.LA.cm.eval.trl.txt
processed/test/REAL/LA_E_3445486_segment_001.wav,LA_E_3445486.flac,0,REAL,LA_0006,test,ASVspoof2019_LA,ASVspoof2019.LA.cm.eval.trl.txt
processed/test/REAL/LA_E_3445486_segment_002.wav,LA_E_3445486.flac,0,REAL,LA_0006,test,ASVspoof2019_LA,ASVspoof2019.LA.cm.eval.trl.txt
processed/test/REAL/LA_E_3623417_segment_001.wav,LA_E_3623417.flac,0,REAL,LA_0033,test,ASVspoof2019_LA,ASVspoof2019.LA.cm.eval.trl.txt
processed/test/REAL/LA_E_3788812_segment_001.wav,LA_E_3788812.flac,0,REAL,LA_0038,test,ASVspoof2019_LA,ASVspoof2019.LA.cm.eval.trl.txt
processed/test/REAL/LA_E_3788812_segment_002.wav,LA_E_3788812.flac,0,REAL,LA_0038,test,ASVspoof2019_LA,ASVspoof2019.LA.cm.eval.trl.txt
processed/test/REAL/LA_E_3788812_segment_003.wav,LA_E_3788812.flac,0,REAL,LA_0038,test,ASVspoof2019_LA,ASVspoof2019.LA.cm.eval.trl.txt
processed/test/REAL/LA_E_3828016_segment_001.wav,LA_E_3828016.flac,0,REAL,LA_0035,test,ASVspoof2019_LA,ASVspoof2019.LA.cm.eval.trl.txt
processed/test/REAL/LA_E_3828016_segment_002.wav,LA_E_3828016.flac,0,REAL,LA_0035,test,ASVspoof2019_LA,ASVspoof2019.LA.cm.eval.trl.txt
processed/test/REAL/LA_E_4007647_segment_001.wav,LA_E_4007647.flac,0,REAL,LA_0008,test,ASVspoof2019_LA,ASVspoof2019.LA.cm.eval.trl.txt
processed/test/REAL/LA_E_4008479_segment_001.wav,LA_E_4008479.flac,0,REAL,LA_0018,test,ASVspoof2019_LA,ASVspoof2019.LA.cm.eval.trl.txt
processed/test/REAL/LA_E_4027833_segment_001.wav,LA_E_4027833.flac,0,REAL,LA_0039,test,ASVspoof2019_LA,ASVspoof2019.LA.cm.eval.trl.txt
processed/test/REAL/LA_E_4232439_segment_001.wav,LA_E_4232439.flac,0,REAL,LA_0046,test,ASVspoof2019_LA,ASVspoof2019.LA.cm.eval.trl.txt
processed/test/REAL/LA_E_4232439_segment_002.wav,LA_E_4232439.flac,0,REAL,LA_0046,test,ASVspoof2019_LA,ASVspoof2019.LA.cm.eval.trl.txt
processed/test/REAL/LA_E_4361685_segment_001.wav,LA_E_4361685.flac,0,REAL,LA_0029,test,ASVspoof2019_LA,ASVspoof2019.LA.cm.eval.trl.txt
processed/test/REAL/LA_E_4446740_segment_001.wav,LA_E_4446740.flac,0,REAL,LA_0041,test,ASVspoof2019_LA,ASVspoof2019.LA.cm.eval.trl.txt
processed/test/REAL/LA_E_4493422_segment_001.wav,LA_E_4493422.flac,0,REAL,LA_0058,test,ASVspoof2019_LA,ASVspoof2019.LA.cm.eval.trl.txt
processed/test/REAL/LA_E_4493422_segment_002.wav,LA_E_4493422.flac,0,REAL,LA_0058,test,ASVspoof2019_LA,ASVspoof2019.LA.cm.eval.trl.txt
processed/test/REAL/LA_E_4502910_segment_001.wav,LA_E_4502910.flac,0,REAL,LA_0038,test,ASVspoof2019_LA,ASVspoof2019.LA.cm.eval.trl.txt
processed/test/REAL/LA_E_4502910_segment_002.wav,LA_E_4502910.flac,0,REAL,LA_0038,test,ASVspoof2019_LA,ASVspoof2019.LA.cm.eval.trl.txt
processed/test/REAL/LA_E_4596836_segment_001.wav,LA_E_4596836.flac,0,REAL,LA_0047,test,ASVspoof2019_LA,ASVspoof2019.LA.cm.eval.trl.txt
processed/test/REAL/LA_E_4596836_segment_002.wav,LA_E_4596836.flac,0,REAL,LA_0047,test,ASVspoof2019_LA,ASVspoof2019.LA.cm.eval.trl.txt
processed/test/REAL/LA_E_4680097_segment_001.wav,LA_E_4680097.flac,0,REAL,LA_0017,test,ASVspoof2019_LA,ASVspoof2019.LA.cm.eval.trl.txt
processed/test/REAL/LA_E_4680097_segment_002.wav,LA_E_4680097.flac,0,REAL,LA_0017,test,ASVspoof2019_LA,ASVspoof2019.LA.cm.eval.trl.txt
processed/test/REAL/LA_E_4724621_segment_001.wav,LA_E_4724621.flac,0,REAL,LA_0013,test,ASVspoof2019_LA,ASVspoof2019.LA.cm.eval.trl.txt
processed/test/REAL/LA_E_4724621_segment_002.wav,LA_E_4724621.flac,0,REAL,LA_0013,test,ASVspoof2019_LA,ASVspoof2019.LA.cm.eval.trl.txt
processed/test/REAL/LA_E_4870031_segment_001.wav,LA_E_4870031.flac,0,REAL,LA_0022,test,ASVspoof2019_LA,ASVspoof2019.LA.cm.eval.trl.txt
processed/test/REAL/LA_E_4870031_segment_002.wav,LA_E_4870031.flac,0,REAL,LA_0022,test,ASVspoof2019_LA,ASVspoof2019.LA.cm.eval.trl.txt
processed/test/REAL/LA_E_5041287_segment_001.wav,LA_E_5041287.flac,0,REAL,LA_0028,test,ASVspoof2019_LA,ASVspoof2019.LA.cm.eval.trl.txt
processed/test/REAL/LA_E_5041287_segment_002.wav,LA_E_5041287.flac,0,REAL,LA_0028,test,ASVspoof2019_LA,ASVspoof2019.LA.cm.eval.trl.txt
processed/test/REAL/LA_E_5058525_segment_001.wav,LA_E_5058525.flac,0,REAL,LA_0049,test,ASVspoof2019_LA,ASVspoof2019.LA.cm.eval.trl.txt
processed/test/REAL/LA_E_5068699_segment_001.wav,LA_E_5068699.flac,0,REAL,LA_0029,test,ASVspoof2019_LA,ASVspoof2019.LA.cm.eval.trl.txt
processed/test/REAL/LA_E_5068699_segment_002.wav,LA_E_5068699.flac,0,REAL,LA_0029,test,ASVspoof2019_LA,ASVspoof2019.LA.cm.eval.trl.txt
processed/test/REAL/LA_E_5257092_segment_001.wav,LA_E_5257092.flac,0,REAL,LA_0045,test,ASVspoof2019_LA,ASVspoof2019.LA.cm.eval.trl.txt
processed/test/REAL/LA_E_5479759_segment_001.wav,LA_E_5479759.flac,0,REAL,LA_0058,test,ASVspoof2019_LA,ASVspoof2019.LA.cm.eval.trl.txt
processed/test/REAL/LA_E_5509548_segment_001.wav,LA_E_5509548.flac,0,REAL,LA_0026,test,ASVspoof2019_LA,ASVspoof2019.LA.cm.eval.trl.txt
processed/test/REAL/LA_E_5906820_segment_001.wav,LA_E_5906820.flac,0,REAL,LA_0029,test,ASVspoof2019_LA,ASVspoof2019.LA.cm.eval.trl.txt
processed/test/REAL/LA_E_5906820_segment_002.wav,LA_E_5906820.flac,0,REAL,LA_0029,test,ASVspoof2019_LA,ASVspoof2019.LA.cm.eval.trl.txt
processed/test/REAL/LA_E_6128759_segment_001.wav,LA_E_6128759.flac,0,REAL,LA_0033,test,ASVspoof2019_LA,ASVspoof2019.LA.cm.eval.trl.txt
processed/test/REAL/LA_E_6201385_segment_001.wav,LA_E_6201385.flac,0,REAL,LA_0029,test,ASVspoof2019_LA,ASVspoof2019.LA.cm.eval.trl.txt
processed/test/REAL/LA_E_6201385_segment_002.wav,LA_E_6201385.flac,0,REAL,LA_0029,test,ASVspoof2019_LA,ASVspoof2019.LA.cm.eval.trl.txt
processed/test/REAL/LA_E_6410992_segment_001.wav,LA_E_6410992.flac,0,REAL,LA_0037,test,ASVspoof2019_LA,ASVspoof2019.LA.cm.eval.trl.txt
processed/test/REAL/LA_E_6410992_segment_002.wav,LA_E_6410992.flac,0,REAL,LA_0037,test,ASVspoof2019_LA,ASVspoof2019.LA.cm.eval.trl.txt
processed/test/REAL/LA_E_6422459_segment_001.wav,LA_E_6422459.flac,0,REAL,LA_0023,test,ASVspoof2019_LA,ASVspoof2019.LA.cm.eval.trl.txt
processed/test/REAL/LA_E_6439636_segment_001.wav,LA_E_6439636.flac,0,REAL,LA_0008,test,ASVspoof2019_LA,ASVspoof2019.LA.cm.eval.trl.txt
processed/test/REAL/LA_E_6488985_segment_001.wav,LA_E_6488985.flac,0,REAL,LA_0014,test,ASVspoof2019_LA,ASVspoof2019.LA.cm.eval.trl.txt
processed/test/REAL/LA_E_6531800_segment_001.wav,LA_E_6531800.flac,0,REAL,LA_0044,test,ASVspoof2019_LA,ASVspoof2019.LA.cm.eval.trl.txt
processed/test/REAL/LA_E_6610003_segment_001.wav,LA_E_6610003.flac,0,REAL,LA_0025,test,ASVspoof2019_LA,ASVspoof2019.LA.cm.eval.trl.txt
processed/test/REAL/LA_E_6610003_segment_002.wav,LA_E_6610003.flac,0,REAL,LA_0025,test,ASVspoof2019_LA,ASVspoof2019.LA.cm.eval.trl.txt
processed/test/REAL/LA_E_6619416_segment_001.wav,LA_E_6619416.flac,0,REAL,LA_0054,test,ASVspoof2019_LA,ASVspoof2019.LA.cm.eval.trl.txt
processed/test/REAL/LA_E_6677864_segment_001.wav,LA_E_6677864.flac,0,REAL,LA_0041,test,ASVspoof2019_LA,ASVspoof2019.LA.cm.eval.trl.txt
processed/test/REAL/LA_E_6709826_segment_001.wav,LA_E_6709826.flac,0,REAL,LA_0008,test,ASVspoof2019_LA,ASVspoof2019.LA.cm.eval.trl.txt
processed/test/REAL/LA_E_6715486_segment_001.wav,LA_E_6715486.flac,0,REAL,LA_0005,test,ASVspoof2019_LA,ASVspoof2019.LA.cm.eval.trl.txt
processed/test/REAL/LA_E_7073340_segment_001.wav,LA_E_7073340.flac,0,REAL,LA_0009,test,ASVspoof2019_LA,ASVspoof2019.LA.cm.eval.trl.txt
processed/test/REAL/LA_E_7073340_segment_002.wav,LA_E_7073340.flac,0,REAL,LA_0009,test,ASVspoof2019_LA,ASVspoof2019.LA.cm.eval.trl.txt
processed/test/REAL/LA_E_7164616_segment_001.wav,LA_E_7164616.flac,0,REAL,LA_0029,test,ASVspoof2019_LA,ASVspoof2019.LA.cm.eval.trl.txt
processed/test/REAL/LA_E_7164616_segment_002.wav,LA_E_7164616.flac,0,REAL,LA_0029,test,ASVspoof2019_LA,ASVspoof2019.LA.cm.eval.trl.txt
processed/test/REAL/LA_E_7171505_segment_001.wav,LA_E_7171505.flac,0,REAL,LA_0009,test,ASVspoof2019_LA,ASVspoof2019.LA.cm.eval.trl.txt
processed/test/REAL/LA_E_7171505_segment_002.wav,LA_E_7171505.flac,0,REAL,LA_0009,test,ASVspoof2019_LA,ASVspoof2019.LA.cm.eval.trl.txt
processed/test/REAL/LA_E_7180818_segment_001.wav,LA_E_7180818.flac,0,REAL,LA_0022,test,ASVspoof2019_LA,ASVspoof2019.LA.cm.eval.trl.txt
processed/test/REAL/LA_E_7180818_segment_002.wav,LA_E_7180818.flac,0,REAL,LA_0022,test,ASVspoof2019_LA,ASVspoof2019.LA.cm.eval.trl.txt
processed/test/REAL/LA_E_7214407_segment_001.wav,LA_E_7214407.flac,0,REAL,LA_0010,test,ASVspoof2019_LA,ASVspoof2019.LA.cm.eval.trl.txt
processed/test/REAL/LA_E_7277286_segment_001.wav,LA_E_7277286.flac,0,REAL,LA_0050,test,ASVspoof2019_LA,ASVspoof2019.LA.cm.eval.trl.txt
processed/test/REAL/LA_E_7277286_segment_002.wav,LA_E_7277286.flac,0,REAL,LA_0050,test,ASVspoof2019_LA,ASVspoof2019.LA.cm.eval.trl.txt
processed/test/REAL/LA_E_7369736_segment_001.wav,LA_E_7369736.flac,0,REAL,LA_0011,test,ASVspoof2019_LA,ASVspoof2019.LA.cm.eval.trl.txt
processed/test/REAL/LA_E_7369736_segment_002.wav,LA_E_7369736.flac,0,REAL,LA_0011,test,ASVspoof2019_LA,ASVspoof2019.LA.cm.eval.trl.txt
processed/test/REAL/LA_E_7531986_segment_001.wav,LA_E_7531986.flac,0,REAL,LA_0032,test,ASVspoof2019_LA,ASVspoof2019.LA.cm.eval.trl.txt
processed/test/REAL/LA_E_7531986_segment_002.wav,LA_E_7531986.flac,0,REAL,LA_0032,test,ASVspoof2019_LA,ASVspoof2019.LA.cm.eval.trl.txt
processed/test/REAL/LA_E_7675318_segment_001.wav,LA_E_7675318.flac,0,REAL,LA_0043,test,ASVspoof2019_LA,ASVspoof2019.LA.cm.eval.trl.txt
processed/test/REAL/LA_E_7675318_segment_002.wav,LA_E_7675318.flac,0,REAL,LA_0043,test,ASVspoof2019_LA,ASVspoof2019.LA.cm.eval.trl.txt
processed/test/REAL/LA_E_7772704_segment_001.wav,LA_E_7772704.flac,0,REAL,LA_0039,test,ASVspoof2019_LA,ASVspoof2019.LA.cm.eval.trl.txt
processed/test/REAL/LA_E_7772704_segment_002.wav,LA_E_7772704.flac,0,REAL,LA_0039,test,ASVspoof2019_LA,ASVspoof2019.LA.cm.eval.trl.txt
processed/test/REAL/LA_E_7850213_segment_001.wav,LA_E_7850213.flac,0,REAL,LA_0047,test,ASVspoof2019_LA,ASVspoof2019.LA.cm.eval.trl.txt
processed/test/REAL/LA_E_7945785_segment_001.wav,LA_E_7945785.flac,0,REAL,LA_0001,test,ASVspoof2019_LA,ASVspoof2019.LA.cm.eval.trl.txt
processed/test/REAL/LA_E_7945785_segment_002.wav,LA_E_7945785.flac,0,REAL,LA_0001,test,ASVspoof2019_LA,ASVspoof2019.LA.cm.eval.trl.txt
processed/test/REAL/LA_E_8008613_segment_001.wav,LA_E_8008613.flac,0,REAL,LA_0024,test,ASVspoof2019_LA,ASVspoof2019.LA.cm.eval.trl.txt
processed/test/REAL/LA_E_8008613_segment_002.wav,LA_E_8008613.flac,0,REAL,LA_0024,test,ASVspoof2019_LA,ASVspoof2019.LA.cm.eval.trl.txt
processed/test/REAL/LA_E_8123735_segment_001.wav,LA_E_8123735.flac,0,REAL,LA_0035,test,ASVspoof2019_LA,ASVspoof2019.LA.cm.eval.trl.txt
processed/test/REAL/LA_E_8278378_segment_001.wav,LA_E_8278378.flac,0,REAL,LA_0043,test,ASVspoof2019_LA,ASVspoof2019.LA.cm.eval.trl.txt
processed/test/REAL/LA_E_8296247_segment_001.wav,LA_E_8296247.flac,0,REAL,LA_0023,test,ASVspoof2019_LA,ASVspoof2019.LA.cm.eval.trl.txt
processed/test/REAL/LA_E_8313081_segment_001.wav,LA_E_8313081.flac,0,REAL,LA_0017,test,ASVspoof2019_LA,ASVspoof2019.LA.cm.eval.trl.txt
processed/test/REAL/LA_E_8313081_segment_002.wav,LA_E_8313081.flac,0,REAL,LA_0017,test,ASVspoof2019_LA,ASVspoof2019.LA.cm.eval.trl.txt
processed/test/REAL/LA_E_8319260_segment_001.wav,LA_E_8319260.flac,0,REAL,LA_0020,test,ASVspoof2019_LA,ASVspoof2019.LA.cm.eval.trl.txt
processed/test/REAL/LA_E_8319260_segment_002.wav,LA_E_8319260.flac,0,REAL,LA_0020,test,ASVspoof2019_LA,ASVspoof2019.LA.cm.eval.trl.txt
processed/test/REAL/LA_E_8353060_segment_001.wav,LA_E_8353060.flac,0,REAL,LA_0035,test,ASVspoof2019_LA,ASVspoof2019.LA.cm.eval.trl.txt
processed/test/REAL/LA_E_8353060_segment_002.wav,LA_E_8353060.flac,0,REAL,LA_0035,test,ASVspoof2019_LA,ASVspoof2019.LA.cm.eval.trl.txt
processed/test/REAL/LA_E_8382259_segment_001.wav,LA_E_8382259.flac,0,REAL,LA_0020,test,ASVspoof2019_LA,ASVspoof2019.LA.cm.eval.trl.txt
processed/test/REAL/LA_E_8382259_segment_002.wav,LA_E_8382259.flac,0,REAL,LA_0020,test,ASVspoof2019_LA,ASVspoof2019.LA.cm.eval.trl.txt
processed/test/REAL/LA_E_8445080_segment_001.wav,LA_E_8445080.flac,0,REAL,LA_0063,test,ASVspoof2019_LA,ASVspoof2019.LA.cm.eval.trl.txt
processed/test/REAL/LA_E_8445080_segment_002.wav,LA_E_8445080.flac,0,REAL,LA_0063,test,ASVspoof2019_LA,ASVspoof2019.LA.cm.eval.trl.txt
processed/test/REAL/LA_E_8516535_segment_001.wav,LA_E_8516535.flac,0,REAL,LA_0012,test,ASVspoof2019_LA,ASVspoof2019.LA.cm.eval.trl.txt
processed/test/REAL/LA_E_8516535_segment_002.wav,LA_E_8516535.flac,0,REAL,LA_0012,test,ASVspoof2019_LA,ASVspoof2019.LA.cm.eval.trl.txt
processed/test/REAL/LA_E_8624167_segment_001.wav,LA_E_8624167.flac,0,REAL,LA_0034,test,ASVspoof2019_LA,ASVspoof2019.LA.cm.eval.trl.txt
processed/test/REAL/LA_E_8624167_segment_002.wav,LA_E_8624167.flac,0,REAL,LA_0034,test,ASVspoof2019_LA,ASVspoof2019.LA.cm.eval.trl.txt
processed/test/REAL/LA_E_8659902_segment_001.wav,LA_E_8659902.flac,0,REAL,LA_0031,test,ASVspoof2019_LA,ASVspoof2019.LA.cm.eval.trl.txt
processed/test/REAL/LA_E_8659902_segment_002.wav,LA_E_8659902.flac,0,REAL,LA_0031,test,ASVspoof2019_LA,ASVspoof2019.LA.cm.eval.trl.txt
processed/test/REAL/LA_E_8733829_segment_001.wav,LA_E_8733829.flac,0,REAL,LA_0017,test,ASVspoof2019_LA,ASVspoof2019.LA.cm.eval.trl.txt
processed/test/REAL/LA_E_8733829_segment_002.wav,LA_E_8733829.flac,0,REAL,LA_0017,test,ASVspoof2019_LA,ASVspoof2019.LA.cm.eval.trl.txt
processed/test/REAL/LA_E_8762411_segment_001.wav,LA_E_8762411.flac,0,REAL,LA_0017,test,ASVspoof2019_LA,ASVspoof2019.LA.cm.eval.trl.txt
processed/test/REAL/LA_E_8762411_segment_002.wav,LA_E_8762411.flac,0,REAL,LA_0017,test,ASVspoof2019_LA,ASVspoof2019.LA.cm.eval.trl.txt
processed/test/REAL/LA_E_9050668_segment_001.wav,LA_E_9050668.flac,0,REAL,LA_0059,test,ASVspoof2019_LA,ASVspoof2019.LA.cm.eval.trl.txt
processed/test/REAL/LA_E_9050668_segment_002.wav,LA_E_9050668.flac,0,REAL,LA_0059,test,ASVspoof2019_LA,ASVspoof2019.LA.cm.eval.trl.txt
processed/test/REAL/LA_E_9108302_segment_001.wav,LA_E_9108302.flac,0,REAL,LA_0004,test,ASVspoof2019_LA,ASVspoof2019.LA.cm.eval.trl.txt
processed/test/REAL/LA_E_9304032_segment_001.wav,LA_E_9304032.flac,0,REAL,LA_0030,test,ASVspoof2019_LA,ASVspoof2019.LA.cm.eval.trl.txt
processed/test/REAL/LA_E_9304032_segment_002.wav,LA_E_9304032.flac,0,REAL,LA_0030,test,ASVspoof2019_LA,ASVspoof2019.LA.cm.eval.trl.txt
processed/test/REAL/LA_E_9377546_segment_001.wav,LA_E_9377546.flac,0,REAL,LA_0018,test,ASVspoof2019_LA,ASVspoof2019.LA.cm.eval.trl.txt
processed/test/REAL/LA_E_9377546_segment_002.wav,LA_E_9377546.flac,0,REAL,LA_0018,test,ASVspoof2019_LA,ASVspoof2019.LA.cm.eval.trl.txt
processed/test/REAL/LA_E_9397715_segment_001.wav,LA_E_9397715.flac,0,REAL,LA_0058,test,ASVspoof2019_LA,ASVspoof2019.LA.cm.eval.trl.txt
processed/test/REAL/LA_E_9397715_segment_002.wav,LA_E_9397715.flac,0,REAL,LA_0058,test,ASVspoof2019_LA,ASVspoof2019.LA.cm.eval.trl.txt
processed/test/REAL/LA_E_9415862_segment_001.wav,LA_E_9415862.flac,0,REAL,LA_0014,test,ASVspoof2019_LA,ASVspoof2019.LA.cm.eval.trl.txt
processed/test/REAL/LA_E_9628842_segment_001.wav,LA_E_9628842.flac,0,REAL,LA_0020,test,ASVspoof2019_LA,ASVspoof2019.LA.cm.eval.trl.txt
processed/test/REAL/LA_E_9628842_segment_002.wav,LA_E_9628842.flac,0,REAL,LA_0020,test,ASVspoof2019_LA,ASVspoof2019.LA.cm.eval.trl.txt
processed/test/REAL/LA_E_9769304_segment_001.wav,LA_E_9769304.flac,0,REAL,LA_0033,test,ASVspoof2019_LA,ASVspoof2019.LA.cm.eval.trl.txt
processed/test/REAL/LA_E_9823009_segment_001.wav,LA_E_9823009.flac,0,REAL,LA_0026,test,ASVspoof2019_LA,ASVspoof2019.LA.cm.eval.trl.txt
processed/test/REAL/LA_E_9823009_segment_002.wav,LA_E_9823009.flac,0,REAL,LA_0026,test,ASVspoof2019_LA,ASVspoof2019.LA.cm.eval.trl.txt
processed/test/REAL/LA_E_9859405_segment_001.wav,LA_E_9859405.flac,0,REAL,LA_0045,test,ASVspoof2019_LA,ASVspoof2019.LA.cm.eval.trl.txt
processed/test/REAL/LA_E_9879743_segment_001.wav,LA_E_9879743.flac,0,REAL,LA_0039,test,ASVspoof2019_LA,ASVspoof2019.LA.cm.eval.trl.txt
processed/test/REAL/LA_E_9954768_segment_001.wav,LA_E_9954768.flac,0,REAL,LA_0049,test,ASVspoof2019_LA,ASVspoof2019.LA.cm.eval.trl.txt
processed/test/REAL/LA_E_9958197_segment_001.wav,LA_E_9958197.flac,0,REAL,LA_0029,test,ASVspoof2019_LA,ASVspoof2019.LA.cm.eval.trl.txt
processed/test/REAL/LA_E_9958197_segment_002.wav,LA_E_9958197.flac,0,REAL,LA_0029,test,ASVspoof2019_LA,ASVspoof2019.LA.cm.eval.trl.txt
processed/test/REAL/LA_E_9993329_segment_001.wav,LA_E_9993329.flac,0,REAL,LA_0014,test,ASVspoof2019_LA,ASVspoof2019.LA.cm.eval.trl.txt
